[2025-02-03 17:53:05.855926] [0x0000007f808d0010] [MocapTag] [0x00005f2f] [2] , Controller time [s], Mocap Position x [m], Mocap Position y [m], Mocap Position z [m], Mocap Quaternion q0 [-], Mocap Quaternion q1 [-], Mocap Quaternion q2 [-], Mocap Quaternion q3 [-], Mocap Velocity x [m/s], Mocap Velocity y [m/s], Mocap Velocity z [m/s], Mocap Angular velocity x [rad/s], Mocap Angular velocity y [rad/s], Mocap Angular velocity z [rad/s], 
[2025-02-03 17:53:05.860559] [0x0000007f5fea89a0] [MocapTag] [0x00005f2f] [3] , 0, -0.0307995, -0.203066, -0.149394, -0.999697, 0.00599753, 0.009945, 0.0216837, 0, 0, -0.00259881, 0, 0, 0, 
[2025-02-03 17:53:05.863374] [0x0000007f5fea89a0] [MocapTag] [0x00005f2f] [4] , 0.860438, -0.0307995, -0.203066, -0.149394, -0.999697, 0.00599753, 0.009945, 0.0216837, 0, 0, 0, 0, 0, 0, 
[2025-02-03 17:53:05.865525] [0x0000007f5fea89a0] [MocapTag] [0x00005f2f] [5] , 0.864304, -0.0308172, -0.203068, -0.149393, -0.999698, 0.00597057, 0.00994271, 0.0216703, 0, 0, 0, 0, 0, 0, 
[2025-02-03 17:53:05.869926] [0x0000007f5fea89a0] [MocapTag] [0x00005f2f] [6] , 0.864304, -0.0308172, -0.203068, -0.149393, -0.999698, 0.00597057, 0.00994271, 0.0216703, 0, 0, 0, 0, 0, 0, 
[2025-02-03 17:53:05.872708] [0x0000007f5fea89a0] [MocapTag] [0x00005f2f] [7] , 0.864304, -0.0308172, -0.203068, -0.149393, -0.999698, 0.00597057, 0.00994271, 0.0216703, 0, 0, 0, 0, 0, 0, 
[2025-02-03 17:53:05.875434] [0x0000007f5fea89a0] [MocapTag] [0x00005f2f] [8] , 0.874315, -0.0308039, -0.203071, -0.149403, -0.999698, 0.00596013, 0.00998779, 0.0216573, 0, 0, 0, 0, 0, 0, 
[2025-02-03 17:53:05.878242] [0x0000007f5fea89a0] [MocapTag] [0x00005f2f] [9] , 0.874315, -0.0308039, -0.203071, -0.149403, -0.999698, 0.00596013, 0.00998779, 0.0216573, 0, 0, 0, 0, 0, 0, 
[2025-02-03 17:53:05.883411] [0x0000007f5fea89a0] [MocapTag] [0x00005f2f] [10] , 0.874315, -0.0308039, -0.203071, -0.149403, -0.999698, 0.00596013, 0.00998779, 0.0216573, 0, 0, 0, 0, 0, 0, 
[2025-02-03 17:53:05.885346] [0x0000007f5fea89a0] [MocapTag] [0x00005f2f] [11] , 0.884306, -0.0308068, -0.20305, -0.149372, -0.999698, 0.00594873, 0.00995217, 0.0216714, 0, 0, 0, 0, 0, 0, 
[2025-02-03 17:53:05.888158] [0x0000007f5fea89a0] [MocapTag] [0x00005f2f] [12] , 0.884306, -0.0308068, -0.20305, -0.149372, -0.999698, 0.00594873, 0.00995217, 0.0216714, 0, 0.00210501, 0.00310531, 0, 0, 0, 
[2025-02-03 17:53:05.890770] [0x0000007f5fea89a0] [MocapTag] [0x00005f2f] [13] , 0.884306, -0.0308068, -0.20305, -0.149372, -0.999698, 0.00594873, 0.00995217, 0.0216714, 0, 0, 0, 0, 0, 0, 
[2025-02-03 17:53:05.893552] [0x0000007f5fea89a0] [MocapTag] [0x00005f2f] [14] , 0.884306, -0.0308091, -0.203044, -0.149354, -0.999697, 0.00595001, 0.00997616, 0.0216836, 0, 0, 0, 0, 0, 0, 
[2025-02-03 17:53:05.896248] [0x0000007f5fea89a0] [MocapTag] [0x00005f2f] [15] , 0.894302, -0.0308091, -0.203044, -0.149354, -0.999697, 0.00595001, 0.00997616, 0.0216836, 0, 0, 0, 0, 0, 0, 
[2025-02-03 17:53:05.898910] [0x0000007f5fea89a0] [MocapTag] [0x00005f2f] [16] , 0.894302, -0.0308091, -0.203044, -0.149354, -0.999697, 0.00595001, 0.00997616, 0.0216836, 0, 0, 0, 0, 0, 0, 
[2025-02-03 17:53:05.902363] [0x0000007f5fea89a0] [MocapTag] [0x00005f2f] [17] , 0.894302, -0.0308091, -0.203044, -0.149354, -0.999697, 0.00595001, 0.00997616, 0.0216836, 0, 0, 0, 0, 0, 0, 
[2025-02-03 17:53:05.904969] [0x0000007f5fea89a0] [MocapTag] [0x00005f2f] [18] , 0.904302, -0.0307248, -0.20308, -0.149492, -0.999691, 0.00627753, 0.0102359, 0.0217427, 0, 0, 0, 0, 0, 0, 
[2025-02-03 17:53:05.907758] [0x0000007f5fea89a0] [MocapTag] [0x00005f2f] [19] , 0.904302, -0.0307248, -0.20308, -0.149492, -0.999691, 0.00627753, 0.0102359, 0.0217427, 0.00843226, -0.00361553, -0.0138062, -0.0667334, 0.0504373, 0, 
[2025-02-03 17:53:05.910174] [0x0000007f5fea89a0] [MocapTag] [0x00005f2f] [20] , 0.904302, -0.0307248, -0.20308, -0.149492, -0.999691, 0.00627753, 0.0102359, 0.0217427, 0, 0, 0, 0, 0, 0, 
[2025-02-03 17:53:05.913136] [0x0000007f5fea89a0] [MocapTag] [0x00005f2f] [21] , 0.904302, -0.0307831, -0.203049, -0.149349, -0.999698, 0.00594618, 0.00995845, 0.0216793, 0, 0, 0, 0, 0, 0, 
[2025-02-03 17:53:05.917773] [0x0000007f5fea89a0] [MocapTag] [0x00005f2f] [22] , 0.914321, -0.0307831, -0.203049, -0.149349, -0.999698, 0.00594618, 0.00995845, 0.0216793, -0.00583373, 0.00304132, 0.0143772, 0.0675917, -0.0539575, 0, 
[2025-02-03 17:53:05.920392] [0x0000007f5fea89a0] [MocapTag] [0x00005f2f] [23] , 0.914321, -0.0307831, -0.203049, -0.149349, -0.999698, 0.00594618, 0.00995845, 0.0216793, 0, 0, 0, 0, 0, 0, 
[2025-02-03 17:53:05.923051] [0x0000007f5fea89a0] [MocapTag] [0x00005f2f] [24] , 0.914321, -0.0307931, -0.203039, -0.149336, -0.999699, 0.00592355, 0.00992456, 0.0216586, 0, 0, 0, 0, 0, 0, 
[2025-02-03 17:53:05.925899] [0x0000007f5fea89a0] [MocapTag] [0x00005f2f] [25] , 0.924323, -0.0307931, -0.203039, -0.149336, -0.999699, 0.00592355, 0.00992456, 0.0216586, 0, 0, 0, 0, 0, 0, 
[2025-02-03 17:53:05.929798] [0x0000007f5fea89a0] [MocapTag] [0x00005f2f] [26] , 0.924323, -0.0307931, -0.203039, -0.149336, -0.999699, 0.00592355, 0.00992456, 0.0216586, 0, 0, 0, 0, 0, 0, 
[2025-02-03 17:53:05.933757] [0x0000007f5fea89a0] [MocapTag] [0x00005f2f] [27] , 0.924323, -0.0307931, -0.203039, -0.149336, -0.999699, 0.00592355, 0.00992456, 0.0216586, 0, 0, 0, 0, 0, 0, 
[2025-02-03 17:53:05.935708] [0x0000007f5fea89a0] [MocapTag] [0x00005f2f] [28] , 0.934331, -0.0307873, -0.203035, -0.149338, -0.999698, 0.00592144, 0.00996691, 0.0216659, 0, 0, 0, 0, 0, 0, 
[2025-02-03 17:53:05.938735] [0x0000007f5fea89a0] [MocapTag] [0x00005f2f] [29] , 0.934331, -0.0307873, -0.203035, -0.149338, -0.999698, 0.00592144, 0.00996691, 0.0216659, 0, 0, 0, 0, 0, 0, 
[2025-02-03 17:53:05.941144] [0x0000007f5fea89a0] [MocapTag] [0x00005f2f] [30] , 0.934331, -0.0307873, -0.203035, -0.149338, -0.999698, 0.00592144, 0.00996691, 0.0216659, 0, 0, 0, 0, 0, 0, 
[2025-02-03 17:53:05.943879] [0x0000007f5fea89a0] [MocapTag] [0x00005f2f] [31] , 0.934331, -0.0307938, -0.203029, -0.149339, -0.999698, 0.00593111, 0.00996253, 0.0216462, 0, 0, 0, 0, 0, 0, 
[2025-02-03 17:53:05.949358] [0x0000007f5fea89a0] [MocapTag] [0x00005f2f] [32] , 0.944324, -0.0307938, -0.203029, -0.149339, -0.999698, 0.00593111, 0.00996253, 0.0216462, 0, 0, 0, 0, 0, 0, 
[2025-02-03 17:53:05.952439] [0x0000007f5fea89a0] [MocapTag] [0x00005f2f] [33] , 0.944324, -0.0307938, -0.203029, -0.149339, -0.999698, 0.00593111, 0.00996253, 0.0216462, 0, 0, 0, 0, 0, 0, 
[2025-02-03 17:53:05.952737] [0x0000007f5fea89a0] [MocapTag] [0x00005f2f] [34] , 0.944324, -0.0307938, -0.203029, -0.149339, -0.999698, 0.00593111, 0.00996253, 0.0216462, 0, 0, 0, 0, 0, 0, 
[2025-02-03 17:53:05.955110] [0x0000007f5fea89a0] [MocapTag] [0x00005f2f] [35] , 0.954321, -0.0307699, -0.203037, -0.14935, -0.999698, 0.0059576, 0.00996115, 0.0216645, 0, 0, 0, 0, 0, 0, 
[2025-02-03 17:53:05.958583] [0x0000007f5fea89a0] [MocapTag] [0x00005f2f] [36] , 0.954321, -0.0307699, -0.203037, -0.14935, -0.999698, 0.0059576, 0.00996115, 0.0216645, 0.00239155, 0, 0, 0, 0, 0, 
[2025-02-03 17:53:05.960693] [0x0000007f5fea89a0] [MocapTag] [0x00005f2f] [37] , 0.954321, -0.0307699, -0.203037, -0.14935, -0.999698, 0.0059576, 0.00996115, 0.0216645, 0, 0, 0, 0, 0, 0, 
[2025-02-03 17:53:05.965175] [0x0000007f5fea89a0] [MocapTag] [0x00005f2f] [38] , 0.964329, -0.0307889, -0.203037, -0.149349, -0.999698, 0.0059794, 0.00993405, 0.0216603, 0, 0, 0, 0, 0, 0, 
[2025-02-03 17:53:05.967936] [0x0000007f5fea89a0] [MocapTag] [0x00005f2f] [39] , 0.964329, -0.0307889, -0.203037, -0.149349, -0.999698, 0.0059794, 0.00993405, 0.0216603, 0, 0, 0, 0, 0, 0, 
[2025-02-03 17:53:05.970853] [0x0000007f5fea89a0] [MocapTag] [0x00005f2f] [40] , 0.964329, -0.0307889, -0.203037, -0.149349, -0.999698, 0.0059794, 0.00993405, 0.0216603, 0, 0, 0, 0, 0, 0, 
[2025-02-03 17:53:05.973420] [0x0000007f5fea89a0] [MocapTag] [0x00005f2f] [41] , 0.964329, -0.0307862, -0.203043, -0.149359, -0.999698, 0.00599655, 0.00999281, 0.0216434, 0, 0, 0, 0, 0, 0, 
[2025-02-03 17:53:05.976244] [0x0000007f5fea89a0] [MocapTag] [0x00005f2f] [42] , 0.974325, -0.0307862, -0.203043, -0.149359, -0.999698, 0.00599655, 0.00999281, 0.0216434, 0, 0, 0, 0, 0, 0, 
[2025-02-03 17:53:05.978790] [0x0000007f5fea89a0] [MocapTag] [0x00005f2f] [43] , 0.974325, -0.0307862, -0.203043, -0.149359, -0.999698, 0.00599655, 0.00999281, 0.0216434, 0, 0, 0, 0, 0, 0, 
[2025-02-03 17:53:05.982878] [0x0000007f5fea89a0] [MocapTag] [0x00005f2f] [44] , 0.974325, -0.0307862, -0.203043, -0.149359, -0.999698, 0.00599655, 0.00999281, 0.0216434, 0, 0, 0, 0, 0, 0, 
[2025-02-03 17:53:05.985568] [0x0000007f5fea89a0] [MocapTag] [0x00005f2f] [45] , 0.984322, -0.0308079, -0.203052, -0.149367, -0.999698, 0.00598611, 0.00997055, 0.0216378, 0, 0, 0, 0, 0, 0, 
[2025-02-03 17:53:05.988390] [0x0000007f5fea89a0] [MocapTag] [0x00005f2f] [46] , 0.984322, -0.0308079, -0.203052, -0.149367, -0.999698, 0.00598611, 0.00997055, 0.0216378, -0.00217048, 0, 0, 0, 0, 0, 
[2025-02-03 17:53:05.991155] [0x0000007f5fea89a0] [MocapTag] [0x00005f2f] [47] , 0.984322, -0.0308079, -0.203052, -0.149367, -0.999698, 0.00598611, 0.00997055, 0.0216378, 0, 0, 0, 0, 0, 0, 
[2025-02-03 17:53:05.994284] [0x0000007f5fea89a0] [MocapTag] [0x00005f2f] [48] , 0.984322, -0.0308048, -0.203045, -0.149353, -0.999698, 0.00597257, 0.00993747, 0.0216544, 0, 0, 0, 0, 0, 0, 
[2025-02-03 17:53:05.998138] [0x0000007f5fea89a0] [MocapTag] [0x00005f2f] [49] , 0.994324, -0.0308048, -0.203045, -0.149353, -0.999698, 0.00597257, 0.00993747, 0.0216544, 0, 0, 0, 0, 0, 0, 
[2025-02-03 17:53:06.004150] [0x0000007f5fea89a0] [MocapTag] [0x00005f2f] [50] , 0.994324, -0.0308048, -0.203045, -0.149353, -0.999698, 0.00597257, 0.00993747, 0.0216544, 0, 0, 0, 0, 0, 0, 
[2025-02-03 17:53:06.004721] [0x0000007f5fea89a0] [MocapTag] [0x00005f2f] [51] , 1.00433, -0.0307773, -0.203055, -0.14936, -0.999699, 0.00599638, 0.00992491, 0.0216376, 0, 0, 0, 0, 0, 0, 
[2025-02-03 17:53:06.006924] [0x0000007f5fea89a0] [MocapTag] [0x00005f2f] [52] , 1.00433, -0.0307773, -0.203055, -0.14936, -0.999699, 0.00599638, 0.00992491, 0.0216376, 0.00275069, 0, 0, 0, 0, 0, 
[2025-02-03 17:53:06.008889] [0x0000007f5fea89a0] [MocapTag] [0x00005f2f] [53] , 1.00433, -0.0307773, -0.203055, -0.14936, -0.999699, 0.00599638, 0.00992491, 0.0216376, 0, 0, 0, 0, 0, 0, 
[2025-02-03 17:53:06.013685] [0x0000007f5fea89a0] [MocapTag] [0x00005f2f] [54] , 1.00433, -0.0307773, -0.203055, -0.14936, -0.999699, 0.00599638, 0.00992491, 0.0216376, 0, 0, 0, 0, 0, 0, 
[2025-02-03 17:53:06.016395] [0x0000007f5fea89a0] [MocapTag] [0x00005f2f] [55] , 1.01432, -0.0307804, -0.203035, -0.14933, -0.999699, 0.00594855, 0.0099037, 0.0216344, 0, 0, 0, 0, 0, 0, 
[2025-02-03 17:53:06.019923] [0x0000007f5fea89a0] [MocapTag] [0x00005f2f] [56] , 1.01432, -0.0307804, -0.203035, -0.14933, -0.999699, 0.00594855, 0.0099037, 0.0216344, 0, 0.00203171, 0.00292045, 0, 0, 0, 
[2025-02-03 17:53:06.022750] [0x0000007f5fea89a0] [MocapTag] [0x00005f2f] [57] , 1.01432, -0.0307804, -0.203035, -0.14933, -0.999699, 0.00594855, 0.0099037, 0.0216344, 0, 0, 0, 0, 0, 0, 
[2025-02-03 17:53:06.024570] [0x0000007f5fea89a0] [MocapTag] [0x00005f2f] [58] , 1.02433, -0.030787, -0.20304, -0.149338, -0.999699, 0.00595165, 0.00990474, 0.0216216, 0, 0, 0, 0, 0, 0, 
[2025-02-03 17:53:06.030660] [0x0000007f5fea89a0] [MocapTag] [0x00005f2f] [59] , 1.02433, -0.030787, -0.20304, -0.149338, -0.999699, 0.00595165, 0.00990474, 0.0216216, 0, 0, 0, 0, 0, 0, 
[2025-02-03 17:53:06.032199] [0x0000007f5fea89a0] [MocapTag] [0x00005f2f] [60] , 1.02433, -0.030787, -0.20304, -0.149338, -0.999699, 0.00595165, 0.00990474, 0.0216216, 0, 0, 0, 0, 0, 0, 
[2025-02-03 17:53:06.035680] [0x0000007f5fea89a0] [MocapTag] [0x00005f2f] [61] , 1.03433, -0.0307929, -0.20305, -0.149345, -0.999699, 0.00594851, 0.00996904, 0.0216325, 0, 0, 0, 0, 0, 0, 
[2025-02-03 17:53:06.037423] [0x0000007f5fea89a0] [MocapTag] [0x00005f2f] [62] , 1.03433, -0.0307929, -0.20305, -0.149345, -0.999699, 0.00594851, 0.00996904, 0.0216325, 0, 0, 0, 0, 0, 0, 
[2025-02-03 17:53:06.039908] [0x0000007f5fea89a0] [MocapTag] [0x00005f2f] [63] , 1.03433, -0.0307929, -0.20305, -0.149345, -0.999699, 0.00594851, 0.00996904, 0.0216325, 0, 0, 0, 0, 0, 0, 
[2025-02-03 17:53:06.042871] [0x0000007f5fea89a0] [MocapTag] [0x00005f2f] [64] , 1.03433, -0.0307929, -0.20305, -0.149345, -0.999699, 0.00594851, 0.00996904, 0.0216325, 0, 0, 0, 0, 0, 0, 
[2025-02-03 17:53:06.047209] [0x0000007f5fea89a0] [MocapTag] [0x00005f2f] [65] , 1.04432, -0.0307909, -0.203057, -0.149357, -0.999699, 0.0059292, 0.00995115, 0.0216447, 0, 0, 0, 0, 0, 0, 
[2025-02-03 17:53:06.051437] [0x0000007f5fea89a0] [MocapTag] [0x00005f2f] [66] , 1.04432, -0.0307909, -0.203057, -0.149357, -0.999699, 0.0059292, 0.00995115, 0.0216447, 0, 0, 0, 0, 0, 0, 
[2025-02-03 17:53:06.052834] [0x0000007f5fea89a0] [MocapTag] [0x00005f2f] [67] , 1.04432, -0.0307909, -0.203057, -0.149357, -0.999699, 0.0059292, 0.00995115, 0.0216447, 0, 0, 0, 0, 0, 0, 
[2025-02-03 17:53:06.055449] [0x0000007f5fea89a0] [MocapTag] [0x00005f2f] [68] , 1.05432, -0.0307786, -0.203059, -0.149356, -0.999698, 0.00592161, 0.00992825, 0.0216685, 0, 0, 0, 0, 0, 0, 
[2025-02-03 17:53:06.058453] [0x0000007f5fea89a0] [MocapTag] [0x00005f2f] [69] , 1.05432, -0.0307786, -0.203059, -0.149356, -0.999698, 0.00592161, 0.00992825, 0.0216685, 0, 0, 0, 0, 0, 0, 
[2025-02-03 17:53:06.061723] [0x0000007f5fea89a0] [MocapTag] [0x00005f2f] [70] , 1.05432, -0.0307786, -0.203059, -0.149356, -0.999698, 0.00592161, 0.00992825, 0.0216685, 0, 0, 0, 0, 0, 0, 
[2025-02-03 17:53:06.064417] [0x0000007f5fea89a0] [MocapTag] [0x00005f2f] [71] , 1.05432, -0.0307802, -0.203057, -0.149357, -0.999698, 0.00592253, 0.00994076, 0.0216606, 0, 0, 0, 0, 0, 0, 
[2025-02-03 17:53:06.067249] [0x0000007f5fea89a0] [MocapTag] [0x00005f2f] [72] , 1.06432, -0.0307802, -0.203057, -0.149357, -0.999698, 0.00592253, 0.00994076, 0.0216606, 0, 0, 0, 0, 0, 0, 
[2025-02-03 17:53:06.069877] [0x0000007f5fea89a0] [MocapTag] [0x00005f2f] [73] , 1.06432, -0.0307802, -0.203057, -0.149357, -0.999698, 0.00592253, 0.00994076, 0.0216606, 0, 0, 0, 0, 0, 0, 
[2025-02-03 17:53:06.072709] [0x0000007f5fea89a0] [MocapTag] [0x00005f2f] [74] , 1.06432, -0.0307802, -0.203057, -0.149357, -0.999698, 0.00592253, 0.00994076, 0.0216606, 0, 0, 0, 0, 0, 0, 
[2025-02-03 17:53:06.076801] [0x0000007f5fea89a0] [MocapTag] [0x00005f2f] [75] , 1.07432, -0.0307915, -0.203037, -0.149346, -0.999698, 0.00593401, 0.00999085, 0.0216653, 0, 0, 0, 0, 0, 0, 
[2025-02-03 17:53:06.079616] [0x0000007f5fea89a0] [MocapTag] [0x00005f2f] [76] , 1.07432, -0.0307915, -0.203037, -0.149346, -0.999698, 0.00593401, 0.00999085, 0.0216653, 0, 0, 0, 0, 0, 0, 
[2025-02-03 17:53:06.082287] [0x0000007f5fea89a0] [MocapTag] [0x00005f2f] [77] , 1.07432, -0.0307915, -0.203037, -0.149346, -0.999698, 0.00593401, 0.00999085, 0.0216653, 0, 0, 0, 0, 0, 0, 
[2025-02-03 17:53:06.084975] [0x0000007f5fea89a0] [MocapTag] [0x00005f2f] [78] , 1.08432, -0.0307929, -0.203057, -0.14937, -0.999697, 0.00597212, 0.0100071, 0.0216659, 0, 0, 0, 0, 0, 0, 
[2025-02-03 17:53:06.087809] [0x0000007f5fea89a0] [MocapTag] [0x00005f2f] [79] , 1.08432, -0.0307929, -0.203057, -0.14937, -0.999697, 0.00597212, 0.0100071, 0.0216659, 0, 0, -0.00243949, 0, 0, 0, 
[2025-02-03 17:53:06.092423] [0x0000007f5fea89a0] [MocapTag] [0x00005f2f] [80] , 1.08432, -0.0307929, -0.203057, -0.14937, -0.999697, 0.00597212, 0.0100071, 0.0216659, 0, 0, 0, 0, 0, 0, 
[2025-02-03 17:53:06.094998] [0x0000007f5fea89a0] [MocapTag] [0x00005f2f] [81] , 1.09431, -0.0307912, -0.203045, -0.149348, -0.999698, 0.00593457, 0.0099846, 0.0216761, 0, 0, 0, 0, 0, 0, 
[2025-02-03 17:53:06.097804] [0x0000007f5fea89a0] [MocapTag] [0x00005f2f] [82] , 1.09431, -0.0307912, -0.203045, -0.149348, -0.999698, 0.00593457, 0.0099846, 0.0216761, 0, 0, 0.00219876, 0, 0, 0, 
[2025-02-03 17:53:06.100324] [0x0000007f5fea89a0] [MocapTag] [0x00005f2f] [83] , 1.09431, -0.0307912, -0.203045, -0.149348, -0.999698, 0.00593457, 0.0099846, 0.0216761, 0, 0, 0, 0, 0, 0, 
[2025-02-03 17:53:06.102914] [0x0000007f5fea89a0] [MocapTag] [0x00005f2f] [84] , 1.09431, -0.0307933, -0.203042, -0.149356, -0.999697, 0.00596471, 0.00998786, 0.0216834, 0, 0, 0, 0, 0, 0, 
[2025-02-03 17:53:06.107676] [0x0000007f5fea89a0] [MocapTag] [0x00005f2f] [85] , 1.10431, -0.0307933, -0.203042, -0.149356, -0.999697, 0.00596471, 0.00998786, 0.0216834, 0, 0, 0, 0, 0, 0, 
[2025-02-03 17:53:06.110256] [0x0000007f5fea89a0] [MocapTag] [0x00005f2f] [86] , 1.10431, -0.0307933, -0.203042, -0.149356, -0.999697, 0.00596471, 0.00998786, 0.0216834, 0, 0, 0, 0, 0, 0, 
[2025-02-03 17:53:06.114133] [0x0000007f5fea89a0] [MocapTag] [0x00005f2f] [87] , 1.10431, -0.0307933, -0.203042, -0.149356, -0.999697, 0.00596471, 0.00998786, 0.0216834, 0, 0, 0, 0, 0, 0, 
[2025-02-03 17:53:06.115386] [0x0000007f5fea89a0] [MocapTag] [0x00005f2f] [88] , 1.11431, -0.0307982, -0.203039, -0.149355, -0.999698, 0.0059266, 0.00995154, 0.0216735, 0, 0, 0, 0, 0, 0, 
[2025-02-03 17:53:06.118449] [0x0000007f5fea89a0] [MocapTag] [0x00005f2f] [89] , 1.11431, -0.0307982, -0.203039, -0.149355, -0.999698, 0.0059266, 0.00995154, 0.0216735, 0, 0, 0, 0, 0, 0, 
[2025-02-03 17:53:06.122536] [0x0000007f5fea89a0] [MocapTag] [0x00005f2f] [90] , 1.11431, -0.0307982, -0.203039, -0.149355, -0.999698, 0.0059266, 0.00995154, 0.0216735, 0, 0, 0, 0, 0, 0, 
[2025-02-03 17:53:06.125412] [0x0000007f5fea89a0] [MocapTag] [0x00005f2f] [91] , 1.12426, -0.0308088, -0.203036, -0.149347, -0.999698, 0.00598774, 0.00990861, 0.0216681, 0, 0, 0, 0, 0, 0, 
[2025-02-03 17:53:06.128062] [0x0000007f5fea89a0] [MocapTag] [0x00005f2f] [92] , 1.12426, -0.0308088, -0.203036, -0.149347, -0.999698, 0.00598774, 0.00990861, 0.0216681, 0, 0, 0, 0, 0, 0, 
[2025-02-03 17:53:06.130781] [0x0000007f5fea89a0] [MocapTag] [0x00005f2f] [93] , 1.12426, -0.0308088, -0.203036, -0.149347, -0.999698, 0.00598774, 0.00990861, 0.0216681, 0, 0, 0, 0, 0, 0, 
[2025-02-03 17:53:06.134886] [0x0000007f5fea89a0] [MocapTag] [0x00005f2f] [94] , 1.13434, -0.0308013, -0.203029, -0.149343, -0.999698, 0.00595028, 0.00992506, 0.0216756, 0, 0, 0, 0, 0, 0, 
[2025-02-03 17:53:06.138005] [0x0000007f5fea89a0] [MocapTag] [0x00005f2f] [95] , 1.13434, -0.0308013, -0.203029, -0.149343, -0.999698, 0.00595028, 0.00992506, 0.0216756, 0, 0, 0, 0, 0, 0, 
[2025-02-03 17:53:06.140546] [0x0000007f5fea89a0] [MocapTag] [0x00005f2f] [96] , 1.13434, -0.0308013, -0.203029, -0.149343, -0.999698, 0.00595028, 0.00992506, 0.0216756, 0, 0, 0, 0, 0, 0, 
[2025-02-03 17:53:06.143064] [0x0000007f5fea89a0] [MocapTag] [0x00005f2f] [97] , 1.13434, -0.0307903, -0.203039, -0.149346, -0.999698, 0.00591911, 0.00991705, 0.0216819, 0, 0, 0, 0, 0, 0, 
[2025-02-03 17:53:06.145866] [0x0000007f5fea89a0] [MocapTag] [0x00005f2f] [98] , 1.14431, -0.0307903, -0.203039, -0.149346, -0.999698, 0.00591911, 0.00991705, 0.0216819, 0, 0, 0, 0, 0, 0, 
[2025-02-03 17:53:06.148313] [0x0000007f5fea89a0] [MocapTag] [0x00005f2f] [99] , 1.14431, -0.0307903, -0.203039, -0.149346, -0.999698, 0.00591911, 0.00991705, 0.0216819, 0, 0, 0, 0, 0, 0, 
[2025-02-03 17:53:06.153852] [0x0000007f5fea89a0] [MocapTag] [0x00005f2f] [100] , 1.14431, -0.0307903, -0.203039, -0.149346, -0.999698, 0.00591911, 0.00991705, 0.0216819, 0, 0, 0, 0, 0, 0, 
[2025-02-03 17:53:06.155398] [0x0000007f5fea89a0] [MocapTag] [0x00005f2f] [101] , 1.1543, -0.0308011, -0.203042, -0.149344, -0.999698, 0.00593867, 0.00990795, 0.0216742, 0, 0, 0, 0, 0, 0, 
[2025-02-03 17:53:06.158142] [0x0000007f5fea89a0] [MocapTag] [0x00005f2f] [102] , 1.1543, -0.0308011, -0.203042, -0.149344, -0.999698, 0.00593867, 0.00990795, 0.0216742, 0, 0, 0, 0, 0, 0, 
[2025-02-03 17:53:06.160900] [0x0000007f5fea89a0] [MocapTag] [0x00005f2f] [103] , 1.1543, -0.0308011, -0.203042, -0.149344, -0.999698, 0.00593867, 0.00990795, 0.0216742, 0, 0, 0, 0, 0, 0, 
[2025-02-03 17:53:06.163681] [0x0000007f5fea89a0] [MocapTag] [0x00005f2f] [104] , 1.1543, -0.0307849, -0.203041, -0.149339, -0.999699, 0.00591187, 0.00990397, 0.0216688, 0, 0, 0, 0, 0, 0, 
[2025-02-03 17:53:06.167983] [0x0000007f5fea89a0] [MocapTag] [0x00005f2f] [105] , 1.16432, -0.0307849, -0.203041, -0.149339, -0.999699, 0.00591187, 0.00990397, 0.0216688, 0, 0, 0, 0, 0, 0, 
[2025-02-03 17:53:06.170661] [0x0000007f5fea89a0] [MocapTag] [0x00005f2f] [106] , 1.16432, -0.0307849, -0.203041, -0.149339, -0.999699, 0.00591187, 0.00990397, 0.0216688, 0, 0, 0, 0, 0, 0, 
[2025-02-03 17:53:06.173290] [0x0000007f5fea89a0] [MocapTag] [0x00005f2f] [107] , 1.16432, -0.030772, -0.20305, -0.149343, -0.999699, 0.00591831, 0.00991342, 0.0216579, 0, 0, 0, 0, 0, 0, 
[2025-02-03 17:53:06.176191] [0x0000007f5fea89a0] [MocapTag] [0x00005f2f] [108] , 1.17432, -0.030772, -0.20305, -0.149343, -0.999699, 0.00591831, 0.00991342, 0.0216579, 0, 0, 0, 0, 0, 0, 
[2025-02-03 17:53:06.178604] [0x0000007f5fea89a0] [MocapTag] [0x00005f2f] [109] , 1.17432, -0.030772, -0.20305, -0.149343, -0.999699, 0.00591831, 0.00991342, 0.0216579, 0, 0, 0, 0, 0, 0, 
[2025-02-03 17:53:06.183052] [0x0000007f5fea89a0] [MocapTag] [0x00005f2f] [110] , 1.17432, -0.030772, -0.20305, -0.149343, -0.999699, 0.00591831, 0.00991342, 0.0216579, 0, 0, 0, 0, 0, 0, 
[2025-02-03 17:53:06.185675] [0x0000007f5fea89a0] [MocapTag] [0x00005f2f] [111] , 1.1843, -0.0307759, -0.203058, -0.149355, -0.999699, 0.00591151, 0.00988759, 0.0216541, 0, 0, 0, 0, 0, 0, 
[2025-02-03 17:53:06.188476] [0x0000007f5fea89a0] [MocapTag] [0x00005f2f] [112] , 1.1843, -0.0307759, -0.203058, -0.149355, -0.999699, 0.00591151, 0.00988759, 0.0216541, 0, 0, 0, 0, 0, 0, 
[2025-02-03 17:53:06.191175] [0x0000007f5fea89a0] [MocapTag] [0x00005f2f] [113] , 1.1843, -0.0307759, -0.203058, -0.149355, -0.999699, 0.00591151, 0.00988759, 0.0216541, 0, 0, 0, 0, 0, 0, 
[2025-02-03 17:53:06.194041] [0x0000007f5fea89a0] [MocapTag] [0x00005f2f] [114] , 1.1843, -0.0307763, -0.203051, -0.149354, -0.999699, 0.00591574, 0.00991676, 0.0216639, 0, 0, 0, 0, 0, 0, 
[2025-02-03 17:53:06.197038] [0x0000007f5fea89a0] [MocapTag] [0x00005f2f] [115] , 1.19435, -0.0307763, -0.203051, -0.149354, -0.999699, 0.00591574, 0.00991676, 0.0216639, 0, 0, 0, 0, 0, 0, 
[2025-02-03 17:53:06.200953] [0x0000007f5fea89a0] [MocapTag] [0x00005f2f] [116] , 1.19435, -0.0307763, -0.203051, -0.149354, -0.999699, 0.00591574, 0.00991676, 0.0216639, 0, 0, 0, 0, 0, 0, 
[2025-02-03 17:53:06.203039] [0x0000007f5fea89a0] [MocapTag] [0x00005f2f] [117] , 1.19435, -0.0307763, -0.203051, -0.149354, -0.999699, 0.00591574, 0.00991676, 0.0216639, 0, 0, 0, 0, 0, 0, 
[2025-02-03 17:53:06.205955] [0x0000007f5fea89a0] [MocapTag] [0x00005f2f] [118] , 1.20436, -0.0307875, -0.203039, -0.149358, -0.999699, 0.00591878, 0.00994094, 0.0216561, 0, 0, 0, 0, 0, 0, 
[2025-02-03 17:53:06.208566] [0x0000007f5fea89a0] [MocapTag] [0x00005f2f] [119] , 1.20436, -0.0307875, -0.203039, -0.149358, -0.999699, 0.00591878, 0.00994094, 0.0216561, 0, 0, 0, 0, 0, 0, 
[2025-02-03 17:53:06.211439] [0x0000007f5fea89a0] [MocapTag] [0x00005f2f] [120] , 1.20436, -0.0307875, -0.203039, -0.149358, -0.999699, 0.00591878, 0.00994094, 0.0216561, 0, 0, 0, 0, 0, 0, 
[2025-02-03 17:53:06.215638] [0x0000007f5fea89a0] [MocapTag] [0x00005f2f] [121] , 1.21438, -0.0307953, -0.203027, -0.149345, -0.999699, 0.0059373, 0.00992026, 0.0216308, 0, 0, 0, 0, 0, 0, 
[2025-02-03 17:53:06.218030] [0x0000007f5fea89a0] [MocapTag] [0x00005f2f] [122] , 1.21438, -0.0307953, -0.203027, -0.149345, -0.999699, 0.0059373, 0.00992026, 0.0216308, 0, 0, 0, 0, 0, 0, 
[2025-02-03 17:53:06.220550] [0x0000007f5fea89a0] [MocapTag] [0x00005f2f] [123] , 1.21438, -0.0307953, -0.203027, -0.149345, -0.999699, 0.0059373, 0.00992026, 0.0216308, 0, 0, 0, 0, 0, 0, 
[2025-02-03 17:53:06.223357] [0x0000007f5fea89a0] [MocapTag] [0x00005f2f] [124] , 1.21438, -0.0308022, -0.203029, -0.149363, -0.999699, 0.00594911, 0.00991233, 0.0216261, 0, 0, 0, 0, 0, 0, 
[2025-02-03 17:53:06.226045] [0x0000007f5fea89a0] [MocapTag] [0x00005f2f] [125] , 1.22436, -0.0308022, -0.203029, -0.149363, -0.999699, 0.00594911, 0.00991233, 0.0216261, 0, 0, 0, 0, 0, 0, 
[2025-02-03 17:53:06.230665] [0x0000007f5fea89a0] [MocapTag] [0x00005f2f] [126] , 1.22436, -0.0308022, -0.203029, -0.149363, -0.999699, 0.00594911, 0.00991233, 0.0216261, 0, 0, 0, 0, 0, 0, 
[2025-02-03 17:53:06.234475] [0x0000007f5fea89a0] [MocapTag] [0x00005f2f] [127] , 1.22436, -0.0307992, -0.203033, -0.149367, -0.999699, 0.00593257, 0.00993214, 0.0216308, 0, 0, 0, 0, 0, 0, 
[2025-02-03 17:53:06.236273] [0x0000007f5fea89a0] [MocapTag] [0x00005f2f] [128] , 1.23438, -0.0307992, -0.203033, -0.149367, -0.999699, 0.00593257, 0.00993214, 0.0216308, 0, 0, 0, 0, 0, 0, 
[2025-02-03 17:53:06.239092] [0x0000007f5fea89a0] [MocapTag] [0x00005f2f] [129] , 1.23438, -0.0307992, -0.203033, -0.149367, -0.999699, 0.00593257, 0.00993214, 0.0216308, 0, 0, 0, 0, 0, 0, 
[2025-02-03 17:53:06.242001] [0x0000007f5fea89a0] [MocapTag] [0x00005f2f] [130] , 1.23438, -0.0307992, -0.203033, -0.149367, -0.999699, 0.00593257, 0.00993214, 0.0216308, 0, 0, 0, 0, 0, 0, 
[2025-02-03 17:53:06.245774] [0x0000007f5fea89a0] [MocapTag] [0x00005f2f] [131] , 1.24435, -0.0307993, -0.203044, -0.149367, -0.999699, 0.00596183, 0.00996211, 0.0216249, 0, 0, 0, 0, 0, 0, 
[2025-02-03 17:53:06.248783] [0x0000007f5fea89a0] [MocapTag] [0x00005f2f] [132] , 1.24435, -0.0307993, -0.203044, -0.149367, -0.999699, 0.00596183, 0.00996211, 0.0216249, 0, 0, 0, 0, 0, 0, 
[2025-02-03 17:53:06.251316] [0x0000007f5fea89a0] [MocapTag] [0x00005f2f] [133] , 1.24435, -0.0307993, -0.203044, -0.149367, -0.999699, 0.00596183, 0.00996211, 0.0216249, 0, 0, 0, 0, 0, 0, 
[2025-02-03 17:53:06.256151] [0x0000007f5fea89a0] [MocapTag] [0x00005f2f] [134] , 1.25432, -0.0307973, -0.203051, -0.149362, -0.999698, 0.00596522, 0.00998932, 0.0216444, 0, 0, 0, 0, 0, 0, 
[2025-02-03 17:53:06.256793] [0x0000007f5fea89a0] [MocapTag] [0x00005f2f] [135] , 1.25432, -0.0307973, -0.203051, -0.149362, -0.999698, 0.00596522, 0.00998932, 0.0216444, 0, 0, 0, 0, 0, 0, 
[2025-02-03 17:53:06.261667] [0x0000007f5fea89a0] [MocapTag] [0x00005f2f] [136] , 1.25432, -0.0307973, -0.203051, -0.149362, -0.999698, 0.00596522, 0.00998932, 0.0216444, 0, 0, 0, 0, 0, 0, 
[2025-02-03 17:53:06.263942] [0x0000007f5fea89a0] [MocapTag] [0x00005f2f] [137] , 1.25432, -0.0308012, -0.20305, -0.149349, -0.999698, 0.00596116, 0.0099833, 0.0216469, 0, 0, 0, 0, 0, 0, 
[2025-02-03 17:53:06.266948] [0x0000007f5fea89a0] [MocapTag] [0x00005f2f] [138] , 1.26432, -0.0308012, -0.20305, -0.149349, -0.999698, 0.00596116, 0.0099833, 0.0216469, 0, 0, 0, 0, 0, 0, 
[2025-02-03 17:53:06.269631] [0x0000007f5fea89a0] [MocapTag] [0x00005f2f] [139] , 1.26432, -0.0308012, -0.20305, -0.149349, -0.999698, 0.00596116, 0.0099833, 0.0216469, 0, 0, 0, 0, 0, 0, 
[2025-02-03 17:53:06.272470] [0x0000007f5fea89a0] [MocapTag] [0x00005f2f] [140] , 1.26432, -0.0308012, -0.20305, -0.149349, -0.999698, 0.00596116, 0.0099833, 0.0216469, 0, 0, 0, 0, 0, 0, 
[2025-02-03 17:53:06.276659] [0x0000007f5fea89a0] [MocapTag] [0x00005f2f] [141] , 1.27432, -0.0308062, -0.20305, -0.149331, -0.999698, 0.0059503, 0.0100151, 0.0216373, 0, 0, 0, 0, 0, 0, 
[2025-02-03 17:53:06.281704] [0x0000007f5fea89a0] [MocapTag] [0x00005f2f] [142] , 1.27432, -0.0308062, -0.20305, -0.149331, -0.999698, 0.0059503, 0.0100151, 0.0216373, 0, 0, 0, 0, 0, 0, 
[2025-02-03 17:53:06.282573] [0x0000007f5fea89a0] [MocapTag] [0x00005f2f] [143] , 1.27432, -0.0308062, -0.20305, -0.149331, -0.999698, 0.0059503, 0.0100151, 0.0216373, 0, 0, 0, 0, 0, 0, 
[2025-02-03 17:53:06.289063] [0x0000007f5fea89a0] [MocapTag] [0x00005f2f] [144] , 1.28431, -0.0307985, -0.203048, -0.14932, -0.999698, 0.00594795, 0.00996774, 0.0216598, 0, 0, 0, 0, 0, 0, 
[2025-02-03 17:53:06.290807] [0x0000007f5fea89a0] [MocapTag] [0x00005f2f] [145] , 1.28431, -0.0307985, -0.203048, -0.14932, -0.999698, 0.00594795, 0.00996774, 0.0216598, 0, 0, 0, 0, 0, 0, 
[2025-02-03 17:53:06.293415] [0x0000007f5fea89a0] [MocapTag] [0x00005f2f] [146] , 1.28431, -0.0307985, -0.203048, -0.14932, -0.999698, 0.00594795, 0.00996774, 0.0216598, 0, 0, 0, 0, 0, 0, 
[2025-02-03 17:53:06.295097] [0x0000007f5fea89a0] [MocapTag] [0x00005f2f] [147] , 1.2943, -0.030782, -0.203048, -0.149327, -0.999698, 0.00592889, 0.0099767, 0.0216487, 0, 0, 0, 0, 0, 0, 
[2025-02-03 17:53:06.298043] [0x0000007f5fea89a0] [MocapTag] [0x00005f2f] [148] , 1.2943, -0.030782, -0.203048, -0.149327, -0.999698, 0.00592889, 0.0099767, 0.0216487, 0, 0, 0, 0, 0, 0, 
[2025-02-03 17:53:06.300443] [0x0000007f5fea89a0] [MocapTag] [0x00005f2f] [149] , 1.2943, -0.030782, -0.203048, -0.149327, -0.999698, 0.00592889, 0.0099767, 0.0216487, 0, 0, 0, 0, 0, 0, 
[2025-02-03 17:53:06.303541] [0x0000007f5fea89a0] [MocapTag] [0x00005f2f] [150] , 1.2943, -0.0307859, -0.20304, -0.149329, -0.999698, 0.00595615, 0.0100003, 0.0216497, 0, 0, 0, 0, 0, 0, 
[2025-02-03 17:53:06.305953] [0x0000007f5fea89a0] [MocapTag] [0x00005f2f] [151] , 1.3043, -0.0307859, -0.20304, -0.149329, -0.999698, 0.00595615, 0.0100003, 0.0216497, 0, 0, 0, 0, 0, 0, 
[2025-02-03 17:53:06.311167] [0x0000007f5fea89a0] [MocapTag] [0x00005f2f] [152] , 1.3043, -0.0307859, -0.20304, -0.149329, -0.999698, 0.00595615, 0.0100003, 0.0216497, 0, 0, 0, 0, 0, 0, 
[2025-02-03 17:53:06.311835] [0x0000007f5fea89a0] [MocapTag] [0x00005f2f] [153] , 1.3043, -0.0307859, -0.20304, -0.149329, -0.999698, 0.00595615, 0.0100003, 0.0216497, 0, 0, 0, 0, 0, 0, 
[2025-02-03 17:53:06.314547] [0x0000007f5fea89a0] [MocapTag] [0x00005f2f] [154] , 1.3143, -0.0307903, -0.203033, -0.149339, -0.999698, 0.00598058, 0.00998371, 0.0216512, 0, 0, 0, 0, 0, 0, 
[2025-02-03 17:53:06.317574] [0x0000007f5fea89a0] [MocapTag] [0x00005f2f] [155] , 1.3143, -0.0307903, -0.203033, -0.149339, -0.999698, 0.00598058, 0.00998371, 0.0216512, 0, 0, 0, 0, 0, 0, 
[2025-02-03 17:53:06.319975] [0x0000007f5fea89a0] [MocapTag] [0x00005f2f] [156] , 1.3143, -0.0307903, -0.203033, -0.149339, -0.999698, 0.00598058, 0.00998371, 0.0216512, 0, 0, 0, 0, 0, 0, 
[2025-02-03 17:53:06.325927] [0x0000007f5fea89a0] [MocapTag] [0x00005f2f] [157] , 1.32429, -0.0307903, -0.203033, -0.149339, -0.999698, 0.00598058, 0.00998371, 0.0216512, 0, 0, 0, 0, 0, 0, 
[2025-02-03 17:53:06.326929] [0x0000007f5fea89a0] [MocapTag] [0x00005f2f] [158] , 1.32429, -0.0308029, -0.20303, -0.149339, -0.999698, 0.00596752, 0.00994531, 0.0216539, 0, 0, 0, 0, 0, 0, 
[2025-02-03 17:53:06.329783] [0x0000007f5fea89a0] [MocapTag] [0x00005f2f] [159] , 1.32429, -0.0308029, -0.20303, -0.149339, -0.999698, 0.00596752, 0.00994531, 0.0216539, 0, 0, 0, 0, 0, 0, 
[2025-02-03 17:53:06.333295] [0x0000007f5fea89a0] [MocapTag] [0x00005f2f] [160] , 1.32429, -0.0308029, -0.20303, -0.149339, -0.999698, 0.00596752, 0.00994531, 0.0216539, 0, 0, 0, 0, 0, 0, 
[2025-02-03 17:53:06.335131] [0x0000007f5fea89a0] [MocapTag] [0x00005f2f] [161] , 1.3343, -0.0308066, -0.203029, -0.149351, -0.999698, 0.00598, 0.00995666, 0.0216507, 0, 0, 0, 0, 0, 0, 
[2025-02-03 17:53:06.340175] [0x0000007f5fea89a0] [MocapTag] [0x00005f2f] [162] , 1.3343, -0.0308066, -0.203029, -0.149351, -0.999698, 0.00598, 0.00995666, 0.0216507, 0, 0, 0, 0, 0, 0, 
[2025-02-03 17:53:06.342326] [0x0000007f5fea89a0] [MocapTag] [0x00005f2f] [163] , 1.3343, -0.0308066, -0.203029, -0.149351, -0.999698, 0.00598, 0.00995666, 0.0216507, 0, 0, 0, 0, 0, 0, 
[2025-02-03 17:53:06.345122] [0x0000007f5fea89a0] [MocapTag] [0x00005f2f] [164] , 1.3443, -0.0308029, -0.203036, -0.149362, -0.999698, 0.00597186, 0.00994297, 0.0216558, 0, 0, 0, 0, 0, 0, 
[2025-02-03 17:53:06.348040] [0x0000007f5fea89a0] [MocapTag] [0x00005f2f] [165] , 1.3443, -0.0308029, -0.203036, -0.149362, -0.999698, 0.00597186, 0.00994297, 0.0216558, 0, 0, 0, 0, 0, 0, 
[2025-02-03 17:53:06.350785] [0x0000007f5fea89a0] [MocapTag] [0x00005f2f] [166] , 1.3443, -0.0308029, -0.203036, -0.149362, -0.999698, 0.00597186, 0.00994297, 0.0216558, 0, 0, 0, 0, 0, 0, 
[2025-02-03 17:53:06.353202] [0x0000007f5fea89a0] [MocapTag] [0x00005f2f] [167] , 1.3443, -0.0308034, -0.203042, -0.149362, -0.999698, 0.00596872, 0.00994688, 0.0216594, 0, 0, 0, 0, 0, 0, 
[2025-02-03 17:53:06.358824] [0x0000007f5fea89a0] [MocapTag] [0x00005f2f] [168] , 1.35431, -0.0308034, -0.203042, -0.149362, -0.999698, 0.00596872, 0.00994688, 0.0216594, 0, 0, 0, 0, 0, 0, 
[2025-02-03 17:53:06.359671] [0x0000007f5fea89a0] [MocapTag] [0x00005f2f] [169] , 1.35431, -0.0308034, -0.203042, -0.149362, -0.999698, 0.00596872, 0.00994688, 0.0216594, 0, 0, 0, 0, 0, 0, 
[2025-02-03 17:53:06.362364] [0x0000007f5fea89a0] [MocapTag] [0x00005f2f] [170] , 1.35431, -0.0308034, -0.203042, -0.149362, -0.999698, 0.00596872, 0.00994688, 0.0216594, 0, 0, 0, 0, 0, 0, 
[2025-02-03 17:53:06.365101] [0x0000007f5fea89a0] [MocapTag] [0x00005f2f] [171] , 1.3643, -0.0307961, -0.203064, -0.149372, -0.999698, 0.00594097, 0.00993197, 0.0216598, 0, 0, 0, 0, 0, 0, 
[2025-02-03 17:53:06.367920] [0x0000007f5fea89a0] [MocapTag] [0x00005f2f] [172] , 1.3643, -0.0307961, -0.203064, -0.149372, -0.999698, 0.00594097, 0.00993197, 0.0216598, 0, -0.00216431, 0, 0, 0, 0, 
[2025-02-03 17:53:06.372344] [0x0000007f5fea89a0] [MocapTag] [0x00005f2f] [173] , 1.3643, -0.0307961, -0.203064, -0.149372, -0.999698, 0.00594097, 0.00993197, 0.0216598, 0, 0, 0, 0, 0, 0, 
[2025-02-03 17:53:06.374862] [0x0000007f5fea89a0] [MocapTag] [0x00005f2f] [174] , 1.37431, -0.0307967, -0.203067, -0.149373, -0.999698, 0.00593535, 0.00992641, 0.0216628, 0, 0, 0, 0, 0, 0, 
[2025-02-03 17:53:06.377766] [0x0000007f5fea89a0] [MocapTag] [0x00005f2f] [175] , 1.37431, -0.0307967, -0.203067, -0.149373, -0.999698, 0.00593535, 0.00992641, 0.0216628, 0, 0, 0, 0, 0, 0, 
[2025-02-03 17:53:06.380397] [0x0000007f5fea89a0] [MocapTag] [0x00005f2f] [176] , 1.37431, -0.0307967, -0.203067, -0.149373, -0.999698, 0.00593535, 0.00992641, 0.0216628, 0, 0, 0, 0, 0, 0, 
[2025-02-03 17:53:06.383125] [0x0000007f5fea89a0] [MocapTag] [0x00005f2f] [177] , 1.37431, -0.0308, -0.203062, -0.149371, -0.999699, 0.00592981, 0.00991768, 0.0216654, 0, 0, 0, 0, 0, 0, 
[2025-02-03 17:53:06.387894] [0x0000007f5fea89a0] [MocapTag] [0x00005f2f] [178] , 1.38432, -0.0308, -0.203062, -0.149371, -0.999699, 0.00592981, 0.00991768, 0.0216654, 0, 0, 0, 0, 0, 0, 
[2025-02-03 17:53:06.390089] [0x0000007f5fea89a0] [MocapTag] [0x00005f2f] [179] , 1.38432, -0.0308, -0.203062, -0.149371, -0.999699, 0.00592981, 0.00991768, 0.0216654, 0, 0, 0, 0, 0, 0, 
[2025-02-03 17:53:06.392541] [0x0000007f5fea89a0] [MocapTag] [0x00005f2f] [180] , 1.38432, -0.0308, -0.203062, -0.149371, -0.999699, 0.00592981, 0.00991768, 0.0216654, 0, 0, 0, 0, 0, 0, 
[2025-02-03 17:53:06.395099] [0x0000007f5fea89a0] [MocapTag] [0x00005f2f] [181] , 1.39433, -0.0308008, -0.203039, -0.14936, -0.999698, 0.00592457, 0.00995181, 0.0216614, 0, 0, 0, 0, 0, 0, 
[2025-02-03 17:53:06.397751] [0x0000007f5fea89a0] [MocapTag] [0x00005f2f] [182] , 1.39433, -0.0308008, -0.203039, -0.14936, -0.999698, 0.00592457, 0.00995181, 0.0216614, 0, 0.00228276, 0, 0, 0, 0, 
[2025-02-03 17:53:06.400187] [0x0000007f5fea89a0] [MocapTag] [0x00005f2f] [183] , 1.39433, -0.0308008, -0.203039, -0.14936, -0.999698, 0.00592457, 0.00995181, 0.0216614, 0, 0, 0, 0, 0, 0, 
[2025-02-03 17:53:06.405178] [0x0000007f5fea89a0] [MocapTag] [0x00005f2f] [184] , 1.40432, -0.0308008, -0.203039, -0.14936, -0.999698, 0.00592457, 0.00995181, 0.0216614, 0, 0, 0, 0, 0, 0, 
[2025-02-03 17:53:06.407846] [0x0000007f5fea89a0] [MocapTag] [0x00005f2f] [185] , 1.40432, -0.0307921, -0.20302, -0.149351, -0.999698, 0.00593109, 0.00995515, 0.0216514, 0, 0, 0, 0, 0, 0, 
[2025-02-03 17:53:06.411120] [0x0000007f5fea89a0] [MocapTag] [0x00005f2f] [186] , 1.40432, -0.0307921, -0.20302, -0.149351, -0.999698, 0.00593109, 0.00995515, 0.0216514, 0, 0, 0, 0, 0, 0, 
[2025-02-03 17:53:06.413928] [0x0000007f5fea89a0] [MocapTag] [0x00005f2f] [187] , 1.40432, -0.0307958, -0.203001, -0.149331, -0.999699, 0.00590923, 0.00993669, 0.0216355, 0, 0, 0, 0, 0, 0, 
[2025-02-03 17:53:06.416256] [0x0000007f5fea89a0] [MocapTag] [0x00005f2f] [188] , 1.41433, -0.0307958, -0.203001, -0.149331, -0.999699, 0.00590923, 0.00993669, 0.0216355, 0, 0, 0, 0, 0, 0, 
[2025-02-03 17:53:06.421259] [0x0000007f5fea89a0] [MocapTag] [0x00005f2f] [189] , 1.41433, -0.0307958, -0.203001, -0.149331, -0.999699, 0.00590923, 0.00993669, 0.0216355, 0, 0, 0, 0, 0, 0, 
[2025-02-03 17:53:06.423827] [0x0000007f5fea89a0] [MocapTag] [0x00005f2f] [190] , 1.41433, -0.0307941, -0.203001, -0.149327, -0.999698, 0.00595343, 0.00995777, 0.0216427, 0, 0, 0, 0, 0, 0, 
[2025-02-03 17:53:06.426587] [0x0000007f5fea89a0] [MocapTag] [0x00005f2f] [191] , 1.42433, -0.0307941, -0.203001, -0.149327, -0.999698, 0.00595343, 0.00995777, 0.0216427, 0, 0, 0, 0, 0, 0, 
[2025-02-03 17:53:06.429249] [0x0000007f5fea89a0] [MocapTag] [0x00005f2f] [192] , 1.42433, -0.0307941, -0.203001, -0.149327, -0.999698, 0.00595343, 0.00995777, 0.0216427, 0, 0, 0, 0, 0, 0, 
[2025-02-03 17:53:06.431966] [0x0000007f5fea89a0] [MocapTag] [0x00005f2f] [193] , 1.42433, -0.0307941, -0.203001, -0.149327, -0.999698, 0.00595343, 0.00995777, 0.0216427, 0, 0, 0, 0, 0, 0, 
[2025-02-03 17:53:06.436406] [0x0000007f5fea89a0] [MocapTag] [0x00005f2f] [194] , 1.43432, -0.0308087, -0.203011, -0.149324, -0.999699, 0.00596847, 0.00995408, 0.0216382, 0, 0, 0, 0, 0, 0, 
[2025-02-03 17:53:06.439201] [0x0000007f5fea89a0] [MocapTag] [0x00005f2f] [195] , 1.43432, -0.0308087, -0.203011, -0.149324, -0.999699, 0.00596847, 0.00995408, 0.0216382, 0, 0, 0, 0, 0, 0, 
[2025-02-03 17:53:06.442151] [0x0000007f5fea89a0] [MocapTag] [0x00005f2f] [196] , 1.43432, -0.0308087, -0.203011, -0.149324, -0.999699, 0.00596847, 0.00995408, 0.0216382, 0, 0, 0, 0, 0, 0, 
[2025-02-03 17:53:06.444780] [0x0000007f5fea89a0] [MocapTag] [0x00005f2f] [197] , 1.44433, -0.0307983, -0.203022, -0.149333, -0.999698, 0.0059626, 0.00996196, 0.0216446, 0, 0, 0, 0, 0, 0, 
[2025-02-03 17:53:06.447576] [0x0000007f5fea89a0] [MocapTag] [0x00005f2f] [198] , 1.44433, -0.0307983, -0.203022, -0.149333, -0.999698, 0.0059626, 0.00996196, 0.0216446, 0, 0, 0, 0, 0, 0, 
[2025-02-03 17:53:06.453674] [0x0000007f5fea89a0] [MocapTag] [0x00005f2f] [199] , 1.44433, -0.0307983, -0.203022, -0.149333, -0.999698, 0.0059626, 0.00996196, 0.0216446, 0, 0, 0, 0, 0, 0, 
[2025-02-03 17:53:06.454582] [0x0000007f5fea89a0] [MocapTag] [0x00005f2f] [200] , 1.45434, -0.030799, -0.203035, -0.149333, -0.999698, 0.00595922, 0.00997497, 0.0216381, 0, 0, 0, 0, 0, 0, 
[2025-02-03 17:53:06.457896] [0x0000007f5fea89a0] [MocapTag] [0x00005f2f] [201] , 1.45434, -0.030799, -0.203035, -0.149333, -0.999698, 0.00595922, 0.00997497, 0.0216381, 0, 0, 0, 0, 0, 0, 
[2025-02-03 17:53:06.460939] [0x0000007f5fea89a0] [MocapTag] [0x00005f2f] [202] , 1.45434, -0.030799, -0.203035, -0.149333, -0.999698, 0.00595922, 0.00997497, 0.0216381, 0, 0, 0, 0, 0, 0, 
[2025-02-03 17:53:06.462525] [0x0000007f5fea89a0] [MocapTag] [0x00005f2f] [203] , 1.45434, -0.030799, -0.203035, -0.149333, -0.999698, 0.00595922, 0.00997497, 0.0216381, 0, 0, 0, 0, 0, 0, 
[2025-02-03 17:53:06.465432] [0x0000007f5fea89a0] [MocapTag] [0x00005f2f] [204] , 1.46433, -0.0307978, -0.203049, -0.149347, -0.999698, 0.00596824, 0.00998694, 0.0216406, 0, 0, 0, 0, 0, 0, 
[2025-02-03 17:53:06.468849] [0x0000007f5fea89a0] [MocapTag] [0x00005f2f] [205] , 1.46433, -0.0307978, -0.203049, -0.149347, -0.999698, 0.00596824, 0.00998694, 0.0216406, 0, 0, 0, 0, 0, 0, 
[2025-02-03 17:53:06.471986] [0x0000007f5fea89a0] [MocapTag] [0x00005f2f] [206] , 1.46433, -0.0307978, -0.203049, -0.149347, -0.999698, 0.00596824, 0.00998694, 0.0216406, 0, 0, 0, 0, 0, 0, 
[2025-02-03 17:53:06.474068] [0x0000007f5fea89a0] [MocapTag] [0x00005f2f] [207] , 1.46433, -0.0308002, -0.203043, -0.149333, -0.999699, 0.00595142, 0.00991309, 0.0216407, 0, 0, 0, 0, 0, 0, 
[2025-02-03 17:53:06.476914] [0x0000007f5fea89a0] [MocapTag] [0x00005f2f] [208] , 1.47433, -0.0308002, -0.203043, -0.149333, -0.999699, 0.00595142, 0.00991309, 0.0216407, 0, 0, 0, 0, 0, 0, 
[2025-02-03 17:53:06.479461] [0x0000007f5fea89a0] [MocapTag] [0x00005f2f] [209] , 1.47433, -0.0308002, -0.203043, -0.149333, -0.999699, 0.00595142, 0.00991309, 0.0216407, 0, 0, 0, 0, 0, 0, 
[2025-02-03 17:53:06.483796] [0x0000007f5fea89a0] [MocapTag] [0x00005f2f] [210] , 1.47433, -0.0308002, -0.203043, -0.149333, -0.999699, 0.00595142, 0.00991309, 0.0216407, 0, 0, 0, 0, 0, 0, 
[2025-02-03 17:53:06.486650] [0x0000007f5fea89a0] [MocapTag] [0x00005f2f] [211] , 1.48433, -0.0307951, -0.203038, -0.149348, -0.999699, 0.0059453, 0.00990454, 0.0216543, 0, 0, 0, 0, 0, 0, 
[2025-02-03 17:53:06.489424] [0x0000007f5fea89a0] [MocapTag] [0x00005f2f] [212] , 1.48433, -0.0307951, -0.203038, -0.149348, -0.999699, 0.0059453, 0.00990454, 0.0216543, 0, 0, 0, 0, 0, 0, 
[2025-02-03 17:53:06.492251] [0x0000007f5fea89a0] [MocapTag] [0x00005f2f] [213] , 1.48433, -0.0307951, -0.203038, -0.149348, -0.999699, 0.0059453, 0.00990454, 0.0216543, 0, 0, 0, 0, 0, 0, 
[2025-02-03 17:53:06.494716] [0x0000007f5fea89a0] [MocapTag] [0x00005f2f] [214] , 1.49433, -0.0307897, -0.203031, -0.149349, -0.999699, 0.00593391, 0.00990601, 0.0216547, 0, 0, 0, 0, 0, 0, 
[2025-02-03 17:53:06.499385] [0x0000007f5fea89a0] [MocapTag] [0x00005f2f] [215] , 1.49433, -0.0307897, -0.203031, -0.149349, -0.999699, 0.00593391, 0.00990601, 0.0216547, 0, 0, 0, 0, 0, 0, 
[2025-02-03 17:53:06.502264] [0x0000007f5fea89a0] [MocapTag] [0x00005f2f] [216] , 1.49433, -0.0307897, -0.203031, -0.149349, -0.999699, 0.00593391, 0.00990601, 0.0216547, 0, 0, 0, 0, 0, 0, 
[2025-02-03 17:53:06.504835] [0x0000007f5fea89a0] [MocapTag] [0x00005f2f] [217] , 1.50432, -0.0307845, -0.203029, -0.149353, -0.999699, 0.00591034, 0.00989762, 0.0216488, 0, 0, 0, 0, 0, 0, 
[2025-02-03 17:53:06.508050] [0x0000007f5fea89a0] [MocapTag] [0x00005f2f] [218] , 1.50432, -0.0307845, -0.203029, -0.149353, -0.999699, 0.00591034, 0.00989762, 0.0216488, 0, 0, 0, 0, 0, 0, 
[2025-02-03 17:53:06.510394] [0x0000007f5fea89a0] [MocapTag] [0x00005f2f] [219] , 1.50432, -0.0307845, -0.203029, -0.149353, -0.999699, 0.00591034, 0.00989762, 0.0216488, 0, 0, 0, 0, 0, 0, 
[2025-02-03 17:53:06.513608] [0x0000007f5fea89a0] [MocapTag] [0x00005f2f] [220] , 1.50432, -0.0307909, -0.203035, -0.149347, -0.999699, 0.00593075, 0.00988254, 0.0216436, 0, 0, 0, 0, 0, 0, 
[2025-02-03 17:53:06.516939] [0x0000007f5fea89a0] [MocapTag] [0x00005f2f] [221] , 1.51431, -0.0307909, -0.203035, -0.149347, -0.999699, 0.00593075, 0.00988254, 0.0216436, 0, 0, 0, 0, 0, 0, 
[2025-02-03 17:53:06.519146] [0x0000007f5fea89a0] [MocapTag] [0x00005f2f] [222] , 1.51431, -0.0307909, -0.203035, -0.149347, -0.999699, 0.00593075, 0.00988254, 0.0216436, 0, 0, 0, 0, 0, 0, 
[2025-02-03 17:53:06.522131] [0x0000007f5fea89a0] [MocapTag] [0x00005f2f] [223] , 1.51431, -0.0307909, -0.203035, -0.149347, -0.999699, 0.00593075, 0.00988254, 0.0216436, 0, 0, 0, 0, 0, 0, 
[2025-02-03 17:53:06.524745] [0x0000007f5fea89a0] [MocapTag] [0x00005f2f] [224] , 1.52432, -0.0307963, -0.203038, -0.14934, -0.999699, 0.00591931, 0.00989273, 0.0216477, 0, 0, 0, 0, 0, 0, 
[2025-02-03 17:53:06.527785] [0x0000007f5fea89a0] [MocapTag] [0x00005f2f] [225] , 1.52432, -0.0307963, -0.203038, -0.14934, -0.999699, 0.00591931, 0.00989273, 0.0216477, 0, 0, 0, 0, 0, 0, 
[2025-02-03 17:53:06.532051] [0x0000007f5fea89a0] [MocapTag] [0x00005f2f] [226] , 1.52432, -0.0307963, -0.203038, -0.14934, -0.999699, 0.00591931, 0.00989273, 0.0216477, 0, 0, 0, 0, 0, 0, 
[2025-02-03 17:53:06.534515] [0x0000007f5fea89a0] [MocapTag] [0x00005f2f] [227] , 1.53434, -0.0308087, -0.203036, -0.149335, -0.999699, 0.00594342, 0.00991477, 0.0216612, 0, 0, 0, 0, 0, 0, 
[2025-02-03 17:53:06.537458] [0x0000007f5fea89a0] [MocapTag] [0x00005f2f] [228] , 1.53434, -0.0308087, -0.203036, -0.149335, -0.999699, 0.00594342, 0.00991477, 0.0216612, 0, 0, 0, 0, 0, 0, 
[2025-02-03 17:53:06.542140] [0x0000007f5fea89a0] [MocapTag] [0x00005f2f] [229] , 1.53434, -0.0308087, -0.203036, -0.149335, -0.999699, 0.00594342, 0.00991477, 0.0216612, 0, 0, 0, 0, 0, 0, 
[2025-02-03 17:53:06.542529] [0x0000007f5fea89a0] [MocapTag] [0x00005f2f] [230] , 1.53434, -0.0308087, -0.203036, -0.149335, -0.999699, 0.00594342, 0.00991477, 0.0216612, 0, 0, 0, 0, 0, 0, 
[2025-02-03 17:53:06.545179] [0x0000007f5fea89a0] [MocapTag] [0x00005f2f] [231] , 1.54433, -0.0308129, -0.203036, -0.149327, -0.999699, 0.00594433, 0.00993321, 0.0216495, 0, 0, 0, 0, 0, 0, 
[2025-02-03 17:53:06.548337] [0x0000007f5fea89a0] [MocapTag] [0x00005f2f] [232] , 1.54433, -0.0308129, -0.203036, -0.149327, -0.999699, 0.00594433, 0.00993321, 0.0216495, 0, 0, 0, 0, 0, 0, 
[2025-02-03 17:53:06.551180] [0x0000007f5fea89a0] [MocapTag] [0x00005f2f] [233] , 1.54433, -0.0308129, -0.203036, -0.149327, -0.999699, 0.00594433, 0.00993321, 0.0216495, 0, 0, 0, 0, 0, 0, 
[2025-02-03 17:53:06.553845] [0x0000007f5fea89a0] [MocapTag] [0x00005f2f] [234] , 1.54433, -0.0308128, -0.203049, -0.149338, -0.999699, 0.00594431, 0.00993026, 0.0216528, 0, 0, 0, 0, 0, 0, 
[2025-02-03 17:53:06.557896] [0x0000007f5fea89a0] [MocapTag] [0x00005f2f] [235] , 1.55432, -0.0308128, -0.203049, -0.149338, -0.999699, 0.00594431, 0.00993026, 0.0216528, 0, 0, 0, 0, 0, 0, 
[2025-02-03 17:53:06.559685] [0x0000007f5fea89a0] [MocapTag] [0x00005f2f] [236] , 1.55432, -0.0308128, -0.203049, -0.149338, -0.999699, 0.00594431, 0.00993026, 0.0216528, 0, 0, 0, 0, 0, 0, 
[2025-02-03 17:53:06.564397] [0x0000007f5fea89a0] [MocapTag] [0x00005f2f] [237] , 1.55432, -0.0308128, -0.203049, -0.149338, -0.999699, 0.00594431, 0.00993026, 0.0216528, 0, 0, 0, 0, 0, 0, 
[2025-02-03 17:53:06.568715] [0x0000007f5fea89a0] [MocapTag] [0x00005f2f] [238] , 1.56433, -0.0308164, -0.203058, -0.149347, -0.999698, 0.00595044, 0.00996221, 0.0216568, 0, 0, 0, 0, 0, 0, 
[2025-02-03 17:53:06.569669] [0x0000007f5fea89a0] [MocapTag] [0x00005f2f] [239] , 1.56433, -0.0308164, -0.203058, -0.149347, -0.999698, 0.00595044, 0.00996221, 0.0216568, 0, 0, 0, 0, 0, 0, 
[2025-02-03 17:53:06.572981] [0x0000007f5fea89a0] [MocapTag] [0x00005f2f] [240] , 1.56433, -0.0308164, -0.203058, -0.149347, -0.999698, 0.00595044, 0.00996221, 0.0216568, 0, 0, 0, 0, 0, 0, 
[2025-02-03 17:53:06.574861] [0x0000007f5fea89a0] [MocapTag] [0x00005f2f] [241] , 1.57432, -0.0307437, -0.203096, -0.149502, -0.999692, 0.0062921, 0.0102688, 0.0217204, 0, 0, 0, 0, 0, 0, 
[2025-02-03 17:53:06.579768] [0x0000007f5fea89a0] [MocapTag] [0x00005f2f] [242] , 1.57432, -0.0307437, -0.203096, -0.149502, -0.999692, 0.0062921, 0.0102688, 0.0217204, 0.00726669, -0.00384594, -0.015503, -0.069809, 0.059728, 0, 
[2025-02-03 17:53:06.585934] [0x0000007f5fea89a0] [MocapTag] [0x00005f2f] [243] , 1.58432, -0.0307437, -0.203096, -0.149502, -0.999692, 0.0062921, 0.0102688, 0.0217204, 0, 0, 0, 0, 0, 0, 
[2025-02-03 17:53:06.586231] [0x0000007f5fea89a0] [MocapTag] [0x00005f2f] [244] , 1.58432, -0.0308093, -0.203057, -0.149358, -0.999698, 0.00594769, 0.00997604, 0.0216377, 0, 0, 0, 0, 0, 0, 
[2025-02-03 17:53:06.589512] [0x0000007f5fea89a0] [MocapTag] [0x00005f2f] [245] , 1.58432, -0.0308093, -0.203057, -0.149358, -0.999698, 0.00594769, 0.00997604, 0.0216377, -0.00656192, 0.00386866, 0.0144069, 0.0703335, -0.0569284, 0, 
[2025-02-03 17:53:06.590546] [0x0000007f5fea89a0] [MocapTag] [0x00005f2f] [246] , 1.58432, -0.0308093, -0.203057, -0.149358, -0.999698, 0.00594769, 0.00997604, 0.0216377, 0, 0, 0, 0, 0, 0, 
[2025-02-03 17:53:06.598667] [0x0000007f5fea89a0] [MocapTag] [0x00005f2f] [247] , 1.59433, -0.0308034, -0.20305, -0.149359, -0.999698, 0.00593584, 0.0100023, 0.0216432, 0, 0, 0, 0, 0, 0, 
[2025-02-03 17:53:06.602138] [0x0000007f5fea89a0] [MocapTag] [0x00005f2f] [248] , 1.59433, -0.0308034, -0.20305, -0.149359, -0.999698, 0.00593584, 0.0100023, 0.0216432, 0, 0, 0, 0, 0, 0, 
[2025-02-03 17:53:06.602672] [0x0000007f5fea89a0] [MocapTag] [0x00005f2f] [249] , 1.59433, -0.0308034, -0.20305, -0.149359, -0.999698, 0.00593584, 0.0100023, 0.0216432, 0, 0, 0, 0, 0, 0, 
[2025-02-03 17:53:06.603389] [0x0000007f5fea89a0] [MocapTag] [0x00005f2f] [250] , 1.59433, -0.0308035, -0.203042, -0.149354, -0.999699, 0.00593776, 0.00995696, 0.0216431, 0, 0, 0, 0, 0, 0, 
[2025-02-03 17:53:06.611908] [0x0000007f5fea89a0] [MocapTag] [0x00005f2f] [251] , 1.60433, -0.0308035, -0.203042, -0.149354, -0.999699, 0.00593776, 0.00995696, 0.0216431, 0, 0, 0, 0, 0, 0, 
[2025-02-03 17:53:06.612223] [0x0000007f5fea89a0] [MocapTag] [0x00005f2f] [252] , 1.60433, -0.0308035, -0.203042, -0.149354, -0.999699, 0.00593776, 0.00995696, 0.0216431, 0, 0, 0, 0, 0, 0, 
[2025-02-03 17:53:06.612644] [0x0000007f5fea89a0] [MocapTag] [0x00005f2f] [253] , 1.60433, -0.0308035, -0.203042, -0.149354, -0.999699, 0.00593776, 0.00995696, 0.0216431, 0, 0, 0, 0, 0, 0, 
[2025-02-03 17:53:06.616146] [0x0000007f5fea89a0] [MocapTag] [0x00005f2f] [254] , 1.61433, -0.0308076, -0.203022, -0.149337, -0.999698, 0.00593497, 0.00996346, 0.0216514, 0, 0, 0, 0, 0, 0, 
[2025-02-03 17:53:06.618322] [0x0000007f5fea89a0] [MocapTag] [0x00005f2f] [255] , 1.61433, -0.0308076, -0.203022, -0.149337, -0.999698, 0.00593497, 0.00996346, 0.0216514, 0, 0, 0, 0, 0, 0, 
[2025-02-03 17:53:06.621126] [0x0000007f5fea89a0] [MocapTag] [0x00005f2f] [256] , 1.61433, -0.0308076, -0.203022, -0.149337, -0.999698, 0.00593497, 0.00996346, 0.0216514, 0, 0, 0, 0, 0, 0, 
[2025-02-03 17:53:06.623703] [0x0000007f5fea89a0] [MocapTag] [0x00005f2f] [257] , 1.61433, -0.0308119, -0.203023, -0.149336, -0.999699, 0.00595678, 0.00995475, 0.0216377, 0, 0, 0, 0, 0, 0, 
[2025-02-03 17:53:06.628548] [0x0000007f5fea89a0] [MocapTag] [0x00005f2f] [258] , 1.62433, -0.0308119, -0.203023, -0.149336, -0.999699, 0.00595678, 0.00995475, 0.0216377, 0, 0, 0, 0, 0, 0, 
[2025-02-03 17:53:06.631445] [0x0000007f5fea89a0] [MocapTag] [0x00005f2f] [259] , 1.62433, -0.0308119, -0.203023, -0.149336, -0.999699, 0.00595678, 0.00995475, 0.0216377, 0, 0, 0, 0, 0, 0, 
[2025-02-03 17:53:06.634043] [0x0000007f5fea89a0] [MocapTag] [0x00005f2f] [260] , 1.62433, -0.0308112, -0.203039, -0.149345, -0.999698, 0.00596143, 0.00996828, 0.0216359, 0, 0, 0, 0, 0, 0, 
[2025-02-03 17:53:06.637155] [0x0000007f5fea89a0] [MocapTag] [0x00005f2f] [261] , 1.63433, -0.0308112, -0.203039, -0.149345, -0.999698, 0.00596143, 0.00996828, 0.0216359, 0, 0, 0, 0, 0, 0, 
[2025-02-03 17:53:06.640635] [0x0000007f5fea89a0] [MocapTag] [0x00005f2f] [262] , 1.63433, -0.0308112, -0.203039, -0.149345, -0.999698, 0.00596143, 0.00996828, 0.0216359, 0, 0, 0, 0, 0, 0, 
[2025-02-03 17:53:06.644530] [0x0000007f5fea89a0] [MocapTag] [0x00005f2f] [263] , 1.64434, -0.0308112, -0.203039, -0.149345, -0.999698, 0.00596143, 0.00996828, 0.0216359, 0, 0, 0, 0, 0, 0, 
[2025-02-03 17:53:06.647081] [0x0000007f5fea89a0] [MocapTag] [0x00005f2f] [264] , 1.64434, -0.0308077, -0.203046, -0.149351, -0.999699, 0.00593625, 0.00995328, 0.0216427, 0, 0, 0, 0, 0, 0, 
[2025-02-03 17:53:06.650028] [0x0000007f5fea89a0] [MocapTag] [0x00005f2f] [265] , 1.64434, -0.0308077, -0.203046, -0.149351, -0.999699, 0.00593625, 0.00995328, 0.0216427, 0, 0, 0, 0, 0, 0, 
[2025-02-03 17:53:06.652816] [0x0000007f5fea89a0] [MocapTag] [0x00005f2f] [266] , 1.64434, -0.0308077, -0.203046, -0.149351, -0.999699, 0.00593625, 0.00995328, 0.0216427, 0, 0, 0, 0, 0, 0, 
[2025-02-03 17:53:06.655492] [0x0000007f5fea89a0] [MocapTag] [0x00005f2f] [267] , 1.65433, -0.0308088, -0.203037, -0.149338, -0.999698, 0.00594552, 0.00995515, 0.0216502, 0, 0, 0, 0, 0, 0, 
[2025-02-03 17:53:06.660038] [0x0000007f5fea89a0] [MocapTag] [0x00005f2f] [268] , 1.65433, -0.0308088, -0.203037, -0.149338, -0.999698, 0.00594552, 0.00995515, 0.0216502, 0, 0, 0, 0, 0, 0, 
[2025-02-03 17:53:06.663075] [0x0000007f5fea89a0] [MocapTag] [0x00005f2f] [269] , 1.65433, -0.0308088, -0.203037, -0.149338, -0.999698, 0.00594552, 0.00995515, 0.0216502, 0, 0, 0, 0, 0, 0, 
[2025-02-03 17:53:06.666684] [0x0000007f5fea89a0] [MocapTag] [0x00005f2f] [270] , 1.66433, -0.0308108, -0.203032, -0.149329, -0.999699, 0.00592713, 0.00992846, 0.0216539, 0, 0, 0, 0, 0, 0, 
[2025-02-03 17:53:06.668171] [0x0000007f5fea89a0] [MocapTag] [0x00005f2f] [271] , 1.66433, -0.0308108, -0.203032, -0.149329, -0.999699, 0.00592713, 0.00992846, 0.0216539, 0, 0, 0, 0, 0, 0, 
[2025-02-03 17:53:06.671021] [0x0000007f5fea89a0] [MocapTag] [0x00005f2f] [272] , 1.66433, -0.0308108, -0.203032, -0.149329, -0.999699, 0.00592713, 0.00992846, 0.0216539, 0, 0, 0, 0, 0, 0, 
[2025-02-03 17:53:06.675598] [0x0000007f5fea89a0] [MocapTag] [0x00005f2f] [273] , 1.67432, -0.0308075, -0.203027, -0.149328, -0.999698, 0.00594861, 0.00996946, 0.0216529, 0, 0, 0, 0, 0, 0, 
[2025-02-03 17:53:06.678450] [0x0000007f5fea89a0] [MocapTag] [0x00005f2f] [274] , 1.67432, -0.0308075, -0.203027, -0.149328, -0.999698, 0.00594861, 0.00996946, 0.0216529, 0, 0, 0, 0, 0, 0, 
[2025-02-03 17:53:06.681200] [0x0000007f5fea89a0] [MocapTag] [0x00005f2f] [275] , 1.67432, -0.0308075, -0.203027, -0.149328, -0.999698, 0.00594861, 0.00996946, 0.0216529, 0, 0, 0, 0, 0, 0, 
[2025-02-03 17:53:06.684652] [0x0000007f5fea89a0] [MocapTag] [0x00005f2f] [276] , 1.68433, -0.0308112, -0.203029, -0.149333, -0.999699, 0.00593428, 0.00995279, 0.0216478, 0, 0, 0, 0, 0, 0, 
[2025-02-03 17:53:06.686574] [0x0000007f5fea89a0] [MocapTag] [0x00005f2f] [277] , 1.68433, -0.0308112, -0.203029, -0.149333, -0.999699, 0.00593428, 0.00995279, 0.0216478, 0, 0, 0, 0, 0, 0, 
[2025-02-03 17:53:06.691163] [0x0000007f5fea89a0] [MocapTag] [0x00005f2f] [278] , 1.68433, -0.0308112, -0.203029, -0.149333, -0.999699, 0.00593428, 0.00995279, 0.0216478, 0, 0, 0, 0, 0, 0, 
[2025-02-03 17:53:06.693691] [0x0000007f5fea89a0] [MocapTag] [0x00005f2f] [279] , 1.68433, -0.0308185, -0.203032, -0.149334, -0.999698, 0.00594558, 0.00996718, 0.0216542, 0, 0, 0, 0, 0, 0, 
[2025-02-03 17:53:06.696579] [0x0000007f5fea89a0] [MocapTag] [0x00005f2f] [280] , 1.69433, -0.0308185, -0.203032, -0.149334, -0.999698, 0.00594558, 0.00996718, 0.0216542, 0, 0, 0, 0, 0, 0, 
[2025-02-03 17:53:06.699271] [0x0000007f5fea89a0] [MocapTag] [0x00005f2f] [281] , 1.69433, -0.0308185, -0.203032, -0.149334, -0.999698, 0.00594558, 0.00996718, 0.0216542, 0, 0, 0, 0, 0, 0, 
[2025-02-03 17:53:06.701946] [0x0000007f5fea89a0] [MocapTag] [0x00005f2f] [282] , 1.69433, -0.0308185, -0.203032, -0.149334, -0.999698, 0.00594558, 0.00996718, 0.0216542, 0, 0, 0, 0, 0, 0, 
[2025-02-03 17:53:06.706784] [0x0000007f5fea89a0] [MocapTag] [0x00005f2f] [283] , 1.70433, -0.0308111, -0.203052, -0.149348, -0.999698, 0.00598279, 0.00996487, 0.0216546, 0, 0, 0, 0, 0, 0, 
[2025-02-03 17:53:06.710744] [0x0000007f5fea89a0] [MocapTag] [0x00005f2f] [284] , 1.70433, -0.0308111, -0.203052, -0.149348, -0.999698, 0.00598279, 0.00996487, 0.0216546, 0, -0.00201963, 0, 0, 0, 0, 
[2025-02-03 17:53:06.712003] [0x0000007f5fea89a0] [MocapTag] [0x00005f2f] [285] , 1.70433, -0.0308111, -0.203052, -0.149348, -0.999698, 0.00598279, 0.00996487, 0.0216546, 0, 0, 0, 0, 0, 0, 
[2025-02-03 17:53:06.714566] [0x0000007f5fea89a0] [MocapTag] [0x00005f2f] [286] , 1.71433, -0.0308055, -0.203055, -0.149348, -0.999698, 0.00595755, 0.00993516, 0.0216557, 0, 0, 0, 0, 0, 0, 
[2025-02-03 17:53:06.719145] [0x0000007f5fea89a0] [MocapTag] [0x00005f2f] [287] , 1.71433, -0.0308055, -0.203055, -0.149348, -0.999698, 0.00595755, 0.00993516, 0.0216557, 0, 0, 0, 0, 0, 0, 
[2025-02-03 17:53:06.720036] [0x0000007f5fea89a0] [MocapTag] [0x00005f2f] [288] , 1.71433, -0.0308055, -0.203055, -0.149348, -0.999698, 0.00595755, 0.00993516, 0.0216557, 0, 0, 0, 0, 0, 0, 
[2025-02-03 17:53:06.724871] [0x0000007f5fea89a0] [MocapTag] [0x00005f2f] [289] , 1.72433, -0.0308009, -0.203057, -0.149353, -0.999699, 0.00595445, 0.00993195, 0.0216492, 0, 0, 0, 0, 0, 0, 
[2025-02-03 17:53:06.727882] [0x0000007f5fea89a0] [MocapTag] [0x00005f2f] [290] , 1.72433, -0.0308009, -0.203057, -0.149353, -0.999699, 0.00595445, 0.00993195, 0.0216492, 0, 0, 0, 0, 0, 0, 
[2025-02-03 17:53:06.730257] [0x0000007f5fea89a0] [MocapTag] [0x00005f2f] [291] , 1.72433, -0.0308009, -0.203057, -0.149353, -0.999699, 0.00595445, 0.00993195, 0.0216492, 0, 0, 0, 0, 0, 0, 
[2025-02-03 17:53:06.732840] [0x0000007f5fea89a0] [MocapTag] [0x00005f2f] [292] , 1.72433, -0.0308009, -0.203057, -0.149353, -0.999699, 0.00595445, 0.00993195, 0.0216492, 0, 0, 0, 0, 0, 0, 
[2025-02-03 17:53:06.735455] [0x0000007f5fea89a0] [MocapTag] [0x00005f2f] [293] , 1.73433, -0.0308029, -0.203039, -0.149345, -0.999699, 0.00592321, 0.00995145, 0.0216473, 0, 0, 0, 0, 0, 0, 
[2025-02-03 17:53:06.739664] [0x0000007f5fea89a0] [MocapTag] [0x00005f2f] [294] , 1.73433, -0.0308029, -0.203039, -0.149345, -0.999699, 0.00592321, 0.00995145, 0.0216473, 0, 0, 0, 0, 0, 0, 
[2025-02-03 17:53:06.741915] [0x0000007f5fea89a0] [MocapTag] [0x00005f2f] [295] , 1.73433, -0.0308029, -0.203039, -0.149345, -0.999699, 0.00592321, 0.00995145, 0.0216473, 0, 0, 0, 0, 0, 0, 
[2025-02-03 17:53:06.744590] [0x0000007f5fea89a0] [MocapTag] [0x00005f2f] [296] , 1.74433, -0.0308009, -0.203017, -0.14933, -0.999698, 0.00594479, 0.0100055, 0.021656, 0, 0, 0, 0, 0, 0, 
[2025-02-03 17:53:06.747508] [0x0000007f5fea89a0] [MocapTag] [0x00005f2f] [297] , 1.74433, -0.0308009, -0.203017, -0.14933, -0.999698, 0.00594479, 0.0100055, 0.021656, 0, 0.00218633, 0, 0, 0, 0, 
[2025-02-03 17:53:06.749917] [0x0000007f5fea89a0] [MocapTag] [0x00005f2f] [298] , 1.74433, -0.0308009, -0.203017, -0.14933, -0.999698, 0.00594479, 0.0100055, 0.021656, 0, 0, 0, 0, 0, 0, 
[2025-02-03 17:53:06.754435] [0x0000007f5fea89a0] [MocapTag] [0x00005f2f] [299] , 1.74433, -0.0308009, -0.203017, -0.14933, -0.999698, 0.00594479, 0.0100055, 0.021656, 0, 0, 0, 0, 0, 0, 
[2025-02-03 17:53:06.757384] [0x0000007f5fea89a0] [MocapTag] [0x00005f2f] [300] , 1.75432, -0.0307964, -0.203006, -0.149316, -0.999699, 0.00593923, 0.00994373, 0.0216512, 0, 0, 0, 0, 0, 0, 
[2025-02-03 17:53:06.760654] [0x0000007f5fea89a0] [MocapTag] [0x00005f2f] [301] , 1.75432, -0.0307964, -0.203006, -0.149316, -0.999699, 0.00593923, 0.00994373, 0.0216512, 0, 0, 0, 0, 0, 0, 
[2025-02-03 17:53:06.763318] [0x0000007f5fea89a0] [MocapTag] [0x00005f2f] [302] , 1.75432, -0.0307964, -0.203006, -0.149316, -0.999699, 0.00593923, 0.00994373, 0.0216512, 0, 0, 0, 0, 0, 0, 
[2025-02-03 17:53:06.765805] [0x0000007f5fea89a0] [MocapTag] [0x00005f2f] [303] , 1.76433, -0.0308014, -0.203009, -0.14932, -0.999699, 0.00594105, 0.00993509, 0.021653, 0, 0, 0, 0, 0, 0, 
[2025-02-03 17:53:06.770432] [0x0000007f5fea89a0] [MocapTag] [0x00005f2f] [304] , 1.76433, -0.0308014, -0.203009, -0.14932, -0.999699, 0.00594105, 0.00993509, 0.021653, 0, 0, 0, 0, 0, 0, 
[2025-02-03 17:53:06.773392] [0x0000007f5fea89a0] [MocapTag] [0x00005f2f] [305] , 1.76433, -0.0308014, -0.203009, -0.14932, -0.999699, 0.00594105, 0.00993509, 0.021653, 0, 0, 0, 0, 0, 0, 
[2025-02-03 17:53:06.776083] [0x0000007f5fea89a0] [MocapTag] [0x00005f2f] [306] , 1.77433, -0.0308002, -0.203014, -0.149331, -0.999698, 0.00595487, 0.00994068, 0.0216592, 0, 0, 0, 0, 0, 0, 
[2025-02-03 17:53:06.778969] [0x0000007f5fea89a0] [MocapTag] [0x00005f2f] [307] , 1.77433, -0.0308002, -0.203014, -0.149331, -0.999698, 0.00595487, 0.00994068, 0.0216592, 0, 0, 0, 0, 0, 0, 
[2025-02-03 17:53:06.781828] [0x0000007f5fea89a0] [MocapTag] [0x00005f2f] [308] , 1.77433, -0.0308002, -0.203014, -0.149331, -0.999698, 0.00595487, 0.00994068, 0.0216592, 0, 0, 0, 0, 0, 0, 
[2025-02-03 17:53:06.786183] [0x0000007f5fea89a0] [MocapTag] [0x00005f2f] [309] , 1.78433, -0.0308018, -0.203026, -0.149334, -0.999699, 0.00591876, 0.00991328, 0.0216492, 0, 0, 0, 0, 0, 0, 
[2025-02-03 17:53:06.789062] [0x0000007f5fea89a0] [MocapTag] [0x00005f2f] [310] , 1.78433, -0.0308018, -0.203026, -0.149334, -0.999699, 0.00591876, 0.00991328, 0.0216492, 0, 0, 0, 0, 0, 0, 
[2025-02-03 17:53:06.791971] [0x0000007f5fea89a0] [MocapTag] [0x00005f2f] [311] , 1.78433, -0.0308018, -0.203026, -0.149334, -0.999699, 0.00591876, 0.00991328, 0.0216492, 0, 0, 0, 0, 0, 0, 
[2025-02-03 17:53:06.794993] [0x0000007f5fea89a0] [MocapTag] [0x00005f2f] [312] , 1.79433, -0.030799, -0.203036, -0.149339, -0.999699, 0.00592761, 0.00992582, 0.0216496, 0, 0, 0, 0, 0, 0, 
[2025-02-03 17:53:06.797399] [0x0000007f5fea89a0] [MocapTag] [0x00005f2f] [313] , 1.79433, -0.030799, -0.203036, -0.149339, -0.999699, 0.00592761, 0.00992582, 0.0216496, 0, 0, 0, 0, 0, 0, 
[2025-02-03 17:53:06.799959] [0x0000007f5fea89a0] [MocapTag] [0x00005f2f] [314] , 1.79433, -0.030799, -0.203036, -0.149339, -0.999699, 0.00592761, 0.00992582, 0.0216496, 0, 0, 0, 0, 0, 0, 
[2025-02-03 17:53:06.803177] [0x0000007f5fea89a0] [MocapTag] [0x00005f2f] [315] , 1.79433, -0.030799, -0.203036, -0.149339, -0.999699, 0.00592761, 0.00992582, 0.0216496, 0, 0, 0, 0, 0, 0, 
[2025-02-03 17:53:06.805663] [0x0000007f5fea89a0] [MocapTag] [0x00005f2f] [316] , 1.80433, -0.0307956, -0.203038, -0.149333, -0.999699, 0.0059258, 0.00989101, 0.0216592, 0, 0, 0, 0, 0, 0, 
[2025-02-03 17:53:06.809824] [0x0000007f5fea89a0] [MocapTag] [0x00005f2f] [317] , 1.80433, -0.0307956, -0.203038, -0.149333, -0.999699, 0.0059258, 0.00989101, 0.0216592, 0, 0, 0, 0, 0, 0, 
[2025-02-03 17:53:06.810892] [0x0000007f5fea89a0] [MocapTag] [0x00005f2f] [318] , 1.80433, -0.0307956, -0.203038, -0.149333, -0.999699, 0.0059258, 0.00989101, 0.0216592, 0, 0, 0, 0, 0, 0, 
[2025-02-03 17:53:06.813582] [0x0000007f5fea89a0] [MocapTag] [0x00005f2f] [319] , 1.80433, -0.030799, -0.203039, -0.149338, -0.999699, 0.00593459, 0.00991349, 0.0216462, 0, 0, 0, 0, 0, 0, 
[2025-02-03 17:53:06.818504] [0x0000007f5fea89a0] [MocapTag] [0x00005f2f] [320] , 1.81433, -0.030799, -0.203039, -0.149338, -0.999699, 0.00593459, 0.00991349, 0.0216462, 0, 0, 0, 0, 0, 0, 
[2025-02-03 17:53:06.821562] [0x0000007f5fea89a0] [MocapTag] [0x00005f2f] [321] , 1.81433, -0.030799, -0.203039, -0.149338, -0.999699, 0.00593459, 0.00991349, 0.0216462, 0, 0, 0, 0, 0, 0, 
[2025-02-03 17:53:06.823778] [0x0000007f5fea89a0] [MocapTag] [0x00005f2f] [322] , 1.81433, -0.0308019, -0.203025, -0.149331, -0.999699, 0.00592056, 0.00994708, 0.0216383, 0, 0, 0, 0, 0, 0, 
[2025-02-03 17:53:06.826461] [0x0000007f5fea89a0] [MocapTag] [0x00005f2f] [323] , 1.82433, -0.0308019, -0.203025, -0.149331, -0.999699, 0.00592056, 0.00994708, 0.0216383, 0, 0, 0, 0, 0, 0, 
[2025-02-03 17:53:06.829310] [0x0000007f5fea89a0] [MocapTag] [0x00005f2f] [324] , 1.82433, -0.0308019, -0.203025, -0.149331, -0.999699, 0.00592056, 0.00994708, 0.0216383, 0, 0, 0, 0, 0, 0, 
[2025-02-03 17:53:06.833214] [0x0000007f5fea89a0] [MocapTag] [0x00005f2f] [325] , 1.82433, -0.0308019, -0.203025, -0.149331, -0.999699, 0.00592056, 0.00994708, 0.0216383, 0, 0, 0, 0, 0, 0, 
[2025-02-03 17:53:06.835803] [0x0000007f5fea89a0] [MocapTag] [0x00005f2f] [326] , 1.83433, -0.0308106, -0.203009, -0.149318, -0.999699, 0.00591737, 0.00991986, 0.0216332, 0, 0, 0, 0, 0, 0, 
[2025-02-03 17:53:06.839404] [0x0000007f5fea89a0] [MocapTag] [0x00005f2f] [327] , 1.83433, -0.0308106, -0.203009, -0.149318, -0.999699, 0.00591737, 0.00991986, 0.0216332, 0, 0, 0, 0, 0, 0, 
[2025-02-03 17:53:06.841467] [0x0000007f5fea89a0] [MocapTag] [0x00005f2f] [328] , 1.83433, -0.0308106, -0.203009, -0.149318, -0.999699, 0.00591737, 0.00991986, 0.0216332, 0, 0, 0, 0, 0, 0, 
[2025-02-03 17:53:06.844175] [0x0000007f5fea89a0] [MocapTag] [0x00005f2f] [329] , 1.83433, -0.0308059, -0.203001, -0.14931, -0.999698, 0.00595509, 0.0099577, 0.021642, 0, 0, 0, 0, 0, 0, 
[2025-02-03 17:53:06.848557] [0x0000007f5fea89a0] [MocapTag] [0x00005f2f] [330] , 1.84433, -0.0308059, -0.203001, -0.14931, -0.999698, 0.00595509, 0.0099577, 0.021642, 0, 0, 0, 0, 0, 0, 
[2025-02-03 17:53:06.867881] [0x0000007f5fea89a0] [MocapTag] [0x00005f2f] [331] , 1.86428, -0.0308059, -0.203001, -0.14931, -0.999698, 0.00595509, 0.0099577, 0.021642, 0, 0, 0, 0, 0, 0, 
[2025-02-03 17:53:06.868581] [0x0000007f5fea89a0] [MocapTag] [0x00005f2f] [332] , 1.86428, -0.0308046, -0.203004, -0.149308, -0.999699, 0.00594893, 0.00993827, 0.0216488, 0, 0, 0, 0, 0, 0, 
[2025-02-03 17:53:06.869194] [0x0000007f5fea89a0] [MocapTag] [0x00005f2f] [333] , 1.86428, -0.0308046, -0.203004, -0.149308, -0.999699, 0.00594893, 0.00993827, 0.0216488, 0, 0, 0, 0, 0, 0, 
[2025-02-03 17:53:06.869738] [0x0000007f5fea89a0] [MocapTag] [0x00005f2f] [334] , 1.86428, -0.0308046, -0.203004, -0.149308, -0.999699, 0.00594893, 0.00993827, 0.0216488, 0, 0, 0, 0, 0, 0, 
[2025-02-03 17:53:06.870245] [0x0000007f5fea89a0] [MocapTag] [0x00005f2f] [335] , 1.86428, -0.0308046, -0.203004, -0.149308, -0.999699, 0.00594893, 0.00993827, 0.0216488, 0, 0, 0, 0, 0, 0, 
[2025-02-03 17:53:06.870726] [0x0000007f5fea89a0] [MocapTag] [0x00005f2f] [336] , 1.86428, -0.0307939, -0.203014, -0.149321, -0.999699, 0.00593998, 0.00993326, 0.0216429, 0, 0, 0, 0, 0, 0, 
[2025-02-03 17:53:06.871139] [0x0000007f5fea89a0] [MocapTag] [0x00005f2f] [337] , 1.86428, -0.0307939, -0.203014, -0.149321, -0.999699, 0.00593998, 0.00993326, 0.0216429, 0, 0, 0, 0, 0, 0, 
[2025-02-03 17:53:06.872064] [0x0000007f5fea89a0] [MocapTag] [0x00005f2f] [338] , 1.86428, -0.0307939, -0.203014, -0.149321, -0.999699, 0.00593998, 0.00993326, 0.0216429, 0, 0, 0, 0, 0, 0, 
[2025-02-03 17:53:06.874828] [0x0000007f5fea89a0] [MocapTag] [0x00005f2f] [339] , 1.86428, -0.0307896, -0.203028, -0.149325, -0.999699, 0.00592699, 0.00990778, 0.0216317, 0, 0, 0, 0, 0, 0, 
[2025-02-03 17:53:06.879324] [0x0000007f5fea89a0] [MocapTag] [0x00005f2f] [340] , 1.87433, -0.0307896, -0.203028, -0.149325, -0.999699, 0.00592699, 0.00990778, 0.0216317, 0, 0, 0, 0, 0, 0, 
[2025-02-03 17:53:06.882094] [0x0000007f5fea89a0] [MocapTag] [0x00005f2f] [341] , 1.87433, -0.0307896, -0.203028, -0.149325, -0.999699, 0.00592699, 0.00990778, 0.0216317, 0, 0, 0, 0, 0, 0, 
[2025-02-03 17:53:06.884552] [0x0000007f5fea89a0] [MocapTag] [0x00005f2f] [342] , 1.87433, -0.0307928, -0.203033, -0.149332, -0.999699, 0.00593818, 0.00991252, 0.02164, 0, 0, 0, 0, 0, 0, 
[2025-02-03 17:53:06.887401] [0x0000007f5fea89a0] [MocapTag] [0x00005f2f] [343] , 1.88433, -0.0307928, -0.203033, -0.149332, -0.999699, 0.00593818, 0.00991252, 0.02164, 0, 0, 0, 0, 0, 0, 
[2025-02-03 17:53:06.890091] [0x0000007f5fea89a0] [MocapTag] [0x00005f2f] [344] , 1.88433, -0.0307928, -0.203033, -0.149332, -0.999699, 0.00593818, 0.00991252, 0.02164, 0, 0, 0, 0, 0, 0, 
[2025-02-03 17:53:06.894584] [0x0000007f5fea89a0] [MocapTag] [0x00005f2f] [345] , 1.88433, -0.0307928, -0.203033, -0.149332, -0.999699, 0.00593818, 0.00991252, 0.02164, 0, 0, 0, 0, 0, 0, 
[2025-02-03 17:53:06.896971] [0x0000007f5fea89a0] [MocapTag] [0x00005f2f] [346] , 1.89433, -0.0307986, -0.203035, -0.149325, -0.999699, 0.0059213, 0.00991077, 0.0216359, 0, 0, 0, 0, 0, 0, 
[2025-02-03 17:53:06.899911] [0x0000007f5fea89a0] [MocapTag] [0x00005f2f] [347] , 1.89433, -0.0307986, -0.203035, -0.149325, -0.999699, 0.0059213, 0.00991077, 0.0216359, 0, 0, 0, 0, 0, 0, 
[2025-02-03 17:53:06.902585] [0x0000007f5fea89a0] [MocapTag] [0x00005f2f] [348] , 1.89433, -0.0307986, -0.203035, -0.149325, -0.999699, 0.0059213, 0.00991077, 0.0216359, 0, 0, 0, 0, 0, 0, 
[2025-02-03 17:53:06.905066] [0x0000007f5fea89a0] [MocapTag] [0x00005f2f] [349] , 1.90432, -0.0308003, -0.203032, -0.149335, -0.999699, 0.00593461, 0.00991719, 0.0216413, 0, 0, 0, 0, 0, 0, 
[2025-02-03 17:53:06.909608] [0x0000007f5fea89a0] [MocapTag] [0x00005f2f] [350] , 1.90432, -0.0308003, -0.203032, -0.149335, -0.999699, 0.00593461, 0.00991719, 0.0216413, 0, 0, 0, 0, 0, 0, 
[2025-02-03 17:53:06.912526] [0x0000007f5fea89a0] [MocapTag] [0x00005f2f] [351] , 1.90432, -0.0308003, -0.203032, -0.149335, -0.999699, 0.00593461, 0.00991719, 0.0216413, 0, 0, 0, 0, 0, 0, 
[2025-02-03 17:53:06.914922] [0x0000007f5fea89a0] [MocapTag] [0x00005f2f] [352] , 1.91433, -0.0308025, -0.203036, -0.149333, -0.999699, 0.00594887, 0.00991687, 0.0216383, 0, 0, 0, 0, 0, 0, 
[2025-02-03 17:53:06.917689] [0x0000007f5fea89a0] [MocapTag] [0x00005f2f] [353] , 1.91433, -0.0308025, -0.203036, -0.149333, -0.999699, 0.00594887, 0.00991687, 0.0216383, 0, 0, 0, 0, 0, 0, 
[2025-02-03 17:53:06.920160] [0x0000007f5fea89a0] [MocapTag] [0x00005f2f] [354] , 1.91433, -0.0308025, -0.203036, -0.149333, -0.999699, 0.00594887, 0.00991687, 0.0216383, 0, 0, 0, 0, 0, 0, 
[2025-02-03 17:53:06.924728] [0x0000007f5fea89a0] [MocapTag] [0x00005f2f] [355] , 1.92434, -0.0308025, -0.203036, -0.149333, -0.999699, 0.00594887, 0.00991687, 0.0216383, 0, 0, 0, 0, 0, 0, 
[2025-02-03 17:53:06.927909] [0x0000007f5fea89a0] [MocapTag] [0x00005f2f] [356] , 1.92434, -0.0308015, -0.203024, -0.149332, -0.999699, 0.00591628, 0.00992837, 0.0216369, 0, 0, 0, 0, 0, 0, 
[2025-02-03 17:53:06.930487] [0x0000007f5fea89a0] [MocapTag] [0x00005f2f] [357] , 1.92434, -0.0308015, -0.203024, -0.149332, -0.999699, 0.00591628, 0.00992837, 0.0216369, 0, 0, 0, 0, 0, 0, 
[2025-02-03 17:53:06.932957] [0x0000007f5fea89a0] [MocapTag] [0x00005f2f] [358] , 1.92434, -0.0308015, -0.203024, -0.149332, -0.999699, 0.00591628, 0.00992837, 0.0216369, 0, 0, 0, 0, 0, 0, 
[2025-02-03 17:53:06.935996] [0x0000007f5fea89a0] [MocapTag] [0x00005f2f] [359] , 1.93433, -0.0307993, -0.203016, -0.149323, -0.999699, 0.00590575, 0.00993542, 0.0216382, 0, 0, 0, 0, 0, 0, 
[2025-02-03 17:53:06.938351] [0x0000007f5fea89a0] [MocapTag] [0x00005f2f] [360] , 1.93433, -0.0307993, -0.203016, -0.149323, -0.999699, 0.00590575, 0.00993542, 0.0216382, 0, 0, 0, 0, 0, 0, 
[2025-02-03 17:53:06.964014] [0x0000007f5fea89a0] [MocapTag] [0x00005f2f] [361] , 1.9543, -0.0307993, -0.203016, -0.149323, -0.999699, 0.00590575, 0.00993542, 0.0216382, 0, 0, 0, 0, 0, 0, 
[2025-02-03 17:53:06.964691] [0x0000007f5fea89a0] [MocapTag] [0x00005f2f] [362] , 1.9543, -0.030799, -0.203009, -0.149325, -0.999699, 0.00593443, 0.00996841, 0.0216317, 0, 0, 0, 0, 0, 0, 
[2025-02-03 17:53:06.965395] [0x0000007f5fea89a0] [MocapTag] [0x00005f2f] [363] , 1.96433, -0.030799, -0.203009, -0.149325, -0.999699, 0.00593443, 0.00996841, 0.0216317, 0, 0, 0, 0, 0, 0, 
[2025-02-03 17:53:06.965996] [0x0000007f5fea89a0] [MocapTag] [0x00005f2f] [364] , 1.96433, -0.030799, -0.203009, -0.149325, -0.999699, 0.00593443, 0.00996841, 0.0216317, 0, 0, 0, 0, 0, 0, 
[2025-02-03 17:53:06.966617] [0x0000007f5fea89a0] [MocapTag] [0x00005f2f] [365] , 1.96433, -0.030799, -0.203009, -0.149325, -0.999699, 0.00593443, 0.00996841, 0.0216317, 0, 0, 0, 0, 0, 0, 
[2025-02-03 17:53:06.967212] [0x0000007f5fea89a0] [MocapTag] [0x00005f2f] [366] , 1.96433, -0.0307955, -0.203, -0.149314, -0.999699, 0.00593723, 0.00995254, 0.0216392, 0, 0, 0, 0, 0, 0, 
[2025-02-03 17:53:06.967702] [0x0000007f5fea89a0] [MocapTag] [0x00005f2f] [367] , 1.96433, -0.0307955, -0.203, -0.149314, -0.999699, 0.00593723, 0.00995254, 0.0216392, 0, 0, 0, 0, 0, 0, 
[2025-02-03 17:53:06.968150] [0x0000007f5fea89a0] [MocapTag] [0x00005f2f] [368] , 1.96433, -0.0307955, -0.203, -0.149314, -0.999699, 0.00593723, 0.00995254, 0.0216392, 0, 0, 0, 0, 0, 0, 
[2025-02-03 17:53:06.968647] [0x0000007f5fea89a0] [MocapTag] [0x00005f2f] [369] , 1.96433, -0.0307934, -0.203004, -0.149319, -0.999698, 0.00596237, 0.00997925, 0.021642, 0, 0, 0, 0, 0, 0, 
[2025-02-03 17:53:06.969079] [0x0000007f5fea89a0] [MocapTag] [0x00005f2f] [370] , 1.96433, -0.0307934, -0.203004, -0.149319, -0.999698, 0.00596237, 0.00997925, 0.021642, 0, 0, 0, 0, 0, 0, 
[2025-02-03 17:53:06.974291] [0x0000007f5fea89a0] [MocapTag] [0x00005f2f] [371] , 1.96433, -0.0307934, -0.203004, -0.149319, -0.999698, 0.00596237, 0.00997925, 0.021642, 0, 0, 0, 0, 0, 0, 
[2025-02-03 17:53:06.974886] [0x0000007f5fea89a0] [MocapTag] [0x00005f2f] [372] , 1.97436, -0.0307894, -0.203015, -0.14932, -0.999699, 0.00594074, 0.00992867, 0.0216528, 0, 0, 0, 0, 0, 0, 
[2025-02-03 17:53:06.976658] [0x0000007f5fea89a0] [MocapTag] [0x00005f2f] [373] , 1.97436, -0.0307894, -0.203015, -0.14932, -0.999699, 0.00594074, 0.00992867, 0.0216528, 0, 0, 0, 0, 0, 0, 
[2025-02-03 17:53:06.979220] [0x0000007f5fea89a0] [MocapTag] [0x00005f2f] [374] , 1.97436, -0.0307894, -0.203015, -0.14932, -0.999699, 0.00594074, 0.00992867, 0.0216528, 0, 0, 0, 0, 0, 0, 
[2025-02-03 17:53:06.982099] [0x0000007f5fea89a0] [MocapTag] [0x00005f2f] [375] , 1.97436, -0.0307894, -0.203015, -0.14932, -0.999699, 0.00594074, 0.00992867, 0.0216528, 0, 0, 0, 0, 0, 0, 
[2025-02-03 17:53:06.986342] [0x0000007f5fea89a0] [MocapTag] [0x00005f2f] [376] , 1.98433, -0.0307891, -0.203025, -0.149327, -0.999699, 0.00592924, 0.0099207, 0.0216562, 0, 0, 0, 0, 0, 0, 
[2025-02-03 17:53:06.989189] [0x0000007f5fea89a0] [MocapTag] [0x00005f2f] [377] , 1.98433, -0.0307891, -0.203025, -0.149327, -0.999699, 0.00592924, 0.0099207, 0.0216562, 0, 0, 0, 0, 0, 0, 
[2025-02-03 17:53:06.992813] [0x0000007f5fea89a0] [MocapTag] [0x00005f2f] [378] , 1.98433, -0.0307891, -0.203025, -0.149327, -0.999699, 0.00592924, 0.0099207, 0.0216562, 0, 0, 0, 0, 0, 0, 
[2025-02-03 17:53:06.994666] [0x0000007f5fea89a0] [MocapTag] [0x00005f2f] [379] , 1.99434, -0.0307874, -0.203037, -0.149344, -0.999698, 0.00592555, 0.00995061, 0.021667, 0, 0, 0, 0, 0, 0, 
[2025-02-03 17:53:06.997405] [0x0000007f5fea89a0] [MocapTag] [0x00005f2f] [380] , 1.99434, -0.0307874, -0.203037, -0.149344, -0.999698, 0.00592555, 0.00995061, 0.021667, 0, 0, 0, 0, 0, 0, 
[2025-02-03 17:53:07.000094] [0x0000007f5fea89a0] [MocapTag] [0x00005f2f] [381] , 1.99434, -0.0307874, -0.203037, -0.149344, -0.999698, 0.00592555, 0.00995061, 0.021667, 0, 0, 0, 0, 0, 0, 
[2025-02-03 17:53:07.003421] [0x0000007f5fea89a0] [MocapTag] [0x00005f2f] [382] , 1.99434, -0.0307874, -0.203037, -0.149344, -0.999698, 0.00592555, 0.00995061, 0.021667, 0, 0, 0, 0, 0, 0, 
[2025-02-03 17:53:07.006072] [0x0000007f5fea89a0] [MocapTag] [0x00005f2f] [383] , 2.00433, -0.0307905, -0.203038, -0.149345, -0.999699, 0.00590294, 0.00992836, 0.021653, 0, 0, 0, 0, 0, 0, 
[2025-02-03 17:53:07.009079] [0x0000007f5fea89a0] [MocapTag] [0x00005f2f] [384] , 2.00433, -0.0307905, -0.203038, -0.149345, -0.999699, 0.00590294, 0.00992836, 0.021653, 0, 0, 0, 0, 0, 0, 
[2025-02-03 17:53:07.012026] [0x0000007f5fea89a0] [MocapTag] [0x00005f2f] [385] , 2.00433, -0.0307905, -0.203038, -0.149345, -0.999699, 0.00590294, 0.00992836, 0.021653, 0, 0, 0, 0, 0, 0, 
[2025-02-03 17:53:07.014585] [0x0000007f5fea89a0] [MocapTag] [0x00005f2f] [386] , 2.00433, -0.0307933, -0.20303, -0.14934, -0.999699, 0.00590246, 0.00989397, 0.0216628, 0, 0, 0, 0, 0, 0, 
[2025-02-03 17:53:07.018806] [0x0000007f5fea89a0] [MocapTag] [0x00005f2f] [387] , 2.01433, -0.0307933, -0.20303, -0.14934, -0.999699, 0.00590246, 0.00989397, 0.0216628, 0, 0, 0, 0, 0, 0, 
[2025-02-03 17:53:07.021555] [0x0000007f5fea89a0] [MocapTag] [0x00005f2f] [388] , 2.01433, -0.0307933, -0.20303, -0.14934, -0.999699, 0.00590246, 0.00989397, 0.0216628, 0, 0, 0, 0, 0, 0, 
[2025-02-03 17:53:07.030352] [0x0000007f5fea89a0] [MocapTag] [0x00005f2f] [389] , 2.02432, -0.0307951, -0.203021, -0.149336, -0.999699, 0.00590953, 0.00994022, 0.0216581, 0, 0, 0, 0, 0, 0, 
[2025-02-03 17:53:07.030961] [0x0000007f5fea89a0] [MocapTag] [0x00005f2f] [390] , 2.02432, -0.0307951, -0.203021, -0.149336, -0.999699, 0.00590953, 0.00994022, 0.0216581, 0, 0, 0, 0, 0, 0, 
[2025-02-03 17:53:07.031507] [0x0000007f5fea89a0] [MocapTag] [0x00005f2f] [391] , 2.02432, -0.0307951, -0.203021, -0.149336, -0.999699, 0.00590953, 0.00994022, 0.0216581, 0, 0, 0, 0, 0, 0, 
[2025-02-03 17:53:07.034733] [0x0000007f5fea89a0] [MocapTag] [0x00005f2f] [392] , 2.03434, -0.0307951, -0.203021, -0.149336, -0.999699, 0.00590953, 0.00994022, 0.0216581, 0, 0, 0, 0, 0, 0, 
[2025-02-03 17:53:07.037421] [0x0000007f5fea89a0] [MocapTag] [0x00005f2f] [393] , 2.03434, -0.030797, -0.203012, -0.149331, -0.999698, 0.0059266, 0.00995326, 0.0216507, 0, 0, 0, 0, 0, 0, 
[2025-02-03 17:53:07.040223] [0x0000007f5fea89a0] [MocapTag] [0x00005f2f] [394] , 2.03434, -0.030797, -0.203012, -0.149331, -0.999698, 0.0059266, 0.00995326, 0.0216507, 0, 0, 0, 0, 0, 0, 
[2025-02-03 17:53:07.042945] [0x0000007f5fea89a0] [MocapTag] [0x00005f2f] [395] , 2.03434, -0.030797, -0.203012, -0.149331, -0.999698, 0.0059266, 0.00995326, 0.0216507, 0, 0, 0, 0, 0, 0, 
[2025-02-03 17:53:07.045791] [0x0000007f5fea89a0] [MocapTag] [0x00005f2f] [396] , 2.04433, -0.0308008, -0.203015, -0.149327, -0.999698, 0.00594904, 0.00996458, 0.0216472, 0, 0, 0, 0, 0, 0, 
[2025-02-03 17:53:07.050456] [0x0000007f5fea89a0] [MocapTag] [0x00005f2f] [397] , 2.04433, -0.0308008, -0.203015, -0.149327, -0.999698, 0.00594904, 0.00996458, 0.0216472, 0, 0, 0, 0, 0, 0, 
[2025-02-03 17:53:07.053218] [0x0000007f5fea89a0] [MocapTag] [0x00005f2f] [398] , 2.04433, -0.0308008, -0.203015, -0.149327, -0.999698, 0.00594904, 0.00996458, 0.0216472, 0, 0, 0, 0, 0, 0, 
[2025-02-03 17:53:07.055678] [0x0000007f5fea89a0] [MocapTag] [0x00005f2f] [399] , 2.05433, -0.0308009, -0.203017, -0.149328, -0.999698, 0.00596198, 0.00998148, 0.0216508, 0, 0, 0, 0, 0, 0, 
[2025-02-03 17:53:07.058479] [0x0000007f5fea89a0] [MocapTag] [0x00005f2f] [400] , 2.05433, -0.0308009, -0.203017, -0.149328, -0.999698, 0.00596198, 0.00998148, 0.0216508, 0, 0, 0, 0, 0, 0, 
[2025-02-03 17:53:07.061177] [0x0000007f5fea89a0] [MocapTag] [0x00005f2f] [401] , 2.05433, -0.0308009, -0.203017, -0.149328, -0.999698, 0.00596198, 0.00998148, 0.0216508, 0, 0, 0, 0, 0, 0, 
[2025-02-03 17:53:07.065551] [0x0000007f5fea89a0] [MocapTag] [0x00005f2f] [402] , 2.06432, -0.030797, -0.203021, -0.149329, -0.999698, 0.00596023, 0.00996614, 0.0216485, 0, 0, 0, 0, 0, 0, 
[2025-02-03 17:53:07.069683] [0x0000007f5fea89a0] [MocapTag] [0x00005f2f] [403] , 2.06432, -0.030797, -0.203021, -0.149329, -0.999698, 0.00596023, 0.00996614, 0.0216485, 0, 0, 0, 0, 0, 0, 
[2025-02-03 17:53:07.071152] [0x0000007f5fea89a0] [MocapTag] [0x00005f2f] [404] , 2.06432, -0.030797, -0.203021, -0.149329, -0.999698, 0.00596023, 0.00996614, 0.0216485, 0, 0, 0, 0, 0, 0, 
[2025-02-03 17:53:07.075535] [0x0000007f5fea89a0] [MocapTag] [0x00005f2f] [405] , 2.07433, -0.0307912, -0.203032, -0.149335, -0.999698, 0.00597566, 0.0100016, 0.0216371, 0, 0, 0, 0, 0, 0, 
[2025-02-03 17:53:07.076550] [0x0000007f5fea89a0] [MocapTag] [0x00005f2f] [406] , 2.07433, -0.0307912, -0.203032, -0.149335, -0.999698, 0.00597566, 0.0100016, 0.0216371, 0, 0, 0, 0, 0, 0, 
[2025-02-03 17:53:07.079100] [0x0000007f5fea89a0] [MocapTag] [0x00005f2f] [407] , 2.07433, -0.0307912, -0.203032, -0.149335, -0.999698, 0.00597566, 0.0100016, 0.0216371, 0, 0, 0, 0, 0, 0, 
[2025-02-03 17:53:07.082709] [0x0000007f5fea89a0] [MocapTag] [0x00005f2f] [408] , 2.07433, -0.0307912, -0.203032, -0.149335, -0.999698, 0.00597566, 0.0100016, 0.0216371, 0, 0, 0, 0, 0, 0, 
[2025-02-03 17:53:07.085183] [0x0000007f5fea89a0] [MocapTag] [0x00005f2f] [409] , 2.08433, -0.0307917, -0.203041, -0.14933, -0.999698, 0.00595638, 0.00996601, 0.0216419, 0, 0, 0, 0, 0, 0, 
[2025-02-03 17:53:07.088078] [0x0000007f5fea89a0] [MocapTag] [0x00005f2f] [410] , 2.08433, -0.0307917, -0.203041, -0.14933, -0.999698, 0.00595638, 0.00996601, 0.0216419, 0, 0, 0, 0, 0, 0, 
[2025-02-03 17:53:07.091758] [0x0000007f5fea89a0] [MocapTag] [0x00005f2f] [411] , 2.08433, -0.0307917, -0.203041, -0.14933, -0.999698, 0.00595638, 0.00996601, 0.0216419, 0, 0, 0, 0, 0, 0, 
[2025-02-03 17:53:07.093444] [0x0000007f5fea89a0] [MocapTag] [0x00005f2f] [412] , 2.08433, -0.0307864, -0.203047, -0.149335, -0.999698, 0.00595559, 0.00994675, 0.0216477, 0, 0, 0, 0, 0, 0, 
[2025-02-03 17:53:07.097922] [0x0000007f5fea89a0] [MocapTag] [0x00005f2f] [413] , 2.09432, -0.0307864, -0.203047, -0.149335, -0.999698, 0.00595559, 0.00994675, 0.0216477, 0, 0, 0, 0, 0, 0, 
[2025-02-03 17:53:07.100576] [0x0000007f5fea89a0] [MocapTag] [0x00005f2f] [414] , 2.09432, -0.0307864, -0.203047, -0.149335, -0.999698, 0.00595559, 0.00994675, 0.0216477, 0, 0, 0, 0, 0, 0, 
[2025-02-03 17:53:07.103280] [0x0000007f5fea89a0] [MocapTag] [0x00005f2f] [415] , 2.09432, -0.0307899, -0.203037, -0.149332, -0.999699, 0.00592561, 0.00989918, 0.0216591, 0, 0, 0, 0, 0, 0, 
[2025-02-03 17:53:07.106243] [0x0000007f5fea89a0] [MocapTag] [0x00005f2f] [416] , 2.10433, -0.0307899, -0.203037, -0.149332, -0.999699, 0.00592561, 0.00989918, 0.0216591, 0, 0, 0, 0, 0, 0, 
[2025-02-03 17:53:07.108795] [0x0000007f5fea89a0] [MocapTag] [0x00005f2f] [417] , 2.10433, -0.0307899, -0.203037, -0.149332, -0.999699, 0.00592561, 0.00989918, 0.0216591, 0, 0, 0, 0, 0, 0, 
[2025-02-03 17:53:07.112047] [0x0000007f5fea89a0] [MocapTag] [0x00005f2f] [418] , 2.10433, -0.0307899, -0.203037, -0.149332, -0.999699, 0.00592561, 0.00989918, 0.0216591, 0, 0, 0, 0, 0, 0, 
[2025-02-03 17:53:07.118402] [0x0000007f5fea89a0] [MocapTag] [0x00005f2f] [419] , 2.11433, -0.0307939, -0.203034, -0.149332, -0.999698, 0.00594454, 0.00991823, 0.0216618, 0, 0, 0, 0, 0, 0, 
[2025-02-03 17:53:07.119142] [0x0000007f5fea89a0] [MocapTag] [0x00005f2f] [420] , 2.11433, -0.0307939, -0.203034, -0.149332, -0.999698, 0.00594454, 0.00991823, 0.0216618, 0, 0, 0, 0, 0, 0, 
[2025-02-03 17:53:07.121983] [0x0000007f5fea89a0] [MocapTag] [0x00005f2f] [421] , 2.11433, -0.0307939, -0.203034, -0.149332, -0.999698, 0.00594454, 0.00991823, 0.0216618, 0, 0, 0, 0, 0, 0, 
[2025-02-03 17:53:07.124403] [0x0000007f5fea89a0] [MocapTag] [0x00005f2f] [422] , 2.11433, -0.030792, -0.203027, -0.149327, -0.999698, 0.00595267, 0.00993062, 0.0216612, 0, 0, 0, 0, 0, 0, 
[2025-02-03 17:53:07.128102] [0x0000007f5fea89a0] [MocapTag] [0x00005f2f] [423] , 2.12434, -0.030792, -0.203027, -0.149327, -0.999698, 0.00595267, 0.00993062, 0.0216612, 0, 0, 0, 0, 0, 0, 
[2025-02-03 17:53:07.132874] [0x0000007f5fea89a0] [MocapTag] [0x00005f2f] [424] , 2.12434, -0.030792, -0.203027, -0.149327, -0.999698, 0.00595267, 0.00993062, 0.0216612, 0, 0, 0, 0, 0, 0, 
[2025-02-03 17:53:07.133444] [0x0000007f5fea89a0] [MocapTag] [0x00005f2f] [425] , 2.12434, -0.030792, -0.203027, -0.149327, -0.999698, 0.00595267, 0.00993062, 0.0216612, 0, 0, 0, 0, 0, 0, 
[2025-02-03 17:53:07.135559] [0x0000007f5fea89a0] [MocapTag] [0x00005f2f] [426] , 2.13432, -0.0307919, -0.203022, -0.149315, -0.999699, 0.00594516, 0.00991414, 0.0216541, 0, 0, 0, 0, 0, 0, 
[2025-02-03 17:53:07.138368] [0x0000007f5fea89a0] [MocapTag] [0x00005f2f] [427] , 2.13432, -0.0307919, -0.203022, -0.149315, -0.999699, 0.00594516, 0.00991414, 0.0216541, 0, 0, 0, 0, 0, 0, 
[2025-02-03 17:53:07.140963] [0x0000007f5fea89a0] [MocapTag] [0x00005f2f] [428] , 2.13432, -0.0307919, -0.203022, -0.149315, -0.999699, 0.00594516, 0.00991414, 0.0216541, 0, 0, 0, 0, 0, 0, 
[2025-02-03 17:53:07.146960] [0x0000007f5fea89a0] [MocapTag] [0x00005f2f] [429] , 2.14432, -0.0307888, -0.203016, -0.149323, -0.999698, 0.00597592, 0.00997021, 0.0216474, 0, 0, 0, 0, 0, 0, 
[2025-02-03 17:53:07.148443] [0x0000007f5fea89a0] [MocapTag] [0x00005f2f] [430] , 2.14432, -0.0307888, -0.203016, -0.149323, -0.999698, 0.00597592, 0.00997021, 0.0216474, 0, 0, 0, 0, 0, 0, 
[2025-02-03 17:53:07.151299] [0x0000007f5fea89a0] [MocapTag] [0x00005f2f] [431] , 2.14432, -0.0307888, -0.203016, -0.149323, -0.999698, 0.00597592, 0.00997021, 0.0216474, 0, 0, 0, 0, 0, 0, 
[2025-02-03 17:53:07.153920] [0x0000007f5fea89a0] [MocapTag] [0x00005f2f] [432] , 2.14432, -0.030795, -0.203021, -0.149326, -0.999699, 0.00594043, 0.00994086, 0.0216419, 0, 0, 0, 0, 0, 0, 
[2025-02-03 17:53:07.156796] [0x0000007f5fea89a0] [MocapTag] [0x00005f2f] [433] , 2.15433, -0.030795, -0.203021, -0.149326, -0.999699, 0.00594043, 0.00994086, 0.0216419, 0, 0, 0, 0, 0, 0, 
[2025-02-03 17:53:07.159404] [0x0000007f5fea89a0] [MocapTag] [0x00005f2f] [434] , 2.15433, -0.030795, -0.203021, -0.149326, -0.999699, 0.00594043, 0.00994086, 0.0216419, 0, 0, 0, 0, 0, 0, 
[2025-02-03 17:53:07.163954] [0x0000007f5fea89a0] [MocapTag] [0x00005f2f] [435] , 2.15433, -0.0307879, -0.203021, -0.149328, -0.999699, 0.00595291, 0.00996445, 0.0216368, 0, 0, 0, 0, 0, 0, 
[2025-02-03 17:53:07.166675] [0x0000007f5fea89a0] [MocapTag] [0x00005f2f] [436] , 2.16432, -0.0307879, -0.203021, -0.149328, -0.999699, 0.00595291, 0.00996445, 0.0216368, 0, 0, 0, 0, 0, 0, 
[2025-02-03 17:53:07.169446] [0x0000007f5fea89a0] [MocapTag] [0x00005f2f] [437] , 2.16432, -0.0307879, -0.203021, -0.149328, -0.999699, 0.00595291, 0.00996445, 0.0216368, 0, 0, 0, 0, 0, 0, 
[2025-02-03 17:53:07.173166] [0x0000007f5fea89a0] [MocapTag] [0x00005f2f] [438] , 2.16432, -0.0307879, -0.203021, -0.149328, -0.999699, 0.00595291, 0.00996445, 0.0216368, 0, 0, 0, 0, 0, 0, 
[2025-02-03 17:53:07.174748] [0x0000007f5fea89a0] [MocapTag] [0x00005f2f] [439] , 2.17432, -0.0307985, -0.203023, -0.149339, -0.999698, 0.00595267, 0.00996842, 0.0216398, 0, 0, 0, 0, 0, 0, 
[2025-02-03 17:53:07.178618] [0x0000007f5fea89a0] [MocapTag] [0x00005f2f] [440] , 2.17432, -0.0307985, -0.203023, -0.149339, -0.999698, 0.00595267, 0.00996842, 0.0216398, 0, 0, 0, 0, 0, 0, 
[2025-02-03 17:53:07.181323] [0x0000007f5fea89a0] [MocapTag] [0x00005f2f] [441] , 2.17432, -0.0307985, -0.203023, -0.149339, -0.999698, 0.00595267, 0.00996842, 0.0216398, 0, 0, 0, 0, 0, 0, 
[2025-02-03 17:53:07.185010] [0x0000007f5fea89a0] [MocapTag] [0x00005f2f] [442] , 2.18432, -0.0307982, -0.203031, -0.149337, -0.999699, 0.00594902, 0.00996683, 0.0216271, 0, 0, 0, 0, 0, 0, 
[2025-02-03 17:53:07.186656] [0x0000007f5fea89a0] [MocapTag] [0x00005f2f] [443] , 2.18432, -0.0307982, -0.203031, -0.149337, -0.999699, 0.00594902, 0.00996683, 0.0216271, 0, 0, 0, 0, 0, 0, 
[2025-02-03 17:53:07.190955] [0x0000007f5fea89a0] [MocapTag] [0x00005f2f] [444] , 2.18432, -0.0307982, -0.203031, -0.149337, -0.999699, 0.00594902, 0.00996683, 0.0216271, 0, 0, 0, 0, 0, 0, 
[2025-02-03 17:53:07.195253] [0x0000007f5fea89a0] [MocapTag] [0x00005f2f] [445] , 2.19433, -0.0307982, -0.203031, -0.149337, -0.999699, 0.00594902, 0.00996683, 0.0216271, 0, 0, 0, 0, 0, 0, 
[2025-02-03 17:53:07.196446] [0x0000007f5fea89a0] [MocapTag] [0x00005f2f] [446] , 2.19433, -0.0307942, -0.203039, -0.149353, -0.999698, 0.0059648, 0.00999037, 0.0216406, 0, 0, 0, 0, 0, 0, 
[2025-02-03 17:53:07.199153] [0x0000007f5fea89a0] [MocapTag] [0x00005f2f] [447] , 2.19433, -0.0307942, -0.203039, -0.149353, -0.999698, 0.0059648, 0.00999037, 0.0216406, 0, 0, 0, 0, 0, 0, 
[2025-02-03 17:53:07.202266] [0x0000007f5fea89a0] [MocapTag] [0x00005f2f] [448] , 2.19433, -0.0307942, -0.203039, -0.149353, -0.999698, 0.0059648, 0.00999037, 0.0216406, 0, 0, 0, 0, 0, 0, 
[2025-02-03 17:53:07.204549] [0x0000007f5fea89a0] [MocapTag] [0x00005f2f] [449] , 2.19433, -0.0307907, -0.203036, -0.149352, -0.999699, 0.00594566, 0.00995746, 0.0216288, 0, 0, 0, 0, 0, 0, 
[2025-02-03 17:53:07.207302] [0x0000007f5fea89a0] [MocapTag] [0x00005f2f] [450] , 2.20433, -0.0307907, -0.203036, -0.149352, -0.999699, 0.00594566, 0.00995746, 0.0216288, 0, 0, 0, 0, 0, 0, 
[2025-02-03 17:53:07.212965] [0x0000007f5fea89a0] [MocapTag] [0x00005f2f] [451] , 2.20433, -0.0307907, -0.203036, -0.149352, -0.999699, 0.00594566, 0.00995746, 0.0216288, 0, 0, 0, 0, 0, 0, 
[2025-02-03 17:53:07.214662] [0x0000007f5fea89a0] [MocapTag] [0x00005f2f] [452] , 2.20433, -0.0307913, -0.203035, -0.149353, -0.999698, 0.00595749, 0.00999086, 0.0216356, 0, 0, 0, 0, 0, 0, 
[2025-02-03 17:53:07.217449] [0x0000007f5fea89a0] [MocapTag] [0x00005f2f] [453] , 2.21434, -0.0307913, -0.203035, -0.149353, -0.999698, 0.00595749, 0.00999086, 0.0216356, 0, 0, 0, 0, 0, 0, 
[2025-02-03 17:53:07.220010] [0x0000007f5fea89a0] [MocapTag] [0x00005f2f] [454] , 2.21434, -0.0307913, -0.203035, -0.149353, -0.999698, 0.00595749, 0.00999086, 0.0216356, 0, 0, 0, 0, 0, 0, 
[2025-02-03 17:53:07.222678] [0x0000007f5fea89a0] [MocapTag] [0x00005f2f] [455] , 2.21434, -0.0307913, -0.203035, -0.149353, -0.999698, 0.00595749, 0.00999086, 0.0216356, 0, 0, 0, 0, 0, 0, 
[2025-02-03 17:53:07.225907] [0x0000007f5fea89a0] [MocapTag] [0x00005f2f] [456] , 2.22433, -0.0307965, -0.203024, -0.149332, -0.999699, 0.00593985, 0.0099436, 0.0216348, 0, 0, 0, 0, 0, 0, 
[2025-02-03 17:53:07.228910] [0x0000007f5fea89a0] [MocapTag] [0x00005f2f] [457] , 2.22433, -0.0307965, -0.203024, -0.149332, -0.999699, 0.00593985, 0.0099436, 0.0216348, 0, 0, 0.00208694, 0, 0, 0, 
[2025-02-03 17:53:07.232041] [0x0000007f5fea89a0] [MocapTag] [0x00005f2f] [458] , 2.22433, -0.0307965, -0.203024, -0.149332, -0.999699, 0.00593985, 0.0099436, 0.0216348, 0, 0, 0, 0, 0, 0, 
[2025-02-03 17:53:07.234272] [0x0000007f5fea89a0] [MocapTag] [0x00005f2f] [459] , 2.22433, -0.0308004, -0.203018, -0.149317, -0.999699, 0.00593849, 0.00994358, 0.0216341, 0, 0, 0, 0, 0, 0, 
[2025-02-03 17:53:07.237207] [0x0000007f5fea89a0] [MocapTag] [0x00005f2f] [460] , 2.23434, -0.0308004, -0.203018, -0.149317, -0.999699, 0.00593849, 0.00994358, 0.0216341, 0, 0, 0, 0, 0, 0, 
[2025-02-03 17:53:07.242219] [0x0000007f5fea89a0] [MocapTag] [0x00005f2f] [461] , 2.23434, -0.0308004, -0.203018, -0.149317, -0.999699, 0.00593849, 0.00994358, 0.0216341, 0, 0, 0, 0, 0, 0, 
[2025-02-03 17:53:07.245801] [0x0000007f5fea89a0] [MocapTag] [0x00005f2f] [462] , 2.24433, -0.0307976, -0.203019, -0.149318, -0.999698, 0.00593831, 0.00998487, 0.0216435, 0, 0, 0, 0, 0, 0, 
[2025-02-03 17:53:07.248096] [0x0000007f5fea89a0] [MocapTag] [0x00005f2f] [463] , 2.24433, -0.0307976, -0.203019, -0.149318, -0.999698, 0.00593831, 0.00998487, 0.0216435, 0, 0, 0, 0, 0, 0, 
[2025-02-03 17:53:07.250822] [0x0000007f5fea89a0] [MocapTag] [0x00005f2f] [464] , 2.24433, -0.0307976, -0.203019, -0.149318, -0.999698, 0.00593831, 0.00998487, 0.0216435, 0, 0, 0, 0, 0, 0, 
[2025-02-03 17:53:07.253802] [0x0000007f5fea89a0] [MocapTag] [0x00005f2f] [465] , 2.24433, -0.0307961, -0.203025, -0.149319, -0.999698, 0.00594031, 0.00999947, 0.0216413, 0, 0, 0, 0, 0, 0, 
[2025-02-03 17:53:07.258905] [0x0000007f5fea89a0] [MocapTag] [0x00005f2f] [466] , 2.25433, -0.0307961, -0.203025, -0.149319, -0.999698, 0.00594031, 0.00999947, 0.0216413, 0, 0, 0, 0, 0, 0, 
[2025-02-03 17:53:07.262002] [0x0000007f5fea89a0] [MocapTag] [0x00005f2f] [467] , 2.25433, -0.0307961, -0.203025, -0.149319, -0.999698, 0.00594031, 0.00999947, 0.0216413, 0, 0, 0, 0, 0, 0, 
[2025-02-03 17:53:07.264668] [0x0000007f5fea89a0] [MocapTag] [0x00005f2f] [468] , 2.26433, -0.0307928, -0.203022, -0.149319, -0.999698, 0.00592251, 0.00996816, 0.0216491, 0, 0, 0, 0, 0, 0, 
[2025-02-03 17:53:07.267533] [0x0000007f5fea89a0] [MocapTag] [0x00005f2f] [469] , 2.26433, -0.0307928, -0.203022, -0.149319, -0.999698, 0.00592251, 0.00996816, 0.0216491, 0, 0, 0, 0, 0, 0, 
[2025-02-03 17:53:07.270089] [0x0000007f5fea89a0] [MocapTag] [0x00005f2f] [470] , 2.26433, -0.0307928, -0.203022, -0.149319, -0.999698, 0.00592251, 0.00996816, 0.0216491, 0, 0, 0, 0, 0, 0, 
[2025-02-03 17:53:07.274388] [0x0000007f5fea89a0] [MocapTag] [0x00005f2f] [471] , 2.26433, -0.0307928, -0.203022, -0.149319, -0.999698, 0.00592251, 0.00996816, 0.0216491, 0, 0, 0, 0, 0, 0, 
[2025-02-03 17:53:07.277096] [0x0000007f5fea89a0] [MocapTag] [0x00005f2f] [472] , 2.27433, -0.0307894, -0.203026, -0.149324, -0.999698, 0.00592632, 0.00995542, 0.0216506, 0, 0, 0, 0, 0, 0, 
[2025-02-03 17:53:07.280841] [0x0000007f5fea89a0] [MocapTag] [0x00005f2f] [473] , 2.27433, -0.0307894, -0.203026, -0.149324, -0.999698, 0.00592632, 0.00995542, 0.0216506, 0, 0, 0, 0, 0, 0, 
[2025-02-03 17:53:07.296229] [0x0000007f5fea89a0] [MocapTag] [0x00005f2f] [474] , 2.29429, -0.0307894, -0.203026, -0.149324, -0.999698, 0.00592632, 0.00995542, 0.0216506, 0, 0, 0, 0, 0, 0, 
[2025-02-03 17:53:07.296831] [0x0000007f5fea89a0] [MocapTag] [0x00005f2f] [475] , 2.29429, -0.0307912, -0.203023, -0.149335, -0.999698, 0.00594338, 0.00995112, 0.0216474, 0, 0, 0, 0, 0, 0, 
[2025-02-03 17:53:07.297447] [0x0000007f5fea89a0] [MocapTag] [0x00005f2f] [476] , 2.29429, -0.0307912, -0.203023, -0.149335, -0.999698, 0.00594338, 0.00995112, 0.0216474, 0, 0, 0, 0, 0, 0, 
[2025-02-03 17:53:07.297975] [0x0000007f5fea89a0] [MocapTag] [0x00005f2f] [477] , 2.29429, -0.0307912, -0.203023, -0.149335, -0.999698, 0.00594338, 0.00995112, 0.0216474, 0, 0, 0, 0, 0, 0, 
[2025-02-03 17:53:07.298571] [0x0000007f5fea89a0] [MocapTag] [0x00005f2f] [478] , 2.29429, -0.03079, -0.203021, -0.149345, -0.999698, 0.00595621, 0.00998264, 0.0216388, 0, 0, 0, 0, 0, 0, 
[2025-02-03 17:53:07.299049] [0x0000007f5fea89a0] [MocapTag] [0x00005f2f] [479] , 2.29429, -0.03079, -0.203021, -0.149345, -0.999698, 0.00595621, 0.00998264, 0.0216388, 0, 0, 0, 0, 0, 0, 
[2025-02-03 17:53:07.301073] [0x0000007f5fea89a0] [MocapTag] [0x00005f2f] [480] , 2.29429, -0.03079, -0.203021, -0.149345, -0.999698, 0.00595621, 0.00998264, 0.0216388, 0, 0, 0, 0, 0, 0, 
[2025-02-03 17:53:07.305569] [0x0000007f5fea89a0] [MocapTag] [0x00005f2f] [481] , 2.30431, -0.0307866, -0.203018, -0.149344, -0.999698, 0.00593933, 0.00997241, 0.0216423, 0, 0, 0, 0, 0, 0, 
[2025-02-03 17:53:07.308432] [0x0000007f5fea89a0] [MocapTag] [0x00005f2f] [482] , 2.30431, -0.0307866, -0.203018, -0.149344, -0.999698, 0.00593933, 0.00997241, 0.0216423, 0, 0, 0, 0, 0, 0, 
[2025-02-03 17:53:07.311214] [0x0000007f5fea89a0] [MocapTag] [0x00005f2f] [483] , 2.30431, -0.0307866, -0.203018, -0.149344, -0.999698, 0.00593933, 0.00997241, 0.0216423, 0, 0, 0, 0, 0, 0, 
[2025-02-03 17:53:07.313796] [0x0000007f5fea89a0] [MocapTag] [0x00005f2f] [484] , 2.30431, -0.0307862, -0.203018, -0.149342, -0.999699, 0.00593116, 0.00993457, 0.0216457, 0, 0, 0, 0, 0, 0, 
[2025-02-03 17:53:07.316587] [0x0000007f5fea89a0] [MocapTag] [0x00005f2f] [485] , 2.31433, -0.0307862, -0.203018, -0.149342, -0.999699, 0.00593116, 0.00993457, 0.0216457, 0, 0, 0, 0, 0, 0, 
[2025-02-03 17:53:07.320933] [0x0000007f5fea89a0] [MocapTag] [0x00005f2f] [486] , 2.31433, -0.0307862, -0.203018, -0.149342, -0.999699, 0.00593116, 0.00993457, 0.0216457, 0, 0, 0, 0, 0, 0, 
[2025-02-03 17:53:07.323581] [0x0000007f5fea89a0] [MocapTag] [0x00005f2f] [487] , 2.31433, -0.0307887, -0.20302, -0.149342, -0.999699, 0.00592903, 0.00996702, 0.0216334, 0, 0, 0, 0, 0, 0, 
[2025-02-03 17:53:07.326433] [0x0000007f5fea89a0] [MocapTag] [0x00005f2f] [488] , 2.32433, -0.0307887, -0.20302, -0.149342, -0.999699, 0.00592903, 0.00996702, 0.0216334, 0, 0, 0, 0, 0, 0, 
[2025-02-03 17:53:07.328955] [0x0000007f5fea89a0] [MocapTag] [0x00005f2f] [489] , 2.32433, -0.0307887, -0.20302, -0.149342, -0.999699, 0.00592903, 0.00996702, 0.0216334, 0, 0, 0, 0, 0, 0, 
[2025-02-03 17:53:07.331837] [0x0000007f5fea89a0] [MocapTag] [0x00005f2f] [490] , 2.32433, -0.0307887, -0.20302, -0.149342, -0.999699, 0.00592903, 0.00996702, 0.0216334, 0, 0, 0, 0, 0, 0, 
[2025-02-03 17:53:07.334403] [0x0000007f5fea89a0] [MocapTag] [0x00005f2f] [491] , 2.32433, -0.0307909, -0.20302, -0.149331, -0.999699, 0.00594361, 0.00995333, 0.0216352, 0, 0, 0, 0, 0, 0, 
[2025-02-03 17:53:07.337961] [0x0000007f5fea89a0] [MocapTag] [0x00005f2f] [492] , 2.33434, -0.0307909, -0.20302, -0.149331, -0.999699, 0.00594361, 0.00995333, 0.0216352, 0, 0, 0, 0, 0, 0, 
[2025-02-03 17:53:07.340422] [0x0000007f5fea89a0] [MocapTag] [0x00005f2f] [493] , 2.33434, -0.0307909, -0.20302, -0.149331, -0.999699, 0.00594361, 0.00995333, 0.0216352, 0, 0, 0, 0, 0, 0, 
[2025-02-03 17:53:07.342910] [0x0000007f5fea89a0] [MocapTag] [0x00005f2f] [494] , 2.33434, -0.0307989, -0.203018, -0.149326, -0.999699, 0.00594326, 0.00996808, 0.0216318, 0, 0, 0, 0, 0, 0, 
[2025-02-03 17:53:07.346131] [0x0000007f5fea89a0] [MocapTag] [0x00005f2f] [495] , 2.34431, -0.0307989, -0.203018, -0.149326, -0.999699, 0.00594326, 0.00996808, 0.0216318, 0, 0, 0, 0, 0, 0, 
[2025-02-03 17:53:07.348308] [0x0000007f5fea89a0] [MocapTag] [0x00005f2f] [496] , 2.34431, -0.0307989, -0.203018, -0.149326, -0.999699, 0.00594326, 0.00996808, 0.0216318, 0, 0, 0, 0, 0, 0, 
[2025-02-03 17:53:07.352823] [0x0000007f5fea89a0] [MocapTag] [0x00005f2f] [497] , 2.34431, -0.0307989, -0.203018, -0.149326, -0.999699, 0.00594326, 0.00996808, 0.0216318, 0, 0, 0, 0, 0, 0, 
[2025-02-03 17:53:07.355621] [0x0000007f5fea89a0] [MocapTag] [0x00005f2f] [498] , 2.35432, -0.0308008, -0.203007, -0.149311, -0.999699, 0.0059315, 0.00994921, 0.0216412, 0, 0, 0, 0, 0, 0, 
[2025-02-03 17:53:07.358385] [0x0000007f5fea89a0] [MocapTag] [0x00005f2f] [499] , 2.35432, -0.0308008, -0.203007, -0.149311, -0.999699, 0.0059315, 0.00994921, 0.0216412, 0, 0, 0, 0, 0, 0, 
[2025-02-03 17:53:07.360911] [0x0000007f5fea89a0] [MocapTag] [0x00005f2f] [500] , 2.35432, -0.0308008, -0.203007, -0.149311, -0.999699, 0.0059315, 0.00994921, 0.0216412, 0, 0, 0, 0, 0, 0, 
[2025-02-03 17:53:07.364042] [0x0000007f5fea89a0] [MocapTag] [0x00005f2f] [501] , 2.35432, -0.0308028, -0.203006, -0.149308, -0.999699, 0.00594303, 0.00993109, 0.0216404, 0, 0, 0, 0, 0, 0, 
[2025-02-03 17:53:07.366345] [0x0000007f5fea89a0] [MocapTag] [0x00005f2f] [502] , 2.36433, -0.0308028, -0.203006, -0.149308, -0.999699, 0.00594303, 0.00993109, 0.0216404, 0, 0, 0, 0, 0, 0, 
[2025-02-03 17:53:07.370953] [0x0000007f5fea89a0] [MocapTag] [0x00005f2f] [503] , 2.36433, -0.0308028, -0.203006, -0.149308, -0.999699, 0.00594303, 0.00993109, 0.0216404, 0, 0, 0, 0, 0, 0, 
[2025-02-03 17:53:07.372646] [0x0000007f5fea89a0] [MocapTag] [0x00005f2f] [504] , 2.36433, -0.0308028, -0.203006, -0.149308, -0.999699, 0.00594303, 0.00993109, 0.0216404, 0, 0, 0, 0, 0, 0, 
[2025-02-03 17:53:07.375135] [0x0000007f5fea89a0] [MocapTag] [0x00005f2f] [505] , 2.37433, -0.030796, -0.20302, -0.149327, -0.999698, 0.00595349, 0.00997001, 0.0216496, 0, 0, 0, 0, 0, 0, 
[2025-02-03 17:53:07.377706] [0x0000007f5fea89a0] [MocapTag] [0x00005f2f] [506] , 2.37433, -0.030796, -0.20302, -0.149327, -0.999698, 0.00595349, 0.00997001, 0.0216496, 0, 0, 0, 0, 0, 0, 
[2025-02-03 17:53:07.380212] [0x0000007f5fea89a0] [MocapTag] [0x00005f2f] [507] , 2.37433, -0.030796, -0.20302, -0.149327, -0.999698, 0.00595349, 0.00997001, 0.0216496, 0, 0, 0, 0, 0, 0, 
[2025-02-03 17:53:07.384825] [0x0000007f5fea89a0] [MocapTag] [0x00005f2f] [508] , 2.38434, -0.0307923, -0.203024, -0.149323, -0.999699, 0.00594697, 0.00994923, 0.0216429, 0, 0, 0, 0, 0, 0, 
[2025-02-03 17:53:07.387571] [0x0000007f5fea89a0] [MocapTag] [0x00005f2f] [509] , 2.38434, -0.0307923, -0.203024, -0.149323, -0.999699, 0.00594697, 0.00994923, 0.0216429, 0, 0, 0, 0, 0, 0, 
[2025-02-03 17:53:07.390082] [0x0000007f5fea89a0] [MocapTag] [0x00005f2f] [510] , 2.38434, -0.0307923, -0.203024, -0.149323, -0.999699, 0.00594697, 0.00994923, 0.0216429, 0, 0, 0, 0, 0, 0, 
[2025-02-03 17:53:07.392791] [0x0000007f5fea89a0] [MocapTag] [0x00005f2f] [511] , 2.38434, -0.0307923, -0.203024, -0.149323, -0.999699, 0.00594697, 0.00994923, 0.0216429, 0, 0, 0, 0, 0, 0, 
[2025-02-03 17:53:07.395332] [0x0000007f5fea89a0] [MocapTag] [0x00005f2f] [512] , 2.39433, -0.03073, -0.203071, -0.149474, -0.999692, 0.00625023, 0.0101843, 0.0217351, 0, 0, 0, 0, 0, 0, 
[2025-02-03 17:53:07.400099] [0x0000007f5fea89a0] [MocapTag] [0x00005f2f] [513] , 2.39433, -0.03073, -0.203071, -0.149474, -0.999692, 0.00625023, 0.0101843, 0.0217351, 0.00622232, -0.00461961, -0.015105, -0.0618458, 0.0455752, 0, 
[2025-02-03 17:53:07.401515] [0x0000007f5fea89a0] [MocapTag] [0x00005f2f] [514] , 2.39433, -0.03073, -0.203071, -0.149474, -0.999692, 0.00625023, 0.0101843, 0.0217351, 0, 0, 0, 0, 0, 0, 
[2025-02-03 17:53:07.404024] [0x0000007f5fea89a0] [MocapTag] [0x00005f2f] [515] , 2.39433, -0.0307953, -0.20304, -0.149335, -0.999699, 0.00594578, 0.00996108, 0.0216408, 0, 0, 0, 0, 0, 0, 
[2025-02-03 17:53:07.406848] [0x0000007f5fea89a0] [MocapTag] [0x00005f2f] [516] , 2.40433, -0.0307953, -0.20304, -0.149335, -0.999699, 0.00594578, 0.00996108, 0.0216408, -0.00652307, 0.00309056, 0.0139038, 0.0620365, -0.0431983, 0, 
[2025-02-03 17:53:07.409410] [0x0000007f5fea89a0] [MocapTag] [0x00005f2f] [517] , 2.40433, -0.0307953, -0.20304, -0.149335, -0.999699, 0.00594578, 0.00996108, 0.0216408, 0, 0, 0, 0, 0, 0, 
[2025-02-03 17:53:07.412316] [0x0000007f5fea89a0] [MocapTag] [0x00005f2f] [518] , 2.40433, -0.0307953, -0.20304, -0.149335, -0.999699, 0.00594578, 0.00996108, 0.0216408, 0, 0, 0, 0, 0, 0, 
[2025-02-03 17:53:07.416667] [0x0000007f5fea89a0] [MocapTag] [0x00005f2f] [519] , 2.41433, -0.0307926, -0.203031, -0.149339, -0.999698, 0.00592626, 0.00993788, 0.0216591, 0, 0, 0, 0, 0, 0, 
[2025-02-03 17:53:07.419723] [0x0000007f5fea89a0] [MocapTag] [0x00005f2f] [520] , 2.41433, -0.0307926, -0.203031, -0.149339, -0.999698, 0.00592626, 0.00993788, 0.0216591, 0, 0, 0, 0, 0, 0, 
[2025-02-03 17:53:07.422307] [0x0000007f5fea89a0] [MocapTag] [0x00005f2f] [521] , 2.41433, -0.0307926, -0.203031, -0.149339, -0.999698, 0.00592626, 0.00993788, 0.0216591, 0, 0, 0, 0, 0, 0, 
[2025-02-03 17:53:07.425974] [0x0000007f5fea89a0] [MocapTag] [0x00005f2f] [522] , 2.42433, -0.030727, -0.203058, -0.149495, -0.999691, 0.00629162, 0.0102418, 0.0217521, 0, 0, 0, 0, 0, 0, 
[2025-02-03 17:53:07.427690] [0x0000007f5fea89a0] [MocapTag] [0x00005f2f] [523] , 2.42433, -0.030727, -0.203058, -0.149495, -0.999691, 0.00629162, 0.0102418, 0.0217521, 0.00655733, -0.00271012, -0.0156411, -0.0745773, 0.0590676, 0, 
[2025-02-03 17:53:07.430229] [0x0000007f5fea89a0] [MocapTag] [0x00005f2f] [524] , 2.42433, -0.030727, -0.203058, -0.149495, -0.999691, 0.00629162, 0.0102418, 0.0217521, 0, 0, 0, 0, 0, 0, 
[2025-02-03 17:53:07.437064] [0x0000007f5fea89a0] [MocapTag] [0x00005f2f] [525] , 2.43433, -0.030727, -0.203058, -0.149495, -0.999691, 0.00629162, 0.0102418, 0.0217521, 0, 0, 0, 0, 0, 0, 
[2025-02-03 17:53:07.438079] [0x0000007f5fea89a0] [MocapTag] [0x00005f2f] [526] , 2.43433, -0.0307993, -0.203005, -0.149331, -0.999699, 0.00593221, 0.00993771, 0.0216546, 0, 0, 0, 0, 0, 0, 
[2025-02-03 17:53:07.439718] [0x0000007f5fea89a0] [MocapTag] [0x00005f2f] [527] , 2.43433, -0.0307993, -0.203005, -0.149331, -0.999699, 0.00593221, 0.00993771, 0.0216546, -0.00722467, 0.0053202, 0.0163941, 0.0733852, -0.0591222, 0, 
[2025-02-03 17:53:07.442046] [0x0000007f5fea89a0] [MocapTag] [0x00005f2f] [528] , 2.43433, -0.0307993, -0.203005, -0.149331, -0.999699, 0.00593221, 0.00993771, 0.0216546, 0, 0, 0, 0, 0, 0, 
[2025-02-03 17:53:07.444648] [0x0000007f5fea89a0] [MocapTag] [0x00005f2f] [529] , 2.43433, -0.0308021, -0.203006, -0.149325, -0.999699, 0.00594501, 0.0099272, 0.0216437, 0, 0, 0, 0, 0, 0, 
[2025-02-03 17:53:07.449681] [0x0000007f5fea89a0] [MocapTag] [0x00005f2f] [530] , 2.44434, -0.0308021, -0.203006, -0.149325, -0.999699, 0.00594501, 0.0099272, 0.0216437, 0, 0, 0, 0, 0, 0, 
[2025-02-03 17:53:07.452461] [0x0000007f5fea89a0] [MocapTag] [0x00005f2f] [531] , 2.44434, -0.0308021, -0.203006, -0.149325, -0.999699, 0.00594501, 0.0099272, 0.0216437, 0, 0, 0, 0, 0, 0, 
[2025-02-03 17:53:07.455084] [0x0000007f5fea89a0] [MocapTag] [0x00005f2f] [532] , 2.45433, -0.0307983, -0.203006, -0.149318, -0.999699, 0.00593258, 0.00992762, 0.02164, 0, 0, 0, 0, 0, 0, 
[2025-02-03 17:53:07.457781] [0x0000007f5fea89a0] [MocapTag] [0x00005f2f] [533] , 2.45433, -0.0307983, -0.203006, -0.149318, -0.999699, 0.00593258, 0.00992762, 0.02164, 0, 0, 0, 0, 0, 0, 
[2025-02-03 17:53:07.460449] [0x0000007f5fea89a0] [MocapTag] [0x00005f2f] [534] , 2.45433, -0.0307983, -0.203006, -0.149318, -0.999699, 0.00593258, 0.00992762, 0.02164, 0, 0, 0, 0, 0, 0, 
[2025-02-03 17:53:07.465977] [0x0000007f5fea89a0] [MocapTag] [0x00005f2f] [535] , 2.46432, -0.0307983, -0.203006, -0.149318, -0.999699, 0.00593258, 0.00992762, 0.02164, 0, 0, 0, 0, 0, 0, 
[2025-02-03 17:53:07.467820] [0x0000007f5fea89a0] [MocapTag] [0x00005f2f] [536] , 2.46432, -0.0307903, -0.20302, -0.149317, -0.999699, 0.00592269, 0.00991224, 0.0216412, 0, 0, 0, 0, 0, 0, 
[2025-02-03 17:53:07.471178] [0x0000007f5fea89a0] [MocapTag] [0x00005f2f] [537] , 2.46432, -0.0307903, -0.20302, -0.149317, -0.999699, 0.00592269, 0.00991224, 0.0216412, 0, 0, 0, 0, 0, 0, 
[2025-02-03 17:53:07.480632] [0x0000007f5fea89a0] [MocapTag] [0x00005f2f] [538] , 2.47431, -0.0307854, -0.203025, -0.149319, -0.999699, 0.00592429, 0.0099283, 0.0216487, 0, 0, 0, 0, 0, 0, 
[2025-02-03 17:53:07.481204] [0x0000007f5fea89a0] [MocapTag] [0x00005f2f] [539] , 2.47431, -0.0307854, -0.203025, -0.149319, -0.999699, 0.00592429, 0.0099283, 0.0216487, 0, 0, 0, 0, 0, 0, 
[2025-02-03 17:53:07.482051] [0x0000007f5fea89a0] [MocapTag] [0x00005f2f] [540] , 2.47431, -0.0307854, -0.203025, -0.149319, -0.999699, 0.00592429, 0.0099283, 0.0216487, 0, 0, 0, 0, 0, 0, 
[2025-02-03 17:53:07.485464] [0x0000007f5fea89a0] [MocapTag] [0x00005f2f] [541] , 2.48432, -0.0307875, -0.203032, -0.149322, -0.999698, 0.00593929, 0.00993988, 0.0216615, 0, 0, 0, 0, 0, 0, 
[2025-02-03 17:53:07.487083] [0x0000007f5fea89a0] [MocapTag] [0x00005f2f] [542] , 2.48432, -0.0307875, -0.203032, -0.149322, -0.999698, 0.00593929, 0.00993988, 0.0216615, 0, 0, 0, 0, 0, 0, 
[2025-02-03 17:53:07.489671] [0x0000007f5fea89a0] [MocapTag] [0x00005f2f] [543] , 2.48432, -0.0307875, -0.203032, -0.149322, -0.999698, 0.00593929, 0.00993988, 0.0216615, 0, 0, 0, 0, 0, 0, 
[2025-02-03 17:53:07.492285] [0x0000007f5fea89a0] [MocapTag] [0x00005f2f] [544] , 2.48432, -0.0307875, -0.203032, -0.149322, -0.999698, 0.00593929, 0.00993988, 0.0216615, 0, 0, 0, 0, 0, 0, 
[2025-02-03 17:53:07.496718] [0x0000007f5fea89a0] [MocapTag] [0x00005f2f] [545] , 2.4943, -0.0307892, -0.203031, -0.149317, -0.999699, 0.00593318, 0.00994538, 0.0216436, 0, 0, 0, 0, 0, 0, 
[2025-02-03 17:53:07.499642] [0x0000007f5fea89a0] [MocapTag] [0x00005f2f] [546] , 2.4943, -0.0307892, -0.203031, -0.149317, -0.999699, 0.00593318, 0.00994538, 0.0216436, 0, 0, 0, 0, 0, 0, 
[2025-02-03 17:53:07.502413] [0x0000007f5fea89a0] [MocapTag] [0x00005f2f] [547] , 2.4943, -0.0307892, -0.203031, -0.149317, -0.999699, 0.00593318, 0.00994538, 0.0216436, 0, 0, 0, 0, 0, 0, 
[2025-02-03 17:53:07.504922] [0x0000007f5fea89a0] [MocapTag] [0x00005f2f] [548] , 2.50432, -0.0307933, -0.203023, -0.149311, -0.999699, 0.00594451, 0.00994287, 0.0216494, 0, 0, 0, 0, 0, 0, 
[2025-02-03 17:53:07.507841] [0x0000007f5fea89a0] [MocapTag] [0x00005f2f] [549] , 2.50432, -0.0307933, -0.203023, -0.149311, -0.999699, 0.00594451, 0.00994287, 0.0216494, 0, 0, 0, 0, 0, 0, 
[2025-02-03 17:53:07.510291] [0x0000007f5fea89a0] [MocapTag] [0x00005f2f] [550] , 2.50432, -0.0307933, -0.203023, -0.149311, -0.999699, 0.00594451, 0.00994287, 0.0216494, 0, 0, 0, 0, 0, 0, 
[2025-02-03 17:53:07.513655] [0x0000007f5fea89a0] [MocapTag] [0x00005f2f] [551] , 2.50432, -0.0307933, -0.203023, -0.149311, -0.999699, 0.00594451, 0.00994287, 0.0216494, 0, 0, 0, 0, 0, 0, 
[2025-02-03 17:53:07.516369] [0x0000007f5fea89a0] [MocapTag] [0x00005f2f] [552] , 2.51433, -0.0307948, -0.203017, -0.149313, -0.999698, 0.00596406, 0.00998542, 0.0216435, 0, 0, 0, 0, 0, 0, 
[2025-02-03 17:53:07.519183] [0x0000007f5fea89a0] [MocapTag] [0x00005f2f] [553] , 2.51433, -0.0307948, -0.203017, -0.149313, -0.999698, 0.00596406, 0.00998542, 0.0216435, 0, 0, 0, 0, 0, 0, 
[2025-02-03 17:53:07.521976] [0x0000007f5fea89a0] [MocapTag] [0x00005f2f] [554] , 2.51433, -0.0307948, -0.203017, -0.149313, -0.999698, 0.00596406, 0.00998542, 0.0216435, 0, 0, 0, 0, 0, 0, 
[2025-02-03 17:53:07.524972] [0x0000007f5fea89a0] [MocapTag] [0x00005f2f] [555] , 2.52433, -0.0307843, -0.203008, -0.149308, -0.999698, 0.00596493, 0.00997653, 0.0216428, 0, 0, 0, 0, 0, 0, 
[2025-02-03 17:53:07.529174] [0x0000007f5fea89a0] [MocapTag] [0x00005f2f] [556] , 2.52433, -0.0307843, -0.203008, -0.149308, -0.999698, 0.00596493, 0.00997653, 0.0216428, 0, 0, 0, 0, 0, 0, 
[2025-02-03 17:53:07.531941] [0x0000007f5fea89a0] [MocapTag] [0x00005f2f] [557] , 2.52433, -0.0307843, -0.203008, -0.149308, -0.999698, 0.00596493, 0.00997653, 0.0216428, 0, 0, 0, 0, 0, 0, 
[2025-02-03 17:53:07.534540] [0x0000007f5fea89a0] [MocapTag] [0x00005f2f] [558] , 2.52433, -0.0307771, -0.20301, -0.149306, -0.999698, 0.00594375, 0.00997355, 0.0216418, 0, 0, 0, 0, 0, 0, 
[2025-02-03 17:53:07.539331] [0x0000007f5fea89a0] [MocapTag] [0x00005f2f] [559] , 2.53434, -0.0307771, -0.20301, -0.149306, -0.999698, 0.00594375, 0.00997355, 0.0216418, 0, 0, 0, 0, 0, 0, 
[2025-02-03 17:53:07.540193] [0x0000007f5fea89a0] [MocapTag] [0x00005f2f] [560] , 2.53434, -0.0307771, -0.20301, -0.149306, -0.999698, 0.00594375, 0.00997355, 0.0216418, 0, 0, 0, 0, 0, 0, 
[2025-02-03 17:53:07.544460] [0x0000007f5fea89a0] [MocapTag] [0x00005f2f] [561] , 2.53434, -0.0307771, -0.20301, -0.149306, -0.999698, 0.00594375, 0.00997355, 0.0216418, 0, 0, 0, 0, 0, 0, 
[2025-02-03 17:53:07.547255] [0x0000007f5fea89a0] [MocapTag] [0x00005f2f] [562] , 2.54433, -0.0307767, -0.203009, -0.149312, -0.999698, 0.00594437, 0.00997492, 0.0216442, 0, 0, 0, 0, 0, 0, 
[2025-02-03 17:53:07.550195] [0x0000007f5fea89a0] [MocapTag] [0x00005f2f] [563] , 2.54433, -0.0307767, -0.203009, -0.149312, -0.999698, 0.00594437, 0.00997492, 0.0216442, 0, 0, 0, 0, 0, 0, 
[2025-02-03 17:53:07.554017] [0x0000007f5fea89a0] [MocapTag] [0x00005f2f] [564] , 2.54433, -0.0307767, -0.203009, -0.149312, -0.999698, 0.00594437, 0.00997492, 0.0216442, 0, 0, 0, 0, 0, 0, 
[2025-02-03 17:53:07.555687] [0x0000007f5fea89a0] [MocapTag] [0x00005f2f] [565] , 2.55433, -0.0307816, -0.203018, -0.149318, -0.999699, 0.00592122, 0.00992048, 0.0216395, 0, 0, 0, 0, 0, 0, 
[2025-02-03 17:53:07.560092] [0x0000007f5fea89a0] [MocapTag] [0x00005f2f] [566] , 2.55433, -0.0307816, -0.203018, -0.149318, -0.999699, 0.00592122, 0.00992048, 0.0216395, 0, 0, 0, 0, 0, 0, 
[2025-02-03 17:53:07.563324] [0x0000007f5fea89a0] [MocapTag] [0x00005f2f] [567] , 2.55433, -0.0307816, -0.203018, -0.149318, -0.999699, 0.00592122, 0.00992048, 0.0216395, 0, 0, 0, 0, 0, 0, 
[2025-02-03 17:53:07.566052] [0x0000007f5fea89a0] [MocapTag] [0x00005f2f] [568] , 2.56432, -0.0307828, -0.203026, -0.149329, -0.999699, 0.00592239, 0.00993513, 0.0216455, 0, 0, 0, 0, 0, 0, 
[2025-02-03 17:53:07.568897] [0x0000007f5fea89a0] [MocapTag] [0x00005f2f] [569] , 2.56432, -0.0307828, -0.203026, -0.149329, -0.999699, 0.00592239, 0.00993513, 0.0216455, 0, 0, 0, 0, 0, 0, 
[2025-02-03 17:53:07.571891] [0x0000007f5fea89a0] [MocapTag] [0x00005f2f] [570] , 2.56432, -0.0307828, -0.203026, -0.149329, -0.999699, 0.00592239, 0.00993513, 0.0216455, 0, 0, 0, 0, 0, 0, 
[2025-02-03 17:53:07.576249] [0x0000007f5fea89a0] [MocapTag] [0x00005f2f] [571] , 2.57432, -0.0307821, -0.203031, -0.149341, -0.999699, 0.00593847, 0.00994251, 0.0216417, 0, 0, 0, 0, 0, 0, 
[2025-02-03 17:53:07.579182] [0x0000007f5fea89a0] [MocapTag] [0x00005f2f] [572] , 2.57432, -0.0307821, -0.203031, -0.149341, -0.999699, 0.00593847, 0.00994251, 0.0216417, 0, 0, 0, 0, 0, 0, 
[2025-02-03 17:53:07.581985] [0x0000007f5fea89a0] [MocapTag] [0x00005f2f] [573] , 2.57432, -0.0307821, -0.203031, -0.149341, -0.999699, 0.00593847, 0.00994251, 0.0216417, 0, 0, 0, 0, 0, 0, 
[2025-02-03 17:53:07.584550] [0x0000007f5fea89a0] [MocapTag] [0x00005f2f] [574] , 2.57432, -0.0307871, -0.203032, -0.149337, -0.999699, 0.00591475, 0.00992859, 0.0216517, 0, 0, 0, 0, 0, 0, 
[2025-02-03 17:53:07.587438] [0x0000007f5fea89a0] [MocapTag] [0x00005f2f] [575] , 2.58433, -0.0307871, -0.203032, -0.149337, -0.999699, 0.00591475, 0.00992859, 0.0216517, 0, 0, 0, 0, 0, 0, 
[2025-02-03 17:53:07.591474] [0x0000007f5fea89a0] [MocapTag] [0x00005f2f] [576] , 2.58433, -0.0307871, -0.203032, -0.149337, -0.999699, 0.00591475, 0.00992859, 0.0216517, 0, 0, 0, 0, 0, 0, 
[2025-02-03 17:53:07.593414] [0x0000007f5fea89a0] [MocapTag] [0x00005f2f] [577] , 2.58433, -0.0307871, -0.203032, -0.149337, -0.999699, 0.00591475, 0.00992859, 0.0216517, 0, 0, 0, 0, 0, 0, 
[2025-02-03 17:53:07.596087] [0x0000007f5fea89a0] [MocapTag] [0x00005f2f] [578] , 2.59432, -0.0307232, -0.20307, -0.149493, -0.999691, 0.00628193, 0.0102443, 0.0217395, 0, 0, 0, 0, 0, 0, 
[2025-02-03 17:53:07.599796] [0x0000007f5fea89a0] [MocapTag] [0x00005f2f] [579] , 2.59432, -0.0307232, -0.20307, -0.149493, -0.999691, 0.00628193, 0.0102443, 0.0217395, 0.00638892, -0.00372624, -0.0155876, -0.0750065, 0.0614181, 0, 
[2025-02-03 17:53:07.601564] [0x0000007f5fea89a0] [MocapTag] [0x00005f2f] [580] , 2.59432, -0.0307232, -0.20307, -0.149493, -0.999691, 0.00628193, 0.0102443, 0.0217395, 0, 0, 0, 0, 0, 0, 
[2025-02-03 17:53:07.604169] [0x0000007f5fea89a0] [MocapTag] [0x00005f2f] [581] , 2.59432, -0.0307928, -0.20303, -0.149317, -0.999698, 0.00592033, 0.00996418, 0.0216497, 0, 0, 0, 0, 0, 0, 
[2025-02-03 17:53:07.608524] [0x0000007f5fea89a0] [MocapTag] [0x00005f2f] [582] , 2.60433, -0.0307928, -0.20303, -0.149317, -0.999698, 0.00592033, 0.00996418, 0.0216497, -0.00695877, 0.00393958, 0.0175958, 0.073719, -0.054322, 0, 
[2025-02-03 17:53:07.611037] [0x0000007f5fea89a0] [MocapTag] [0x00005f2f] [583] , 2.60433, -0.0307928, -0.20303, -0.149317, -0.999698, 0.00592033, 0.00996418, 0.0216497, 0, 0, 0, 0, 0, 0, 
[2025-02-03 17:53:07.613590] [0x0000007f5fea89a0] [MocapTag] [0x00005f2f] [584] , 2.60433, -0.0307898, -0.203024, -0.14931, -0.999698, 0.00594203, 0.00998273, 0.0216552, 0, 0, 0, 0, 0, 0, 
[2025-02-03 17:53:07.616433] [0x0000007f5fea89a0] [MocapTag] [0x00005f2f] [585] , 2.61432, -0.0307898, -0.203024, -0.14931, -0.999698, 0.00594203, 0.00998273, 0.0216552, 0, 0, 0, 0, 0, 0, 
[2025-02-03 17:53:07.619126] [0x0000007f5fea89a0] [MocapTag] [0x00005f2f] [586] , 2.61432, -0.0307898, -0.203024, -0.14931, -0.999698, 0.00594203, 0.00998273, 0.0216552, 0, 0, 0, 0, 0, 0, 
[2025-02-03 17:53:07.623804] [0x0000007f5fea89a0] [MocapTag] [0x00005f2f] [587] , 2.61432, -0.0307898, -0.203024, -0.14931, -0.999698, 0.00594203, 0.00998273, 0.0216552, 0, 0, 0, 0, 0, 0, 
[2025-02-03 17:53:07.625564] [0x0000007f5fea89a0] [MocapTag] [0x00005f2f] [588] , 2.62433, -0.0307895, -0.203019, -0.149302, -0.999698, 0.00597895, 0.0100045, 0.0216524, 0, 0, 0, 0, 0, 0, 
[2025-02-03 17:53:07.628498] [0x0000007f5fea89a0] [MocapTag] [0x00005f2f] [589] , 2.62433, -0.0307895, -0.203019, -0.149302, -0.999698, 0.00597895, 0.0100045, 0.0216524, 0, 0, 0, 0, 0, 0, 
[2025-02-03 17:53:07.631015] [0x0000007f5fea89a0] [MocapTag] [0x00005f2f] [590] , 2.62433, -0.0307895, -0.203019, -0.149302, -0.999698, 0.00597895, 0.0100045, 0.0216524, 0, 0, 0, 0, 0, 0, 
[2025-02-03 17:53:07.633649] [0x0000007f5fea89a0] [MocapTag] [0x00005f2f] [591] , 2.62433, -0.0308021, -0.203009, -0.149298, -0.999698, 0.00596142, 0.00996964, 0.0216685, 0, 0, 0, 0, 0, 0, 
[2025-02-03 17:53:07.644775] [0x0000007f5fea89a0] [MocapTag] [0x00005f2f] [592] , 2.64432, -0.0308021, -0.203009, -0.149298, -0.999698, 0.00596142, 0.00996964, 0.0216685, 0, 0, 0, 0, 0, 0, 
[2025-02-03 17:53:07.645424] [0x0000007f5fea89a0] [MocapTag] [0x00005f2f] [593] , 2.64432, -0.0308021, -0.203009, -0.149298, -0.999698, 0.00596142, 0.00996964, 0.0216685, 0, 0, 0, 0, 0, 0, 
[2025-02-03 17:53:07.645947] [0x0000007f5fea89a0] [MocapTag] [0x00005f2f] [594] , 2.64432, -0.0307969, -0.203004, -0.149296, -0.999698, 0.00595577, 0.00994465, 0.021659, 0, 0, 0, 0, 0, 0, 
[2025-02-03 17:53:07.646473] [0x0000007f5fea89a0] [MocapTag] [0x00005f2f] [595] , 2.64432, -0.0307969, -0.203004, -0.149296, -0.999698, 0.00595577, 0.00994465, 0.021659, 0, 0, 0, 0, 0, 0, 
[2025-02-03 17:53:07.649127] [0x0000007f5fea89a0] [MocapTag] [0x00005f2f] [596] , 2.64432, -0.0307969, -0.203004, -0.149296, -0.999698, 0.00595577, 0.00994465, 0.021659, 0, 0, 0, 0, 0, 0, 
[2025-02-03 17:53:07.653187] [0x0000007f5fea89a0] [MocapTag] [0x00005f2f] [597] , 2.64432, -0.0307969, -0.203004, -0.149296, -0.999698, 0.00595577, 0.00994465, 0.021659, 0, 0, 0, 0, 0, 0, 
[2025-02-03 17:53:07.655063] [0x0000007f5fea89a0] [MocapTag] [0x00005f2f] [598] , 2.65432, -0.0307895, -0.203017, -0.149313, -0.999698, 0.0059393, 0.00995729, 0.0216534, 0, 0, 0, 0, 0, 0, 
[2025-02-03 17:53:07.658229] [0x0000007f5fea89a0] [MocapTag] [0x00005f2f] [599] , 2.65432, -0.0307895, -0.203017, -0.149313, -0.999698, 0.0059393, 0.00995729, 0.0216534, 0, 0, 0, 0, 0, 0, 
[2025-02-03 17:53:07.660909] [0x0000007f5fea89a0] [MocapTag] [0x00005f2f] [600] , 2.65432, -0.0307895, -0.203017, -0.149313, -0.999698, 0.0059393, 0.00995729, 0.0216534, 0, 0, 0, 0, 0, 0, 
[2025-02-03 17:53:07.663582] [0x0000007f5fea89a0] [MocapTag] [0x00005f2f] [601] , 2.65432, -0.0307804, -0.20303, -0.149331, -0.999699, 0.0059214, 0.00995593, 0.0216455, 0, 0, 0, 0, 0, 0, 
[2025-02-03 17:53:07.666430] [0x0000007f5fea89a0] [MocapTag] [0x00005f2f] [602] , 2.66433, -0.0307804, -0.20303, -0.149331, -0.999699, 0.0059214, 0.00995593, 0.0216455, 0, 0, 0, 0, 0, 0, 
[2025-02-03 17:53:07.671318] [0x0000007f5fea89a0] [MocapTag] [0x00005f2f] [603] , 2.66433, -0.0307804, -0.20303, -0.149331, -0.999699, 0.0059214, 0.00995593, 0.0216455, 0, 0, 0, 0, 0, 0, 
[2025-02-03 17:53:07.674250] [0x0000007f5fea89a0] [MocapTag] [0x00005f2f] [604] , 2.66433, -0.03078, -0.203038, -0.14935, -0.999699, 0.0058956, 0.00992445, 0.0216571, 0, 0, 0, 0, 0, 0, 
[2025-02-03 17:53:07.679239] [0x0000007f5fea89a0] [MocapTag] [0x00005f2f] [605] , 2.67434, -0.03078, -0.203038, -0.14935, -0.999699, 0.0058956, 0.00992445, 0.0216571, 0, 0, 0, 0, 0, 0, 
[2025-02-03 17:53:07.679793] [0x0000007f5fea89a0] [MocapTag] [0x00005f2f] [606] , 2.67434, -0.03078, -0.203038, -0.14935, -0.999699, 0.0058956, 0.00992445, 0.0216571, 0, 0, 0, 0, 0, 0, 
[2025-02-03 17:53:07.685503] [0x0000007f5fea89a0] [MocapTag] [0x00005f2f] [607] , 2.68431, -0.03078, -0.203038, -0.14935, -0.999699, 0.0058956, 0.00992445, 0.0216571, 0, 0, 0, 0, 0, 0, 
[2025-02-03 17:53:07.686414] [0x0000007f5fea89a0] [MocapTag] [0x00005f2f] [608] , 2.68431, -0.0307893, -0.203049, -0.14936, -0.999699, 0.00587653, 0.00990915, 0.021659, 0, 0, 0, 0, 0, 0, 
[2025-02-03 17:53:07.689822] [0x0000007f5fea89a0] [MocapTag] [0x00005f2f] [609] , 2.68431, -0.0307893, -0.203049, -0.14936, -0.999699, 0.00587653, 0.00990915, 0.021659, 0, 0, 0, 0, 0, 0, 
[2025-02-03 17:53:07.692040] [0x0000007f5fea89a0] [MocapTag] [0x00005f2f] [610] , 2.68431, -0.0307893, -0.203049, -0.14936, -0.999699, 0.00587653, 0.00990915, 0.021659, 0, 0, 0, 0, 0, 0, 
[2025-02-03 17:53:07.694654] [0x0000007f5fea89a0] [MocapTag] [0x00005f2f] [611] , 2.69432, -0.0307821, -0.203049, -0.149367, -0.999698, 0.00591932, 0.0100148, 0.0216579, 0, 0, 0, 0, 0, 0, 
[2025-02-03 17:53:07.697450] [0x0000007f5fea89a0] [MocapTag] [0x00005f2f] [612] , 2.69432, -0.0307821, -0.203049, -0.149367, -0.999698, 0.00591932, 0.0100148, 0.0216579, 0, 0, 0, 0, 0, 0, 
[2025-02-03 17:53:07.701851] [0x0000007f5fea89a0] [MocapTag] [0x00005f2f] [613] , 2.69432, -0.0307821, -0.203049, -0.149367, -0.999698, 0.00591932, 0.0100148, 0.0216579, 0, 0, 0, 0, 0, 0, 
[2025-02-03 17:53:07.704454] [0x0000007f5fea89a0] [MocapTag] [0x00005f2f] [614] , 2.69432, -0.0307948, -0.203035, -0.149346, -0.999698, 0.00591195, 0.00999815, 0.0216639, 0, 0, 0, 0, 0, 0, 
[2025-02-03 17:53:07.707324] [0x0000007f5fea89a0] [MocapTag] [0x00005f2f] [615] , 2.70433, -0.0307948, -0.203035, -0.149346, -0.999698, 0.00591195, 0.00999815, 0.0216639, 0, 0, 0.00213739, 0, 0, 0, 
[2025-02-03 17:53:07.709973] [0x0000007f5fea89a0] [MocapTag] [0x00005f2f] [616] , 2.70433, -0.0307948, -0.203035, -0.149346, -0.999698, 0.00591195, 0.00999815, 0.0216639, 0, 0, 0, 0, 0, 0, 
[2025-02-03 17:53:07.713183] [0x0000007f5fea89a0] [MocapTag] [0x00005f2f] [617] , 2.70433, -0.0307948, -0.203035, -0.149346, -0.999698, 0.00591195, 0.00999815, 0.0216639, 0, 0, 0, 0, 0, 0, 
[2025-02-03 17:53:07.715220] [0x0000007f5fea89a0] [MocapTag] [0x00005f2f] [618] , 2.71432, -0.0308021, -0.203035, -0.149341, -0.999699, 0.0059132, 0.00997384, 0.021639, 0, 0, 0, 0, 0, 0, 
[2025-02-03 17:53:07.718861] [0x0000007f5fea89a0] [MocapTag] [0x00005f2f] [619] , 2.71432, -0.0308021, -0.203035, -0.149341, -0.999699, 0.0059132, 0.00997384, 0.021639, 0, 0, 0, 0, 0, 0, 
[2025-02-03 17:53:07.722918] [0x0000007f5fea89a0] [MocapTag] [0x00005f2f] [620] , 2.71432, -0.0308021, -0.203035, -0.149341, -0.999699, 0.0059132, 0.00997384, 0.021639, 0, 0, 0, 0, 0, 0, 
[2025-02-03 17:53:07.724536] [0x0000007f5fea89a0] [MocapTag] [0x00005f2f] [621] , 2.71432, -0.0308101, -0.203032, -0.149331, -0.999698, 0.00591604, 0.00997601, 0.0216687, 0, 0, 0, 0, 0, 0, 
[2025-02-03 17:53:07.727453] [0x0000007f5fea89a0] [MocapTag] [0x00005f2f] [622] , 2.72432, -0.0308101, -0.203032, -0.149331, -0.999698, 0.00591604, 0.00997601, 0.0216687, 0, 0, 0, 0, 0, 0, 
[2025-02-03 17:53:07.729905] [0x0000007f5fea89a0] [MocapTag] [0x00005f2f] [623] , 2.72432, -0.0308101, -0.203032, -0.149331, -0.999698, 0.00591604, 0.00997601, 0.0216687, 0, 0, 0, 0, 0, 0, 
[2025-02-03 17:53:07.734453] [0x0000007f5fea89a0] [MocapTag] [0x00005f2f] [624] , 2.72432, -0.0308101, -0.203032, -0.149331, -0.999698, 0.00591604, 0.00997601, 0.0216687, 0, 0, 0, 0, 0, 0, 
[2025-02-03 17:53:07.737037] [0x0000007f5fea89a0] [MocapTag] [0x00005f2f] [625] , 2.73433, -0.0308088, -0.203033, -0.149326, -0.999699, 0.00590577, 0.00995138, 0.0216393, 0, 0, 0, 0, 0, 0, 
[2025-02-03 17:53:07.739953] [0x0000007f5fea89a0] [MocapTag] [0x00005f2f] [626] , 2.73433, -0.0308088, -0.203033, -0.149326, -0.999699, 0.00590577, 0.00995138, 0.0216393, 0, 0, 0, 0, 0, 0, 
[2025-02-03 17:53:07.743280] [0x0000007f5fea89a0] [MocapTag] [0x00005f2f] [627] , 2.73433, -0.0308088, -0.203033, -0.149326, -0.999699, 0.00590577, 0.00995138, 0.0216393, 0, 0, 0, 0, 0, 0, 
[2025-02-03 17:53:07.747108] [0x0000007f5fea89a0] [MocapTag] [0x00005f2f] [628] , 2.74432, -0.0308184, -0.203036, -0.149326, -0.999698, 0.00590802, 0.00996283, 0.0216608, 0, 0, 0, 0, 0, 0, 
[2025-02-03 17:53:07.749841] [0x0000007f5fea89a0] [MocapTag] [0x00005f2f] [629] , 2.74432, -0.0308184, -0.203036, -0.149326, -0.999698, 0.00590802, 0.00996283, 0.0216608, 0, 0, 0, 0, 0, 0, 
[2025-02-03 17:53:07.752557] [0x0000007f5fea89a0] [MocapTag] [0x00005f2f] [630] , 2.74432, -0.0308184, -0.203036, -0.149326, -0.999698, 0.00590802, 0.00996283, 0.0216608, 0, 0, 0, 0, 0, 0, 
[2025-02-03 17:53:07.755374] [0x0000007f5fea89a0] [MocapTag] [0x00005f2f] [631] , 2.75431, -0.0308232, -0.203041, -0.149336, -0.999698, 0.00590201, 0.00997045, 0.0216873, 0, 0, 0, 0, 0, 0, 
[2025-02-03 17:53:07.758247] [0x0000007f5fea89a0] [MocapTag] [0x00005f2f] [632] , 2.75431, -0.0308232, -0.203041, -0.149336, -0.999698, 0.00590201, 0.00997045, 0.0216873, 0, 0, 0, 0, 0, 0, 
[2025-02-03 17:53:07.760934] [0x0000007f5fea89a0] [MocapTag] [0x00005f2f] [633] , 2.75431, -0.0308232, -0.203041, -0.149336, -0.999698, 0.00590201, 0.00997045, 0.0216873, 0, 0, 0, 0, 0, 0, 
[2025-02-03 17:53:07.763540] [0x0000007f5fea89a0] [MocapTag] [0x00005f2f] [634] , 2.75431, -0.030821, -0.203055, -0.149346, -0.999698, 0.00594701, 0.0100107, 0.0216631, 0, 0, 0, 0, 0, 0, 
[2025-02-03 17:53:07.766620] [0x0000007f5fea89a0] [MocapTag] [0x00005f2f] [635] , 2.76432, -0.030821, -0.203055, -0.149346, -0.999698, 0.00594701, 0.0100107, 0.0216631, 0, 0, 0, 0, 0, 0, 
[2025-02-03 17:53:07.769963] [0x0000007f5fea89a0] [MocapTag] [0x00005f2f] [636] , 2.76432, -0.030821, -0.203055, -0.149346, -0.999698, 0.00594701, 0.0100107, 0.0216631, 0, 0, 0, 0, 0, 0, 
[2025-02-03 17:53:07.772053] [0x0000007f5fea89a0] [MocapTag] [0x00005f2f] [637] , 2.76432, -0.030821, -0.203055, -0.149346, -0.999698, 0.00594701, 0.0100107, 0.0216631, 0, 0, 0, 0, 0, 0, 
[2025-02-03 17:53:07.774759] [0x0000007f5fea89a0] [MocapTag] [0x00005f2f] [638] , 2.77434, -0.0308147, -0.203043, -0.149339, -0.999698, 0.00593653, 0.00995872, 0.0216501, 0, 0, 0, 0, 0, 0, 
[2025-02-03 17:53:07.777955] [0x0000007f5fea89a0] [MocapTag] [0x00005f2f] [639] , 2.77434, -0.0308147, -0.203043, -0.149339, -0.999698, 0.00593653, 0.00995872, 0.0216501, 0, 0, 0, 0, 0, 0, 
[2025-02-03 17:53:07.781736] [0x0000007f5fea89a0] [MocapTag] [0x00005f2f] [640] , 2.77434, -0.0308147, -0.203043, -0.149339, -0.999698, 0.00593653, 0.00995872, 0.0216501, 0, 0, 0, 0, 0, 0, 
[2025-02-03 17:53:07.784284] [0x0000007f5fea89a0] [MocapTag] [0x00005f2f] [641] , 2.77434, -0.0308221, -0.203055, -0.149339, -0.999698, 0.00593611, 0.00993281, 0.0216643, 0, 0, 0, 0, 0, 0, 
[2025-02-03 17:53:07.787157] [0x0000007f5fea89a0] [MocapTag] [0x00005f2f] [642] , 2.78434, -0.0308221, -0.203055, -0.149339, -0.999698, 0.00593611, 0.00993281, 0.0216643, 0, 0, 0, 0, 0, 0, 
[2025-02-03 17:53:07.789974] [0x0000007f5fea89a0] [MocapTag] [0x00005f2f] [643] , 2.78434, -0.0308221, -0.203055, -0.149339, -0.999698, 0.00593611, 0.00993281, 0.0216643, 0, 0, 0, 0, 0, 0, 
[2025-02-03 17:53:07.792537] [0x0000007f5fea89a0] [MocapTag] [0x00005f2f] [644] , 2.78434, -0.0308221, -0.203055, -0.149339, -0.999698, 0.00593611, 0.00993281, 0.0216643, 0, 0, 0, 0, 0, 0, 
[2025-02-03 17:53:07.795214] [0x0000007f5fea89a0] [MocapTag] [0x00005f2f] [645] , 2.79432, -0.030824, -0.203061, -0.149335, -0.999698, 0.00591911, 0.00992742, 0.0216788, 0, 0, 0, 0, 0, 0, 
[2025-02-03 17:53:07.798778] [0x0000007f5fea89a0] [MocapTag] [0x00005f2f] [646] , 2.79432, -0.030824, -0.203061, -0.149335, -0.999698, 0.00591911, 0.00992742, 0.0216788, 0, 0, 0, 0, 0, 0, 
[2025-02-03 17:53:07.801435] [0x0000007f5fea89a0] [MocapTag] [0x00005f2f] [647] , 2.79432, -0.030824, -0.203061, -0.149335, -0.999698, 0.00591911, 0.00992742, 0.0216788, 0, 0, 0, 0, 0, 0, 
[2025-02-03 17:53:07.803906] [0x0000007f5fea89a0] [MocapTag] [0x00005f2f] [648] , 2.79432, -0.0308083, -0.203064, -0.149344, -0.999698, 0.00595915, 0.00993894, 0.021662, 0, 0, 0, 0, 0, 0, 
[2025-02-03 17:53:07.806664] [0x0000007f5fea89a0] [MocapTag] [0x00005f2f] [649] , 2.80432, -0.0308083, -0.203064, -0.149344, -0.999698, 0.00595915, 0.00993894, 0.021662, 0, 0, 0, 0, 0, 0, 
[2025-02-03 17:53:07.809481] [0x0000007f5fea89a0] [MocapTag] [0x00005f2f] [650] , 2.80432, -0.0308083, -0.203064, -0.149344, -0.999698, 0.00595915, 0.00993894, 0.021662, 0, 0, 0, 0, 0, 0, 
[2025-02-03 17:53:07.813919] [0x0000007f5fea89a0] [MocapTag] [0x00005f2f] [651] , 2.80432, -0.0308083, -0.203064, -0.149344, -0.999698, 0.00595915, 0.00993894, 0.021662, 0, 0, 0, 0, 0, 0, 
[2025-02-03 17:53:07.816674] [0x0000007f5fea89a0] [MocapTag] [0x00005f2f] [652] , 2.81432, -0.0308203, -0.203055, -0.149338, -0.999699, 0.00592961, 0.00988447, 0.0216524, 0, 0, 0, 0, 0, 0, 
[2025-02-03 17:53:07.819451] [0x0000007f5fea89a0] [MocapTag] [0x00005f2f] [653] , 2.81432, -0.0308203, -0.203055, -0.149338, -0.999699, 0.00592961, 0.00988447, 0.0216524, 0, 0, 0, 0, 0, 0, 
[2025-02-03 17:53:07.822211] [0x0000007f5fea89a0] [MocapTag] [0x00005f2f] [654] , 2.81432, -0.0308203, -0.203055, -0.149338, -0.999699, 0.00592961, 0.00988447, 0.0216524, 0, 0, 0, 0, 0, 0, 
[2025-02-03 17:53:07.824871] [0x0000007f5fea89a0] [MocapTag] [0x00005f2f] [655] , 2.82434, -0.0308241, -0.203053, -0.149344, -0.999699, 0.00595804, 0.00989605, 0.0216482, 0, 0, 0, 0, 0, 0, 
[2025-02-03 17:53:07.829584] [0x0000007f5fea89a0] [MocapTag] [0x00005f2f] [656] , 2.82434, -0.0308241, -0.203053, -0.149344, -0.999699, 0.00595804, 0.00989605, 0.0216482, 0, 0, 0, 0, 0, 0, 
[2025-02-03 17:53:07.832968] [0x0000007f5fea89a0] [MocapTag] [0x00005f2f] [657] , 2.82434, -0.0308241, -0.203053, -0.149344, -0.999699, 0.00595804, 0.00989605, 0.0216482, 0, 0, 0, 0, 0, 0, 
[2025-02-03 17:53:07.835205] [0x0000007f5fea89a0] [MocapTag] [0x00005f2f] [658] , 2.83433, -0.0308245, -0.20304, -0.149344, -0.999699, 0.00596926, 0.00992722, 0.0216285, 0, 0, 0, 0, 0, 0, 
[2025-02-03 17:53:07.838648] [0x0000007f5fea89a0] [MocapTag] [0x00005f2f] [659] , 2.83433, -0.0308245, -0.20304, -0.149344, -0.999699, 0.00596926, 0.00992722, 0.0216285, 0, 0, 0, 0, 0, 0, 
[2025-02-03 17:53:07.841156] [0x0000007f5fea89a0] [MocapTag] [0x00005f2f] [660] , 2.83433, -0.0308245, -0.20304, -0.149344, -0.999699, 0.00596926, 0.00992722, 0.0216285, 0, 0, 0, 0, 0, 0, 
[2025-02-03 17:53:07.846454] [0x0000007f5fea89a0] [MocapTag] [0x00005f2f] [661] , 2.84434, -0.0308324, -0.20303, -0.149353, -0.999699, 0.00595877, 0.00998256, 0.0215973, 0, 0, 0, 0, 0, 0, 
[2025-02-03 17:53:07.848416] [0x0000007f5fea89a0] [MocapTag] [0x00005f2f] [662] , 2.84434, -0.0308324, -0.20303, -0.149353, -0.999699, 0.00595877, 0.00998256, 0.0215973, 0, 0, 0, 0, 0, 0, 
[2025-02-03 17:53:07.851108] [0x0000007f5fea89a0] [MocapTag] [0x00005f2f] [663] , 2.84434, -0.0308324, -0.20303, -0.149353, -0.999699, 0.00595877, 0.00998256, 0.0215973, 0, 0, 0, 0, 0, 0, 
[2025-02-03 17:53:07.853687] [0x0000007f5fea89a0] [MocapTag] [0x00005f2f] [664] , 2.84434, -0.0308303, -0.203034, -0.149355, -0.999699, 0.00593569, 0.00996797, 0.0216102, 0, 0, 0, 0, 0, 0, 
[2025-02-03 17:53:07.856431] [0x0000007f5fea89a0] [MocapTag] [0x00005f2f] [665] , 2.85433, -0.0308303, -0.203034, -0.149355, -0.999699, 0.00593569, 0.00996797, 0.0216102, 0, 0, 0, 0, 0, 0, 
[2025-02-03 17:53:07.861595] [0x0000007f5fea89a0] [MocapTag] [0x00005f2f] [666] , 2.85433, -0.0308303, -0.203034, -0.149355, -0.999699, 0.00593569, 0.00996797, 0.0216102, 0, 0, 0, 0, 0, 0, 
[2025-02-03 17:53:07.863787] [0x0000007f5fea89a0] [MocapTag] [0x00005f2f] [667] , 2.85433, -0.0308246, -0.203041, -0.149363, -0.999699, 0.00593821, 0.00997095, 0.0216145, 0, 0, 0, 0, 0, 0, 
[2025-02-03 17:53:07.866759] [0x0000007f5fea89a0] [MocapTag] [0x00005f2f] [668] , 2.86433, -0.0308246, -0.203041, -0.149363, -0.999699, 0.00593821, 0.00997095, 0.0216145, 0, 0, 0, 0, 0, 0, 
[2025-02-03 17:53:07.869334] [0x0000007f5fea89a0] [MocapTag] [0x00005f2f] [669] , 2.86433, -0.0308246, -0.203041, -0.149363, -0.999699, 0.00593821, 0.00997095, 0.0216145, 0, 0, 0, 0, 0, 0, 
[2025-02-03 17:53:07.874135] [0x0000007f5fea89a0] [MocapTag] [0x00005f2f] [670] , 2.86433, -0.0308246, -0.203041, -0.149363, -0.999699, 0.00593821, 0.00997095, 0.0216145, 0, 0, 0, 0, 0, 0, 
[2025-02-03 17:53:07.876843] [0x0000007f5fea89a0] [MocapTag] [0x00005f2f] [671] , 2.87434, -0.0308265, -0.203044, -0.149357, -0.9997, 0.00592577, 0.00992218, 0.0216111, 0, 0, 0, 0, 0, 0, 
[2025-02-03 17:53:07.879542] [0x0000007f5fea89a0] [MocapTag] [0x00005f2f] [672] , 2.87434, -0.0308265, -0.203044, -0.149357, -0.9997, 0.00592577, 0.00992218, 0.0216111, 0, 0, 0, 0, 0, 0, 
[2025-02-03 17:53:07.882453] [0x0000007f5fea89a0] [MocapTag] [0x00005f2f] [673] , 2.87434, -0.0308265, -0.203044, -0.149357, -0.9997, 0.00592577, 0.00992218, 0.0216111, 0, 0, 0, 0, 0, 0, 
[2025-02-03 17:53:07.885456] [0x0000007f5fea89a0] [MocapTag] [0x00005f2f] [674] , 2.88433, -0.0308344, -0.203058, -0.149352, -0.999699, 0.00594809, 0.00993335, 0.0216104, 0, 0, 0, 0, 0, 0, 
[2025-02-03 17:53:07.887767] [0x0000007f5fea89a0] [MocapTag] [0x00005f2f] [675] , 2.88433, -0.0308344, -0.203058, -0.149352, -0.999699, 0.00594809, 0.00993335, 0.0216104, 0, 0, 0, 0, 0, 0, 
[2025-02-03 17:53:07.894613] [0x0000007f5fea89a0] [MocapTag] [0x00005f2f] [676] , 2.88433, -0.0308344, -0.203058, -0.149352, -0.999699, 0.00594809, 0.00993335, 0.0216104, 0, 0, 0, 0, 0, 0, 
[2025-02-03 17:53:07.895243] [0x0000007f5fea89a0] [MocapTag] [0x00005f2f] [677] , 2.89432, -0.0308385, -0.203071, -0.149348, -0.999699, 0.00598186, 0.00993116, 0.0216074, 0, 0, 0, 0, 0, 0, 
[2025-02-03 17:53:07.897967] [0x0000007f5fea89a0] [MocapTag] [0x00005f2f] [678] , 2.89432, -0.0308385, -0.203071, -0.149348, -0.999699, 0.00598186, 0.00993116, 0.0216074, 0, 0, 0, 0, 0, 0, 
[2025-02-03 17:53:07.900538] [0x0000007f5fea89a0] [MocapTag] [0x00005f2f] [679] , 2.89432, -0.0308385, -0.203071, -0.149348, -0.999699, 0.00598186, 0.00993116, 0.0216074, 0, 0, 0, 0, 0, 0, 
[2025-02-03 17:53:07.903161] [0x0000007f5fea89a0] [MocapTag] [0x00005f2f] [680] , 2.89432, -0.0308353, -0.20307, -0.149346, -0.999699, 0.00593996, 0.00992563, 0.0216466, 0, 0, 0, 0, 0, 0, 
[2025-02-03 17:53:07.906101] [0x0000007f5fea89a0] [MocapTag] [0x00005f2f] [681] , 2.90431, -0.0308353, -0.20307, -0.149346, -0.999699, 0.00593996, 0.00992563, 0.0216466, 0, 0, 0, 0, 0, 0, 
[2025-02-03 17:53:07.908934] [0x0000007f5fea89a0] [MocapTag] [0x00005f2f] [682] , 2.90431, -0.0308353, -0.20307, -0.149346, -0.999699, 0.00593996, 0.00992563, 0.0216466, 0, 0, 0, 0, 0, 0, 
[2025-02-03 17:53:07.911711] [0x0000007f5fea89a0] [MocapTag] [0x00005f2f] [683] , 2.90431, -0.0308353, -0.20307, -0.149346, -0.999699, 0.00593996, 0.00992563, 0.0216466, 0, 0, 0, 0, 0, 0, 
[2025-02-03 17:53:07.914278] [0x0000007f5fea89a0] [MocapTag] [0x00005f2f] [684] , 2.90431, -0.0308315, -0.203066, -0.149344, -0.999698, 0.00598426, 0.0099883, 0.021649, 0, 0, 0, 0, 0, 0, 
[2025-02-03 17:53:07.917334] [0x0000007f5fea89a0] [MocapTag] [0x00005f2f] [685] , 2.91433, -0.0308315, -0.203066, -0.149344, -0.999698, 0.00598426, 0.0099883, 0.021649, 0, 0, 0, 0, 0, 0, 
[2025-02-03 17:53:07.920087] [0x0000007f5fea89a0] [MocapTag] [0x00005f2f] [686] , 2.91433, -0.0308315, -0.203066, -0.149344, -0.999698, 0.00598426, 0.0099883, 0.021649, 0, 0, 0, 0, 0, 0, 
[2025-02-03 17:53:07.923920] [0x0000007f5fea89a0] [MocapTag] [0x00005f2f] [687] , 2.91433, -0.0308315, -0.203066, -0.149344, -0.999698, 0.00598426, 0.0099883, 0.021649, 0, 0, 0, 0, 0, 0, 
[2025-02-03 17:53:07.926472] [0x0000007f5fea89a0] [MocapTag] [0x00005f2f] [688] , 2.92433, -0.0308217, -0.20304, -0.149326, -0.999698, 0.00596563, 0.00995203, 0.0216732, 0, 0, 0, 0, 0, 0, 
[2025-02-03 17:53:07.929314] [0x0000007f5fea89a0] [MocapTag] [0x00005f2f] [689] , 2.92433, -0.0308217, -0.20304, -0.149326, -0.999698, 0.00596563, 0.00995203, 0.0216732, 0, 0.00261288, 0, 0, 0, 0, 
[2025-02-03 17:53:07.932209] [0x0000007f5fea89a0] [MocapTag] [0x00005f2f] [690] , 2.92433, -0.0308217, -0.20304, -0.149326, -0.999698, 0.00596563, 0.00995203, 0.0216732, 0, 0, 0, 0, 0, 0, 
[2025-02-03 17:53:07.934781] [0x0000007f5fea89a0] [MocapTag] [0x00005f2f] [691] , 2.93433, -0.0308164, -0.203033, -0.149328, -0.999698, 0.0059744, 0.00996835, 0.0216401, 0, 0, 0, 0, 0, 0, 
[2025-02-03 17:53:07.939701] [0x0000007f5fea89a0] [MocapTag] [0x00005f2f] [692] , 2.93433, -0.0308164, -0.203033, -0.149328, -0.999698, 0.0059744, 0.00996835, 0.0216401, 0, 0, 0, 0, 0, 0, 
[2025-02-03 17:53:07.942406] [0x0000007f5fea89a0] [MocapTag] [0x00005f2f] [693] , 2.93433, -0.0308164, -0.203033, -0.149328, -0.999698, 0.0059744, 0.00996835, 0.0216401, 0, 0, 0, 0, 0, 0, 
[2025-02-03 17:53:07.945642] [0x0000007f5fea89a0] [MocapTag] [0x00005f2f] [694] , 2.94433, -0.0308317, -0.20302, -0.149326, -0.999699, 0.00597511, 0.00995184, 0.021637, 0, 0, 0, 0, 0, 0, 
[2025-02-03 17:53:07.949813] [0x0000007f5fea89a0] [MocapTag] [0x00005f2f] [695] , 2.94433, -0.0308317, -0.20302, -0.149326, -0.999699, 0.00597511, 0.00995184, 0.021637, 0, 0, 0, 0, 0, 0, 
[2025-02-03 17:53:07.950720] [0x0000007f5fea89a0] [MocapTag] [0x00005f2f] [696] , 2.94433, -0.0308317, -0.20302, -0.149326, -0.999699, 0.00597511, 0.00995184, 0.021637, 0, 0, 0, 0, 0, 0, 
[2025-02-03 17:53:07.955103] [0x0000007f5fea89a0] [MocapTag] [0x00005f2f] [697] , 2.95433, -0.0308271, -0.203024, -0.149343, -0.999698, 0.00600183, 0.0099372, 0.0216609, 0, 0, 0, 0, 0, 0, 
[2025-02-03 17:53:07.957896] [0x0000007f5fea89a0] [MocapTag] [0x00005f2f] [698] , 2.95433, -0.0308271, -0.203024, -0.149343, -0.999698, 0.00600183, 0.0099372, 0.0216609, 0, 0, 0, 0, 0, 0, 
[2025-02-03 17:53:07.960585] [0x0000007f5fea89a0] [MocapTag] [0x00005f2f] [699] , 2.95433, -0.0308271, -0.203024, -0.149343, -0.999698, 0.00600183, 0.0099372, 0.0216609, 0, 0, 0, 0, 0, 0, 
[2025-02-03 17:53:07.963156] [0x0000007f5fea89a0] [MocapTag] [0x00005f2f] [700] , 2.95433, -0.0308288, -0.203021, -0.149344, -0.999698, 0.00600476, 0.00992632, 0.0216413, 0, 0, 0, 0, 0, 0, 
[2025-02-03 17:53:07.966095] [0x0000007f5fea89a0] [MocapTag] [0x00005f2f] [701] , 2.96433, -0.0308288, -0.203021, -0.149344, -0.999698, 0.00600476, 0.00992632, 0.0216413, 0, 0, 0, 0, 0, 0, 
[2025-02-03 17:53:07.971886] [0x0000007f5fea89a0] [MocapTag] [0x00005f2f] [702] , 2.96433, -0.0308288, -0.203021, -0.149344, -0.999698, 0.00600476, 0.00992632, 0.0216413, 0, 0, 0, 0, 0, 0, 
[2025-02-03 17:53:07.973201] [0x0000007f5fea89a0] [MocapTag] [0x00005f2f] [703] , 2.96433, -0.0308288, -0.203021, -0.149344, -0.999698, 0.00600476, 0.00992632, 0.0216413, 0, 0, 0, 0, 0, 0, 
[2025-02-03 17:53:07.975817] [0x0000007f5fea89a0] [MocapTag] [0x00005f2f] [704] , 2.97433, -0.0308249, -0.203034, -0.14935, -0.999699, 0.00599177, 0.00987982, 0.0216603, 0, 0, 0, 0, 0, 0, 
[2025-02-03 17:53:07.978363] [0x0000007f5fea89a0] [MocapTag] [0x00005f2f] [705] , 2.97433, -0.0308249, -0.203034, -0.14935, -0.999699, 0.00599177, 0.00987982, 0.0216603, 0, 0, 0, 0, 0, 0, 
[2025-02-03 17:53:07.981041] [0x0000007f5fea89a0] [MocapTag] [0x00005f2f] [706] , 2.97433, -0.0308249, -0.203034, -0.14935, -0.999699, 0.00599177, 0.00987982, 0.0216603, 0, 0, 0, 0, 0, 0, 
[2025-02-03 17:53:07.983773] [0x0000007f5fea89a0] [MocapTag] [0x00005f2f] [707] , 2.97433, -0.0308411, -0.203036, -0.149346, -0.999698, 0.00602061, 0.00992035, 0.0216683, 0, 0, 0, 0, 0, 0, 
[2025-02-03 17:53:07.987311] [0x0000007f5fea89a0] [MocapTag] [0x00005f2f] [708] , 2.98433, -0.0308411, -0.203036, -0.149346, -0.999698, 0.00602061, 0.00992035, 0.0216683, 0, 0, 0, 0, 0, 0, 
[2025-02-03 17:53:07.989911] [0x0000007f5fea89a0] [MocapTag] [0x00005f2f] [709] , 2.98433, -0.0308411, -0.203036, -0.149346, -0.999698, 0.00602061, 0.00992035, 0.0216683, 0, 0, 0, 0, 0, 0, 
[2025-02-03 17:53:07.992572] [0x0000007f5fea89a0] [MocapTag] [0x00005f2f] [710] , 2.98433, -0.0308411, -0.203036, -0.149346, -0.999698, 0.00602061, 0.00992035, 0.0216683, 0, 0, 0, 0, 0, 0, 
[2025-02-03 17:53:07.997047] [0x0000007f5fea89a0] [MocapTag] [0x00005f2f] [711] , 2.99433, -0.0308468, -0.203049, -0.149338, -0.999698, 0.00602279, 0.00995524, 0.0216613, 0, 0, 0, 0, 0, 0, 
[2025-02-03 17:53:07.998037] [0x0000007f5fea89a0] [MocapTag] [0x00005f2f] [712] , 2.99433, -0.0308468, -0.203049, -0.149338, -0.999698, 0.00602279, 0.00995524, 0.0216613, 0, 0, 0, 0, 0, 0, 
[2025-02-03 17:53:08.002585] [0x0000007f5fea89a0] [MocapTag] [0x00005f2f] [713] , 2.99433, -0.0308468, -0.203049, -0.149338, -0.999698, 0.00602279, 0.00995524, 0.0216613, 0, 0, 0, 0, 0, 0, 
[2025-02-03 17:53:08.005061] [0x0000007f5fea89a0] [MocapTag] [0x00005f2f] [714] , 3.00433, -0.0308501, -0.203053, -0.149346, -0.999698, 0.00598983, 0.00992447, 0.0216923, 0, 0, 0, 0, 0, 0, 
[2025-02-03 17:53:08.007940] [0x0000007f5fea89a0] [MocapTag] [0x00005f2f] [715] , 3.00433, -0.0308501, -0.203053, -0.149346, -0.999698, 0.00598983, 0.00992447, 0.0216923, 0, 0, 0, 0, 0, 0, 
[2025-02-03 17:53:08.010523] [0x0000007f5fea89a0] [MocapTag] [0x00005f2f] [716] , 3.00433, -0.0308501, -0.203053, -0.149346, -0.999698, 0.00598983, 0.00992447, 0.0216923, 0, 0, 0, 0, 0, 0, 
[2025-02-03 17:53:08.013141] [0x0000007f5fea89a0] [MocapTag] [0x00005f2f] [717] , 3.00433, -0.0308378, -0.203053, -0.149349, -0.999698, 0.0059727, 0.00996221, 0.0216674, 0, 0, 0, 0, 0, 0, 
[2025-02-03 17:53:08.016062] [0x0000007f5fea89a0] [MocapTag] [0x00005f2f] [718] , 3.01433, -0.0308378, -0.203053, -0.149349, -0.999698, 0.0059727, 0.00996221, 0.0216674, 0, 0, 0, 0, 0, 0, 
[2025-02-03 17:53:08.019410] [0x0000007f5fea89a0] [MocapTag] [0x00005f2f] [719] , 3.01433, -0.0308378, -0.203053, -0.149349, -0.999698, 0.0059727, 0.00996221, 0.0216674, 0, 0, 0, 0, 0, 0, 
[2025-02-03 17:53:08.021973] [0x0000007f5fea89a0] [MocapTag] [0x00005f2f] [720] , 3.01433, -0.0308378, -0.203053, -0.149349, -0.999698, 0.0059727, 0.00996221, 0.0216674, 0, 0, 0, 0, 0, 0, 
[2025-02-03 17:53:08.024398] [0x0000007f5fea89a0] [MocapTag] [0x00005f2f] [721] , 3.01433, -0.0308203, -0.203052, -0.149348, -0.999698, 0.00597003, 0.00996817, 0.0216473, 0, 0, 0, 0, 0, 0, 
[2025-02-03 17:53:08.027334] [0x0000007f5fea89a0] [MocapTag] [0x00005f2f] [722] , 3.02434, -0.0308203, -0.203052, -0.149348, -0.999698, 0.00597003, 0.00996817, 0.0216473, 0, 0, 0, 0, 0, 0, 
[2025-02-03 17:53:08.030960] [0x0000007f5fea89a0] [MocapTag] [0x00005f2f] [723] , 3.02434, -0.0308203, -0.203052, -0.149348, -0.999698, 0.00597003, 0.00996817, 0.0216473, 0, 0, 0, 0, 0, 0, 
[2025-02-03 17:53:08.034209] [0x0000007f5fea89a0] [MocapTag] [0x00005f2f] [724] , 3.02434, -0.0308203, -0.203052, -0.149348, -0.999698, 0.00597003, 0.00996817, 0.0216473, 0, 0, 0, 0, 0, 0, 
[2025-02-03 17:53:08.036808] [0x0000007f5fea89a0] [MocapTag] [0x00005f2f] [725] , 3.03434, -0.0308232, -0.20304, -0.149338, -0.999698, 0.00599333, 0.00993057, 0.0216429, 0, 0, 0, 0, 0, 0, 
[2025-02-03 17:53:08.039707] [0x0000007f5fea89a0] [MocapTag] [0x00005f2f] [726] , 3.03434, -0.0308232, -0.20304, -0.149338, -0.999698, 0.00599333, 0.00993057, 0.0216429, 0, 0, 0, 0, 0, 0, 
[2025-02-03 17:53:08.043056] [0x0000007f5fea89a0] [MocapTag] [0x00005f2f] [727] , 3.03434, -0.0308232, -0.20304, -0.149338, -0.999698, 0.00599333, 0.00993057, 0.0216429, 0, 0, 0, 0, 0, 0, 
[2025-02-03 17:53:08.045213] [0x0000007f5fea89a0] [MocapTag] [0x00005f2f] [728] , 3.04433, -0.0308149, -0.203036, -0.149339, -0.999699, 0.00597847, 0.00995453, 0.0216346, 0, 0, 0, 0, 0, 0, 
[2025-02-03 17:53:08.052398] [0x0000007f5fea89a0] [MocapTag] [0x00005f2f] [729] , 3.04433, -0.0308149, -0.203036, -0.149339, -0.999699, 0.00597847, 0.00995453, 0.0216346, 0, 0, 0, 0, 0, 0, 
[2025-02-03 17:53:08.052956] [0x0000007f5fea89a0] [MocapTag] [0x00005f2f] [730] , 3.04433, -0.0308149, -0.203036, -0.149339, -0.999699, 0.00597847, 0.00995453, 0.0216346, 0, 0, 0, 0, 0, 0, 
[2025-02-03 17:53:08.055055] [0x0000007f5fea89a0] [MocapTag] [0x00005f2f] [731] , 3.05431, -0.0308192, -0.203029, -0.149337, -0.999699, 0.00597072, 0.00991621, 0.0216319, 0, 0, 0, 0, 0, 0, 
[2025-02-03 17:53:08.059970] [0x0000007f5fea89a0] [MocapTag] [0x00005f2f] [732] , 3.05431, -0.0308192, -0.203029, -0.149337, -0.999699, 0.00597072, 0.00991621, 0.0216319, 0, 0, 0, 0, 0, 0, 
[2025-02-03 17:53:08.060537] [0x0000007f5fea89a0] [MocapTag] [0x00005f2f] [733] , 3.05431, -0.0308192, -0.203029, -0.149337, -0.999699, 0.00597072, 0.00991621, 0.0216319, 0, 0, 0, 0, 0, 0, 
[2025-02-03 17:53:08.063041] [0x0000007f5fea89a0] [MocapTag] [0x00005f2f] [734] , 3.05431, -0.0308205, -0.203048, -0.14936, -0.999699, 0.0059881, 0.00995652, 0.021617, 0, 0, 0, 0, 0, 0, 
[2025-02-03 17:53:08.067342] [0x0000007f5fea89a0] [MocapTag] [0x00005f2f] [735] , 3.06431, -0.0308205, -0.203048, -0.14936, -0.999699, 0.0059881, 0.00995652, 0.021617, 0, 0, -0.00231402, 0, 0, 0, 
[2025-02-03 17:53:08.069951] [0x0000007f5fea89a0] [MocapTag] [0x00005f2f] [736] , 3.06431, -0.0308205, -0.203048, -0.14936, -0.999699, 0.0059881, 0.00995652, 0.021617, 0, 0, 0, 0, 0, 0, 
[2025-02-03 17:53:08.073126] [0x0000007f5fea89a0] [MocapTag] [0x00005f2f] [737] , 3.06431, -0.0308205, -0.203048, -0.14936, -0.999699, 0.0059881, 0.00995652, 0.021617, 0, 0, 0, 0, 0, 0, 
[2025-02-03 17:53:08.075374] [0x0000007f5fea89a0] [MocapTag] [0x00005f2f] [738] , 3.07433, -0.0308114, -0.203059, -0.149359, -0.999698, 0.00597088, 0.00998787, 0.0216235, 0, 0, 0, 0, 0, 0, 
[2025-02-03 17:53:08.081731] [0x0000007f5fea89a0] [MocapTag] [0x00005f2f] [739] , 3.07433, -0.0308114, -0.203059, -0.149359, -0.999698, 0.00597088, 0.00998787, 0.0216235, 0, 0, 0, 0, 0, 0, 
[2025-02-03 17:53:08.084420] [0x0000007f5fea89a0] [MocapTag] [0x00005f2f] [740] , 3.07433, -0.0308114, -0.203059, -0.149359, -0.999698, 0.00597088, 0.00998787, 0.0216235, 0, 0, 0, 0, 0, 0, 
[2025-02-03 17:53:08.085434] [0x0000007f5fea89a0] [MocapTag] [0x00005f2f] [741] , 3.08433, -0.0308123, -0.203053, -0.149357, -0.999698, 0.00595908, 0.00996069, 0.0216457, 0, 0, 0, 0, 0, 0, 
[2025-02-03 17:53:08.088216] [0x0000007f5fea89a0] [MocapTag] [0x00005f2f] [742] , 3.08433, -0.0308123, -0.203053, -0.149357, -0.999698, 0.00595908, 0.00996069, 0.0216457, 0, 0, 0, 0, 0, 0, 
[2025-02-03 17:53:08.090834] [0x0000007f5fea89a0] [MocapTag] [0x00005f2f] [743] , 3.08433, -0.0308123, -0.203053, -0.149357, -0.999698, 0.00595908, 0.00996069, 0.0216457, 0, 0, 0, 0, 0, 0, 
[2025-02-03 17:53:08.093536] [0x0000007f5fea89a0] [MocapTag] [0x00005f2f] [744] , 3.08433, -0.0308097, -0.203055, -0.149352, -0.999699, 0.00593321, 0.00992025, 0.0216331, 0, 0, 0, 0, 0, 0, 
[2025-02-03 17:53:08.099352] [0x0000007f5fea89a0] [MocapTag] [0x00005f2f] [745] , 3.09433, -0.0308097, -0.203055, -0.149352, -0.999699, 0.00593321, 0.00992025, 0.0216331, 0, 0, 0, 0, 0, 0, 
[2025-02-03 17:53:08.100660] [0x0000007f5fea89a0] [MocapTag] [0x00005f2f] [746] , 3.09433, -0.0308097, -0.203055, -0.149352, -0.999699, 0.00593321, 0.00992025, 0.0216331, 0, 0, 0, 0, 0, 0, 
[2025-02-03 17:53:08.104197] [0x0000007f5fea89a0] [MocapTag] [0x00005f2f] [747] , 3.09433, -0.0307466, -0.203084, -0.149503, -0.999692, 0.00628072, 0.0102225, 0.0217198, 0, 0, 0, 0, 0, 0, 
[2025-02-03 17:53:08.106211] [0x0000007f5fea89a0] [MocapTag] [0x00005f2f] [748] , 3.10432, -0.0307466, -0.203084, -0.149503, -0.999692, 0.00628072, 0.0102225, 0.0217198, 0.0063097, -0.00288782, -0.0150597, -0.0710011, 0.0588158, 0, 
[2025-02-03 17:53:08.108700] [0x0000007f5fea89a0] [MocapTag] [0x00005f2f] [749] , 3.10432, -0.0307466, -0.203084, -0.149503, -0.999692, 0.00628072, 0.0102225, 0.0217198, 0, 0, 0, 0, 0, 0, 
[2025-02-03 17:53:08.113678] [0x0000007f5fea89a0] [MocapTag] [0x00005f2f] [750] , 3.10432, -0.0307466, -0.203084, -0.149503, -0.999692, 0.00628072, 0.0102225, 0.0217198, 0, 0, 0, 0, 0, 0, 
[2025-02-03 17:53:08.116352] [0x0000007f5fea89a0] [MocapTag] [0x00005f2f] [751] , 3.11431, -0.0308068, -0.203038, -0.149346, -0.999699, 0.00593913, 0.0100186, 0.0216099, 0, 0, 0, 0, 0, 0, 
[2025-02-03 17:53:08.119172] [0x0000007f5fea89a0] [MocapTag] [0x00005f2f] [752] , 3.11431, -0.0308068, -0.203038, -0.149346, -0.999699, 0.00593913, 0.0100186, 0.0216099, -0.00601837, 0.00460646, 0.0156187, 0.0694275, -0.039148, 0, 
[2025-02-03 17:53:08.122093] [0x0000007f5fea89a0] [MocapTag] [0x00005f2f] [753] , 3.11431, -0.0308068, -0.203038, -0.149346, -0.999699, 0.00593913, 0.0100186, 0.0216099, 0, 0, 0, 0, 0, 0, 
[2025-02-03 17:53:08.124551] [0x0000007f5fea89a0] [MocapTag] [0x00005f2f] [754] , 3.11431, -0.0308009, -0.203039, -0.149352, -0.999699, 0.00593625, 0.0100127, 0.0216154, 0, 0, 0, 0, 0, 0, 
[2025-02-03 17:53:08.129864] [0x0000007f5fea89a0] [MocapTag] [0x00005f2f] [755] , 3.12433, -0.0308009, -0.203039, -0.149352, -0.999699, 0.00593625, 0.0100127, 0.0216154, 0, 0, 0, 0, 0, 0, 
[2025-02-03 17:53:08.131285] [0x0000007f5fea89a0] [MocapTag] [0x00005f2f] [756] , 3.12433, -0.0308009, -0.203039, -0.149352, -0.999699, 0.00593625, 0.0100127, 0.0216154, 0, 0, 0, 0, 0, 0, 
[2025-02-03 17:53:08.133901] [0x0000007f5fea89a0] [MocapTag] [0x00005f2f] [757] , 3.12433, -0.0307944, -0.203033, -0.149347, -0.999698, 0.00594678, 0.00997179, 0.021642, 0, 0, 0, 0, 0, 0, 
[2025-02-03 17:53:08.136978] [0x0000007f5fea89a0] [MocapTag] [0x00005f2f] [758] , 3.13432, -0.0307944, -0.203033, -0.149347, -0.999698, 0.00594678, 0.00997179, 0.021642, 0, 0, 0, 0, 0, 0, 
[2025-02-03 17:53:08.139546] [0x0000007f5fea89a0] [MocapTag] [0x00005f2f] [759] , 3.13432, -0.0307944, -0.203033, -0.149347, -0.999698, 0.00594678, 0.00997179, 0.021642, 0, 0, 0, 0, 0, 0, 
[2025-02-03 17:53:08.143336] [0x0000007f5fea89a0] [MocapTag] [0x00005f2f] [760] , 3.13432, -0.0307944, -0.203033, -0.149347, -0.999698, 0.00594678, 0.00997179, 0.021642, 0, 0, 0, 0, 0, 0, 
[2025-02-03 17:53:08.145927] [0x0000007f5fea89a0] [MocapTag] [0x00005f2f] [761] , 3.14432, -0.0307748, -0.203037, -0.149354, -0.999699, 0.00592205, 0.00995253, 0.0216431, 0, 0, 0, 0, 0, 0, 
[2025-02-03 17:53:08.148914] [0x0000007f5fea89a0] [MocapTag] [0x00005f2f] [762] , 3.14432, -0.0307748, -0.203037, -0.149354, -0.999699, 0.00592205, 0.00995253, 0.0216431, 0, 0, 0, 0, 0, 0, 
[2025-02-03 17:53:08.151422] [0x0000007f5fea89a0] [MocapTag] [0x00005f2f] [763] , 3.14432, -0.0307748, -0.203037, -0.149354, -0.999699, 0.00592205, 0.00995253, 0.0216431, 0, 0, 0, 0, 0, 0, 
[2025-02-03 17:53:08.154173] [0x0000007f5fea89a0] [MocapTag] [0x00005f2f] [764] , 3.14432, -0.0307697, -0.20304, -0.149353, -0.999699, 0.00593802, 0.0099867, 0.0216179, 0, 0, 0, 0, 0, 0, 
[2025-02-03 17:53:08.158727] [0x0000007f5fea89a0] [MocapTag] [0x00005f2f] [765] , 3.15433, -0.0307697, -0.20304, -0.149353, -0.999699, 0.00593802, 0.0099867, 0.0216179, 0, 0, 0, 0, 0, 0, 
[2025-02-03 17:53:08.161144] [0x0000007f5fea89a0] [MocapTag] [0x00005f2f] [766] , 3.15433, -0.0307697, -0.20304, -0.149353, -0.999699, 0.00593802, 0.0099867, 0.0216179, 0, 0, 0, 0, 0, 0, 
[2025-02-03 17:53:08.163931] [0x0000007f5fea89a0] [MocapTag] [0x00005f2f] [767] , 3.15433, -0.0307885, -0.20304, -0.149343, -0.999698, 0.00594825, 0.00996013, 0.0216427, 0, 0, 0, 0, 0, 0, 
[2025-02-03 17:53:08.166681] [0x0000007f5fea89a0] [MocapTag] [0x00005f2f] [768] , 3.16433, -0.0307885, -0.20304, -0.149343, -0.999698, 0.00594825, 0.00996013, 0.0216427, 0, 0, 0, 0, 0, 0, 
[2025-02-03 17:53:08.169725] [0x0000007f5fea89a0] [MocapTag] [0x00005f2f] [769] , 3.16433, -0.0307885, -0.20304, -0.149343, -0.999698, 0.00594825, 0.00996013, 0.0216427, 0, 0, 0, 0, 0, 0, 
[2025-02-03 17:53:08.173877] [0x0000007f5fea89a0] [MocapTag] [0x00005f2f] [770] , 3.16433, -0.0307885, -0.20304, -0.149343, -0.999698, 0.00594825, 0.00996013, 0.0216427, 0, 0, 0, 0, 0, 0, 
[2025-02-03 17:53:08.176426] [0x0000007f5fea89a0] [MocapTag] [0x00005f2f] [771] , 3.17433, -0.0308115, -0.203052, -0.149343, -0.999699, 0.00591866, 0.00992717, 0.0216563, 0, 0, 0, 0, 0, 0, 
[2025-02-03 17:53:08.179342] [0x0000007f5fea89a0] [MocapTag] [0x00005f2f] [772] , 3.17433, -0.0308115, -0.203052, -0.149343, -0.999699, 0.00591866, 0.00992717, 0.0216563, -0.00229384, 0, 0, 0, 0, 0, 
[2025-02-03 17:53:08.181957] [0x0000007f5fea89a0] [MocapTag] [0x00005f2f] [773] , 3.17433, -0.0308115, -0.203052, -0.149343, -0.999699, 0.00591866, 0.00992717, 0.0216563, 0, 0, 0, 0, 0, 0, 
[2025-02-03 17:53:08.184928] [0x0000007f5fea89a0] [MocapTag] [0x00005f2f] [774] , 3.18433, -0.0308036, -0.20306, -0.149351, -0.999698, 0.00596567, 0.00994164, 0.0216496, 0, 0, 0, 0, 0, 0, 
[2025-02-03 17:53:08.189205] [0x0000007f5fea89a0] [MocapTag] [0x00005f2f] [775] , 3.18433, -0.0308036, -0.20306, -0.149351, -0.999698, 0.00596567, 0.00994164, 0.0216496, 0, 0, 0, 0, 0, 0, 
[2025-02-03 17:53:08.191985] [0x0000007f5fea89a0] [MocapTag] [0x00005f2f] [776] , 3.18433, -0.0308036, -0.20306, -0.149351, -0.999698, 0.00596567, 0.00994164, 0.0216496, 0, 0, 0, 0, 0, 0, 
[2025-02-03 17:53:08.194550] [0x0000007f5fea89a0] [MocapTag] [0x00005f2f] [777] , 3.18433, -0.0307959, -0.203057, -0.14934, -0.999698, 0.00598367, 0.0100011, 0.0216488, 0, 0, 0, 0, 0, 0, 
[2025-02-03 17:53:08.197292] [0x0000007f5fea89a0] [MocapTag] [0x00005f2f] [778] , 3.19434, -0.0307959, -0.203057, -0.14934, -0.999698, 0.00598367, 0.0100011, 0.0216488, 0, 0, 0, 0, 0, 0, 
[2025-02-03 17:53:08.202871] [0x0000007f5fea89a0] [MocapTag] [0x00005f2f] [779] , 3.19434, -0.0307959, -0.203057, -0.14934, -0.999698, 0.00598367, 0.0100011, 0.0216488, 0, 0, 0, 0, 0, 0, 
[2025-02-03 17:53:08.204271] [0x0000007f5fea89a0] [MocapTag] [0x00005f2f] [780] , 3.19434, -0.0307959, -0.203057, -0.14934, -0.999698, 0.00598367, 0.0100011, 0.0216488, 0, 0, 0, 0, 0, 0, 
[2025-02-03 17:53:08.207007] [0x0000007f5fea89a0] [MocapTag] [0x00005f2f] [781] , 3.20433, -0.0308136, -0.203053, -0.14934, -0.999698, 0.00597404, 0.00999242, 0.0216585, 0, 0, 0, 0, 0, 0, 
[2025-02-03 17:53:08.210304] [0x0000007f5fea89a0] [MocapTag] [0x00005f2f] [782] , 3.20433, -0.0308136, -0.203053, -0.14934, -0.999698, 0.00597404, 0.00999242, 0.0216585, 0, 0, 0, 0, 0, 0, 
[2025-02-03 17:53:08.212507] [0x0000007f5fea89a0] [MocapTag] [0x00005f2f] [783] , 3.20433, -0.0308136, -0.203053, -0.14934, -0.999698, 0.00597404, 0.00999242, 0.0216585, 0, 0, 0, 0, 0, 0, 
[2025-02-03 17:53:08.215175] [0x0000007f5fea89a0] [MocapTag] [0x00005f2f] [784] , 3.21433, -0.0308076, -0.203057, -0.149351, -0.999697, 0.00594841, 0.0100157, 0.0216656, 0, 0, 0, 0, 0, 0, 
[2025-02-03 17:53:08.219716] [0x0000007f5fea89a0] [MocapTag] [0x00005f2f] [785] , 3.21433, -0.0308076, -0.203057, -0.149351, -0.999697, 0.00594841, 0.0100157, 0.0216656, 0, 0, 0, 0, 0, 0, 
[2025-02-03 17:53:08.222470] [0x0000007f5fea89a0] [MocapTag] [0x00005f2f] [786] , 3.21433, -0.0308076, -0.203057, -0.149351, -0.999697, 0.00594841, 0.0100157, 0.0216656, 0, 0, 0, 0, 0, 0, 
[2025-02-03 17:53:08.224918] [0x0000007f5fea89a0] [MocapTag] [0x00005f2f] [787] , 3.22433, -0.0307954, -0.203053, -0.149356, -0.999698, 0.00594108, 0.0100041, 0.0216259, 0, 0, 0, 0, 0, 0, 
[2025-02-03 17:53:08.228860] [0x0000007f5fea89a0] [MocapTag] [0x00005f2f] [788] , 3.22433, -0.0307954, -0.203053, -0.149356, -0.999698, 0.00594108, 0.0100041, 0.0216259, 0, 0, 0, 0, 0, 0, 
[2025-02-03 17:53:08.230395] [0x0000007f5fea89a0] [MocapTag] [0x00005f2f] [789] , 3.22433, -0.0307954, -0.203053, -0.149356, -0.999698, 0.00594108, 0.0100041, 0.0216259, 0, 0, 0, 0, 0, 0, 
[2025-02-03 17:53:08.234667] [0x0000007f5fea89a0] [MocapTag] [0x00005f2f] [790] , 3.23433, -0.0307954, -0.203033, -0.14934, -0.999698, 0.00593698, 0.0100011, 0.0216436, 0, 0, 0, 0, 0, 0, 
[2025-02-03 17:53:08.237567] [0x0000007f5fea89a0] [MocapTag] [0x00005f2f] [791] , 3.23433, -0.0307954, -0.203033, -0.14934, -0.999698, 0.00593698, 0.0100011, 0.0216436, 0, 0.00200176, 0, 0, 0, 0, 
[2025-02-03 17:53:08.240152] [0x0000007f5fea89a0] [MocapTag] [0x00005f2f] [792] , 3.23433, -0.0307954, -0.203033, -0.14934, -0.999698, 0.00593698, 0.0100011, 0.0216436, 0, 0, 0, 0, 0, 0, 
[2025-02-03 17:53:08.242816] [0x0000007f5fea89a0] [MocapTag] [0x00005f2f] [793] , 3.23433, -0.0307954, -0.203033, -0.14934, -0.999698, 0.00593698, 0.0100011, 0.0216436, 0, 0, 0, 0, 0, 0, 
[2025-02-03 17:53:08.245608] [0x0000007f5fea89a0] [MocapTag] [0x00005f2f] [794] , 3.24433, -0.0307885, -0.203026, -0.149346, -0.999698, 0.00595586, 0.0100174, 0.0216358, 0, 0, 0, 0, 0, 0, 
[2025-02-03 17:53:08.250346] [0x0000007f5fea89a0] [MocapTag] [0x00005f2f] [795] , 3.24433, -0.0307885, -0.203026, -0.149346, -0.999698, 0.00595586, 0.0100174, 0.0216358, 0, 0, 0, 0, 0, 0, 
[2025-02-03 17:53:08.253382] [0x0000007f5fea89a0] [MocapTag] [0x00005f2f] [796] , 3.24433, -0.0307885, -0.203026, -0.149346, -0.999698, 0.00595586, 0.0100174, 0.0216358, 0, 0, 0, 0, 0, 0, 
[2025-02-03 17:53:08.255451] [0x0000007f5fea89a0] [MocapTag] [0x00005f2f] [797] , 3.25436, -0.030807, -0.203025, -0.149358, -0.999698, 0.0059466, 0.0100024, 0.0216402, 0, 0, 0, 0, 0, 0, 
[2025-02-03 17:53:08.258909] [0x0000007f5fea89a0] [MocapTag] [0x00005f2f] [798] , 3.25436, -0.030807, -0.203025, -0.149358, -0.999698, 0.0059466, 0.0100024, 0.0216402, 0, 0, 0, 0, 0, 0, 
[2025-02-03 17:53:08.260731] [0x0000007f5fea89a0] [MocapTag] [0x00005f2f] [799] , 3.25436, -0.030807, -0.203025, -0.149358, -0.999698, 0.0059466, 0.0100024, 0.0216402, 0, 0, 0, 0, 0, 0, 
[2025-02-03 17:53:08.263267] [0x0000007f5fea89a0] [MocapTag] [0x00005f2f] [800] , 3.25436, -0.0308086, -0.203017, -0.149347, -0.999699, 0.00595748, 0.0099503, 0.0216423, 0, 0, 0, 0, 0, 0, 
[2025-02-03 17:53:08.286612] [0x0000007f5fea89a0] [MocapTag] [0x00005f2f] [801] , 3.28438, -0.0308086, -0.203017, -0.149347, -0.999699, 0.00595748, 0.0099503, 0.0216423, 0, 0, 0, 0, 0, 0, 
[2025-02-03 17:53:08.287272] [0x0000007f5fea89a0] [MocapTag] [0x00005f2f] [802] , 3.28438, -0.0308086, -0.203017, -0.149347, -0.999699, 0.00595748, 0.0099503, 0.0216423, 0, 0, 0, 0, 0, 0, 
[2025-02-03 17:53:08.287960] [0x0000007f5fea89a0] [MocapTag] [0x00005f2f] [803] , 3.28438, -0.0308059, -0.203035, -0.149357, -0.999698, 0.00597188, 0.00998117, 0.0216333, 0, 0, 0, 0, 0, 0, 
[2025-02-03 17:53:08.288704] [0x0000007f5fea89a0] [MocapTag] [0x00005f2f] [804] , 3.28438, -0.0308059, -0.203035, -0.149357, -0.999698, 0.00597188, 0.00998117, 0.0216333, 0, 0, 0, 0, 0, 0, 
[2025-02-03 17:53:08.289395] [0x0000007f5fea89a0] [MocapTag] [0x00005f2f] [805] , 3.28438, -0.0308059, -0.203035, -0.149357, -0.999698, 0.00597188, 0.00998117, 0.0216333, 0, 0, 0, 0, 0, 0, 
[2025-02-03 17:53:08.290098] [0x0000007f5fea89a0] [MocapTag] [0x00005f2f] [806] , 3.28438, -0.0308094, -0.203048, -0.149346, -0.999698, 0.00596324, 0.00993826, 0.0216619, 0, 0, 0, 0, 0, 0, 
[2025-02-03 17:53:08.290710] [0x0000007f5fea89a0] [MocapTag] [0x00005f2f] [807] , 3.28438, -0.0308094, -0.203048, -0.149346, -0.999698, 0.00596324, 0.00993826, 0.0216619, 0, 0, 0, 0, 0, 0, 
[2025-02-03 17:53:08.291689] [0x0000007f5fea89a0] [MocapTag] [0x00005f2f] [808] , 3.28438, -0.0308094, -0.203048, -0.149346, -0.999698, 0.00596324, 0.00993826, 0.0216619, 0, 0, 0, 0, 0, 0, 
[2025-02-03 17:53:08.293875] [0x0000007f5fea89a0] [MocapTag] [0x00005f2f] [809] , 3.28438, -0.0308094, -0.203048, -0.149346, -0.999698, 0.00596324, 0.00993826, 0.0216619, 0, 0, 0, 0, 0, 0, 
[2025-02-03 17:53:08.297264] [0x0000007f5fea89a0] [MocapTag] [0x00005f2f] [810] , 3.29434, -0.0308162, -0.203057, -0.149346, -0.999698, 0.00593189, 0.00995094, 0.0216622, 0, 0, 0, 0, 0, 0, 
[2025-02-03 17:53:08.304522] [0x0000007f5fea89a0] [MocapTag] [0x00005f2f] [811] , 3.29434, -0.0308162, -0.203057, -0.149346, -0.999698, 0.00593189, 0.00995094, 0.0216622, 0, 0, 0, 0, 0, 0, 
[2025-02-03 17:53:08.305504] [0x0000007f5fea89a0] [MocapTag] [0x00005f2f] [812] , 3.30433, -0.0308162, -0.203057, -0.149346, -0.999698, 0.00593189, 0.00995094, 0.0216622, 0, 0, 0, 0, 0, 0, 
[2025-02-03 17:53:08.306108] [0x0000007f5fea89a0] [MocapTag] [0x00005f2f] [813] , 3.30433, -0.0308306, -0.203069, -0.149349, -0.999698, 0.00593945, 0.00997978, 0.0216435, 0, 0, 0, 0, 0, 0, 
[2025-02-03 17:53:08.307974] [0x0000007f5fea89a0] [MocapTag] [0x00005f2f] [814] , 3.30433, -0.0308306, -0.203069, -0.149349, -0.999698, 0.00593945, 0.00997978, 0.0216435, 0, 0, 0, 0, 0, 0, 
[2025-02-03 17:53:08.312854] [0x0000007f5fea89a0] [MocapTag] [0x00005f2f] [815] , 3.30433, -0.0308306, -0.203069, -0.149349, -0.999698, 0.00593945, 0.00997978, 0.0216435, 0, 0, 0, 0, 0, 0, 
[2025-02-03 17:53:08.315125] [0x0000007f5fea89a0] [MocapTag] [0x00005f2f] [816] , 3.31431, -0.030822, -0.203057, -0.149345, -0.999699, 0.00594094, 0.00993705, 0.0216528, 0, 0, 0, 0, 0, 0, 
[2025-02-03 17:53:08.317801] [0x0000007f5fea89a0] [MocapTag] [0x00005f2f] [817] , 3.31431, -0.030822, -0.203057, -0.149345, -0.999699, 0.00594094, 0.00993705, 0.0216528, 0, 0, 0, 0, 0, 0, 
[2025-02-03 17:53:08.320493] [0x0000007f5fea89a0] [MocapTag] [0x00005f2f] [818] , 3.31431, -0.030822, -0.203057, -0.149345, -0.999699, 0.00594094, 0.00993705, 0.0216528, 0, 0, 0, 0, 0, 0, 
[2025-02-03 17:53:08.322926] [0x0000007f5fea89a0] [MocapTag] [0x00005f2f] [819] , 3.31431, -0.0308071, -0.203055, -0.149351, -0.999699, 0.0059716, 0.00991554, 0.0216477, 0, 0, 0, 0, 0, 0, 
[2025-02-03 17:53:08.327877] [0x0000007f5fea89a0] [MocapTag] [0x00005f2f] [820] , 3.32432, -0.0308071, -0.203055, -0.149351, -0.999699, 0.0059716, 0.00991554, 0.0216477, 0, 0, 0, 0, 0, 0, 
[2025-02-03 17:53:08.330054] [0x0000007f5fea89a0] [MocapTag] [0x00005f2f] [821] , 3.32432, -0.0308071, -0.203055, -0.149351, -0.999699, 0.0059716, 0.00991554, 0.0216477, 0, 0, 0, 0, 0, 0, 
[2025-02-03 17:53:08.332859] [0x0000007f5fea89a0] [MocapTag] [0x00005f2f] [822] , 3.32432, -0.0308071, -0.203055, -0.149351, -0.999699, 0.0059716, 0.00991554, 0.0216477, 0, 0, 0, 0, 0, 0, 
[2025-02-03 17:53:08.335438] [0x0000007f5fea89a0] [MocapTag] [0x00005f2f] [823] , 3.33432, -0.0308012, -0.20304, -0.149353, -0.999699, 0.00598205, 0.00992222, 0.0216371, 0, 0, 0, 0, 0, 0, 
[2025-02-03 17:53:08.338297] [0x0000007f5fea89a0] [MocapTag] [0x00005f2f] [824] , 3.33432, -0.0308012, -0.20304, -0.149353, -0.999699, 0.00598205, 0.00992222, 0.0216371, 0, 0, 0, 0, 0, 0, 
[2025-02-03 17:53:08.342049] [0x0000007f5fea89a0] [MocapTag] [0x00005f2f] [825] , 3.33432, -0.0308012, -0.20304, -0.149353, -0.999699, 0.00598205, 0.00992222, 0.0216371, 0, 0, 0, 0, 0, 0, 
[2025-02-03 17:53:08.344792] [0x0000007f5fea89a0] [MocapTag] [0x00005f2f] [826] , 3.34433, -0.0307977, -0.203036, -0.149359, -0.999699, 0.00598644, 0.00992599, 0.0216266, 0, 0, 0, 0, 0, 0, 
[2025-02-03 17:53:08.347789] [0x0000007f5fea89a0] [MocapTag] [0x00005f2f] [827] , 3.34433, -0.0307977, -0.203036, -0.149359, -0.999699, 0.00598644, 0.00992599, 0.0216266, 0, 0, 0, 0, 0, 0, 
[2025-02-03 17:53:08.350177] [0x0000007f5fea89a0] [MocapTag] [0x00005f2f] [828] , 3.34433, -0.0307977, -0.203036, -0.149359, -0.999699, 0.00598644, 0.00992599, 0.0216266, 0, 0, 0, 0, 0, 0, 
[2025-02-03 17:53:08.352863] [0x0000007f5fea89a0] [MocapTag] [0x00005f2f] [829] , 3.34433, -0.0307977, -0.203036, -0.149359, -0.999699, 0.00598644, 0.00992599, 0.0216266, 0, 0, 0, 0, 0, 0, 
[2025-02-03 17:53:08.358338] [0x0000007f5fea89a0] [MocapTag] [0x00005f2f] [830] , 3.35432, -0.0308909, -0.203572, -0.150018, -0.999691, 0.00644471, 0.0112407, 0.0212158, 0, 0, 0, 0, 0, 0, 
[2025-02-03 17:53:08.361042] [0x0000007f5fea89a0] [MocapTag] [0x00005f2f] [831] , 3.35432, -0.0308909, -0.203572, -0.150018, -0.999691, 0.00644471, 0.0112407, 0.0212158, -0.00932314, -0.0536112, -0.0658706, -0.096488, 0.26145, -0.0794172, 
[2025-02-03 17:53:08.362992] [0x0000007f5fea89a0] [MocapTag] [0x00005f2f] [832] , 3.35432, -0.0308909, -0.203572, -0.150018, -0.999691, 0.00644471, 0.0112407, 0.0212158, 0, 0, 0, 0, 0, 0, 
[2025-02-03 17:53:08.365433] [0x0000007f5fea89a0] [MocapTag] [0x00005f2f] [833] , 3.36432, -0.0310267, -0.203432, -0.149825, -0.999689, 0.00657822, 0.0106798, 0.0215606, 0, 0, 0, 0, 0, 0, 
[2025-02-03 17:53:08.368421] [0x0000007f5fea89a0] [MocapTag] [0x00005f2f] [834] , 3.36432, -0.0310267, -0.203432, -0.149825, -0.999689, 0.00657822, 0.0106798, 0.0215606, -0.0135817, 0.0139971, 0.0192692, 0, -0.113196, 0.0684582, 
[2025-02-03 17:53:08.373580] [0x0000007f5fea89a0] [MocapTag] [0x00005f2f] [835] , 3.36432, -0.0310267, -0.203432, -0.149825, -0.999689, 0.00657822, 0.0106798, 0.0215606, 0, 0, 0, 0, 0, 0, 
[2025-02-03 17:53:08.375252] [0x0000007f5fea89a0] [MocapTag] [0x00005f2f] [836] , 3.37431, -0.0307884, -0.20322, -0.149212, -0.999682, 0.00496926, 0.0106718, 0.0223228, 0, 0, 0, 0, 0, 0, 
[2025-02-03 17:53:08.378321] [0x0000007f5fea89a0] [MocapTag] [0x00005f2f] [837] , 3.37431, -0.0307884, -0.20322, -0.149212, -0.999682, 0.00496926, 0.0106718, 0.0223228, 0.0238312, 0.0211791, 0.0613011, 0.320196, 0, 0.149116, 
[2025-02-03 17:53:08.381097] [0x0000007f5fea89a0] [MocapTag] [0x00005f2f] [838] , 3.37431, -0.0307884, -0.20322, -0.149212, -0.999682, 0.00496926, 0.0106718, 0.0223228, 0, 0, 0, 0, 0, 0, 
[2025-02-03 17:53:08.383694] [0x0000007f5fea89a0] [MocapTag] [0x00005f2f] [839] , 3.37431, -0.0310561, -0.203019, -0.149795, -0.999699, 0.00621583, 0.0104015, 0.0213389, 0, 0, 0, 0, 0, 0, 
[2025-02-03 17:53:08.388185] [0x0000007f5fea89a0] [MocapTag] [0x00005f2f] [840] , 3.38433, -0.0310561, -0.203019, -0.149795, -0.999699, 0.00621583, 0.0104015, 0.0213389, -0.0267672, 0.0200982, -0.0582759, -0.246072, -0.0583645, -0.194615, 
[2025-02-03 17:53:08.390523] [0x0000007f5fea89a0] [MocapTag] [0x00005f2f] [841] , 3.38433, -0.0310561, -0.203019, -0.149795, -0.999699, 0.00621583, 0.0104015, 0.0213389, 0, 0, 0, 0, 0, 0, 
[2025-02-03 17:53:08.393313] [0x0000007f5fea89a0] [MocapTag] [0x00005f2f] [842] , 3.38433, -0.0308923, -0.20344, -0.149745, -0.999682, 0.00649667, 0.011122, 0.0216734, 0, 0, 0, 0, 0, 0, 
[2025-02-03 17:53:08.396053] [0x0000007f5fea89a0] [MocapTag] [0x00005f2f] [843] , 3.39433, -0.0308923, -0.20344, -0.149745, -0.999682, 0.00649667, 0.011122, 0.0216734, 0.0163759, -0.0421038, 0.00502431, -0.0599861, 0.142422, 0.0685435, 
[2025-02-03 17:53:08.399532] [0x0000007f5fea89a0] [MocapTag] [0x00005f2f] [844] , 3.39433, -0.0308923, -0.20344, -0.149745, -0.999682, 0.00649667, 0.011122, 0.0216734, 0, 0, 0, 0, 0, 0, 
[2025-02-03 17:53:08.403456] [0x0000007f5fea89a0] [MocapTag] [0x00005f2f] [845] , 3.39433, -0.0308923, -0.20344, -0.149745, -0.999682, 0.00649667, 0.011122, 0.0216734, 0, 0, 0, 0, 0, 0, 
[2025-02-03 17:53:08.406724] [0x0000007f5fea89a0] [MocapTag] [0x00005f2f] [846] , 3.40433, -0.0310305, -0.202917, -0.149913, -0.999716, 0.00602348, 0.00943512, 0.0210622, 0, 0, 0, 0, 0, 0, 
[2025-02-03 17:53:08.408958] [0x0000007f5fea89a0] [MocapTag] [0x00005f2f] [847] , 3.40433, -0.0310305, -0.202917, -0.149913, -0.999716, 0.00602348, 0.00943512, 0.0210622, -0.0138147, 0.0523403, -0.0167976, 0.10314, -0.334487, -0.12557, 
[2025-02-03 17:53:08.411833] [0x0000007f5fea89a0] [MocapTag] [0x00005f2f] [848] , 3.40433, -0.0310305, -0.202917, -0.149913, -0.999716, 0.00602348, 0.00943512, 0.0210622, 0, 0, 0, 0, 0, 0, 
[2025-02-03 17:53:08.414451] [0x0000007f5fea89a0] [MocapTag] [0x00005f2f] [849] , 3.40433, -0.0308488, -0.203448, -0.150005, -0.999696, 0.00617741, 0.0110259, 0.0211642, 0, 0, 0, 0, 0, 0, 
[2025-02-03 17:53:08.419086] [0x0000007f5fea89a0] [MocapTag] [0x00005f2f] [850] , 3.41433, -0.0308488, -0.203448, -0.150005, -0.999696, 0.00617741, 0.0110259, 0.0211642, 0.0181652, -0.0530937, -0.00923094, -0.0377655, 0.317315, 0, 
[2025-02-03 17:53:08.421810] [0x0000007f5fea89a0] [MocapTag] [0x00005f2f] [851] , 3.41433, -0.0308488, -0.203448, -0.150005, -0.999696, 0.00617741, 0.0110259, 0.0211642, 0, 0, 0, 0, 0, 0, 
[2025-02-03 17:53:08.424459] [0x0000007f5fea89a0] [MocapTag] [0x00005f2f] [852] , 3.41433, -0.0310259, -0.203368, -0.149713, -0.999683, 0.00645277, 0.0113972, 0.021486, 0, 0, 0, 0, 0, 0, 
[2025-02-03 17:53:08.427466] [0x0000007f5fea89a0] [MocapTag] [0x00005f2f] [853] , 3.42434, -0.0310259, -0.203368, -0.149713, -0.999683, 0.00645277, 0.0113972, 0.021486, -0.0177059, 0.00799488, 0.0292014, -0.0573874, 0.0726379, 0.0655055, 
[2025-02-03 17:53:08.429976] [0x0000007f5fea89a0] [MocapTag] [0x00005f2f] [854] , 3.42434, -0.0310259, -0.203368, -0.149713, -0.999683, 0.00645277, 0.0113972, 0.021486, 0, 0, 0, 0, 0, 0, 
[2025-02-03 17:53:08.433696] [0x0000007f5fea89a0] [MocapTag] [0x00005f2f] [855] , 3.42434, -0.0310259, -0.203368, -0.149713, -0.999683, 0.00645277, 0.0113972, 0.021486, 0, 0, 0, 0, 0, 0, 
[2025-02-03 17:53:08.437963] [0x0000007f5fea89a0] [MocapTag] [0x00005f2f] [856] , 3.43432, -0.0310735, -0.202941, -0.149839, -0.999704, 0.00637768, 0.0101574, 0.0211812, 0, 0, 0, 0, 0, 0, 
[2025-02-03 17:53:08.439166] [0x0000007f5fea89a0] [MocapTag] [0x00005f2f] [857] , 3.43432, -0.0310735, -0.202941, -0.149839, -0.999704, 0.00637768, 0.0101574, 0.0211812, -0.00476211, 0.0427511, -0.012596, 0, -0.247175, -0.0628937, 
[2025-02-03 17:53:08.442025] [0x0000007f5fea89a0] [MocapTag] [0x00005f2f] [858] , 3.43432, -0.0310735, -0.202941, -0.149839, -0.999704, 0.00637768, 0.0101574, 0.0211812, 0, 0, 0, 0, 0, 0, 
[2025-02-03 17:53:08.444713] [0x0000007f5fea89a0] [MocapTag] [0x00005f2f] [859] , 3.44432, -0.0307152, -0.203265, -0.149864, -0.999711, 0.00620763, 0.0101805, 0.0208755, 0, 0, 0, 0, 0, 0, 
[2025-02-03 17:53:08.449929] [0x0000007f5fea89a0] [MocapTag] [0x00005f2f] [860] , 3.44432, -0.0307152, -0.203265, -0.149864, -0.999711, 0.00620763, 0.0101805, 0.0208755, 0.0358257, -0.0324395, -0.0024515, 0, 0, -0.06148, 
[2025-02-03 17:53:08.452617] [0x0000007f5fea89a0] [MocapTag] [0x00005f2f] [861] , 3.44432, -0.0307152, -0.203265, -0.149864, -0.999711, 0.00620763, 0.0101805, 0.0208755, 0, 0, 0, 0, 0, 0, 
[2025-02-03 17:53:08.455706] [0x0000007f5fea89a0] [MocapTag] [0x00005f2f] [862] , 3.45432, -0.0306845, -0.203067, -0.149349, -0.99971, 0.0056236, 0.00947292, 0.0213992, 0, 0, 0, 0, 0, 0, 
[2025-02-03 17:53:08.460728] [0x0000007f5fea89a0] [MocapTag] [0x00005f2f] [863] , 3.45432, -0.0306845, -0.203067, -0.149349, -0.99971, 0.0056236, 0.00947292, 0.0213992, 0.0030785, 0.0197711, 0.0514764, 0.118804, -0.139662, 0.102736, 
[2025-02-03 17:53:08.461273] [0x0000007f5fea89a0] [MocapTag] [0x00005f2f] [864] , 3.45432, -0.0306845, -0.203067, -0.149349, -0.99971, 0.0056236, 0.00947292, 0.0213992, 0, 0, 0, 0, 0, 0, 
[2025-02-03 17:53:08.464434] [0x0000007f5fea89a0] [MocapTag] [0x00005f2f] [865] , 3.45432, -0.0306845, -0.203067, -0.149349, -0.99971, 0.0056236, 0.00947292, 0.0213992, 0, 0, 0, 0, 0, 0, 
[2025-02-03 17:53:08.467222] [0x0000007f5fea89a0] [MocapTag] [0x00005f2f] [866] , 3.46433, -0.0305805, -0.203076, -0.149334, -0.999711, 0.0041992, 0.00984084, 0.0215233, 0, 0, 0, 0, 0, 0, 
[2025-02-03 17:53:08.470041] [0x0000007f5fea89a0] [MocapTag] [0x00005f2f] [867] , 3.46433, -0.0305805, -0.203076, -0.149334, -0.999711, 0.0041992, 0.00984084, 0.0215233, 0.0103964, 0, 0, 0.283027, 0.0795715, 0, 
[2025-02-03 17:53:08.472654] [0x0000007f5fea89a0] [MocapTag] [0x00005f2f] [868] , 3.46433, -0.0305805, -0.203076, -0.149334, -0.999711, 0.0041992, 0.00984084, 0.0215233, 0, 0, 0, 0, 0, 0, 
[2025-02-03 17:53:08.475417] [0x0000007f5fea89a0] [MocapTag] [0x00005f2f] [869] , 3.47431, -0.0305316, -0.203104, -0.14942, -0.999707, 0.00442231, 0.0099406, 0.0216112, 0, 0, 0, 0, 0, 0, 
[2025-02-03 17:53:08.479975] [0x0000007f5fea89a0] [MocapTag] [0x00005f2f] [870] , 3.47431, -0.0305316, -0.203104, -0.14942, -0.999707, 0.00442231, 0.0099406, 0.0216112, 0.00489115, -0.00286469, -0.00865337, -0.045228, 0, 0, 
[2025-02-03 17:53:08.482685] [0x0000007f5fea89a0] [MocapTag] [0x00005f2f] [871] , 3.47431, -0.0305316, -0.203104, -0.14942, -0.999707, 0.00442231, 0.0099406, 0.0216112, 0, 0, 0, 0, 0, 0, 
[2025-02-03 17:53:08.485710] [0x0000007f5fea89a0] [MocapTag] [0x00005f2f] [872] , 3.48432, -0.0306951, -0.203084, -0.149028, -0.999691, 0.00534467, 0.00951973, 0.02232, 0, 0, 0, 0, 0, 0, 
[2025-02-03 17:53:08.488189] [0x0000007f5fea89a0] [MocapTag] [0x00005f2f] [873] , 3.48432, -0.0306951, -0.203084, -0.149028, -0.999691, 0.00534467, 0.00951973, 0.02232, -0.0163487, 0.002013, 0.0392009, -0.18394, -0.0889398, 0.143122, 
[2025-02-03 17:53:08.490779] [0x0000007f5fea89a0] [MocapTag] [0x00005f2f] [874] , 3.48432, -0.0306951, -0.203084, -0.149028, -0.999691, 0.00534467, 0.00951973, 0.02232, 0, 0, 0, 0, 0, 0, 
[2025-02-03 17:53:08.495996] [0x0000007f5fea89a0] [MocapTag] [0x00005f2f] [875] , 3.49431, -0.0305972, -0.203233, -0.149117, -0.999704, 0.00463241, 0.00966526, 0.0218396, 0, 0, 0, 0, 0, 0, 
[2025-02-03 17:53:08.498905] [0x0000007f5fea89a0] [MocapTag] [0x00005f2f] [876] , 3.49431, -0.0305972, -0.203233, -0.149117, -0.999704, 0.00463241, 0.00966526, 0.0218396, 0.00978717, -0.0148511, -0.00884716, 0.142694, 0, -0.0973124, 
[2025-02-03 17:53:08.501684] [0x0000007f5fea89a0] [MocapTag] [0x00005f2f] [877] , 3.49431, -0.0305972, -0.203233, -0.149117, -0.999704, 0.00463241, 0.00966526, 0.0218396, 0, 0, 0, 0, 0, 0, 
[2025-02-03 17:53:08.504284] [0x0000007f5fea89a0] [MocapTag] [0x00005f2f] [878] , 3.49431, -0.0304303, -0.203353, -0.149086, -0.999687, 0.00434385, 0.0113473, 0.0218587, 0, 0, 0, 0, 0, 0, 
[2025-02-03 17:53:08.507168] [0x0000007f5fea89a0] [MocapTag] [0x00005f2f] [879] , 3.50433, -0.0304303, -0.203353, -0.149086, -0.999687, 0.00434385, 0.0113473, 0.0218587, 0.0166894, -0.0120079, 0.00304234, 0.0502586, 0.337587, 0, 
[2025-02-03 17:53:08.510836] [0x0000007f5fea89a0] [MocapTag] [0x00005f2f] [880] , 3.50433, -0.0304303, -0.203353, -0.149086, -0.999687, 0.00434385, 0.0113473, 0.0218587, 0, 0, 0, 0, 0, 0, 
[2025-02-03 17:53:08.513038] [0x0000007f5fea89a0] [MocapTag] [0x00005f2f] [881] , 3.50433, -0.0304303, -0.203353, -0.149086, -0.999687, 0.00434385, 0.0113473, 0.0218587, 0, 0, 0, 0, 0, 0, 
[2025-02-03 17:53:08.515761] [0x0000007f5fea89a0] [MocapTag] [0x00005f2f] [882] , 3.51432, -0.0305923, -0.202958, -0.149437, -0.999711, 0.00453304, 0.00993784, 0.0214274, 0, 0, 0, 0, 0, 0, 
[2025-02-03 17:53:08.518463] [0x0000007f5fea89a0] [MocapTag] [0x00005f2f] [883] , 3.51432, -0.0305923, -0.202958, -0.149437, -0.999711, 0.00453304, 0.00993784, 0.0214274, -0.0161987, 0.039498, -0.0351137, 0, -0.282255, -0.0873543, 
[2025-02-03 17:53:08.521145] [0x0000007f5fea89a0] [MocapTag] [0x00005f2f] [884] , 3.51432, -0.0305923, -0.202958, -0.149437, -0.999711, 0.00453304, 0.00993784, 0.0214274, 0, 0, 0, 0, 0, 0, 
[2025-02-03 17:53:08.525745] [0x0000007f5fea89a0] [MocapTag] [0x00005f2f] [885] , 3.52431, -0.0309718, -0.203177, -0.149892, -0.999701, 0.00617988, 0.0100019, 0.0214194, 0, 0, 0, 0, 0, 0, 
[2025-02-03 17:53:08.528650] [0x0000007f5fea89a0] [MocapTag] [0x00005f2f] [886] , 3.52431, -0.0309718, -0.203177, -0.149892, -0.999701, 0.00617988, 0.0100019, 0.0214194, -0.0379559, -0.0218785, -0.0454657, -0.32959, 0, 0, 
[2025-02-03 17:53:08.531144] [0x0000007f5fea89a0] [MocapTag] [0x00005f2f] [887] , 3.52431, -0.0309718, -0.203177, -0.149892, -0.999701, 0.00617988, 0.0100019, 0.0214194, 0, 0, 0, 0, 0, 0, 
[2025-02-03 17:53:08.533774] [0x0000007f5fea89a0] [MocapTag] [0x00005f2f] [888] , 3.52431, -0.0305404, -0.203166, -0.149197, -0.999693, 0.00498472, 0.0108564, 0.0217281, 0, 0, 0, 0, 0, 0, 
[2025-02-03 17:53:08.536741] [0x0000007f5fea89a0] [MocapTag] [0x00005f2f] [889] , 3.53432, -0.0305404, -0.203166, -0.149197, -0.999693, 0.00498472, 0.0108564, 0.0217281, 0.0431471, 0, 0.0695391, 0.234652, 0.175686, 0.0603668, 
[2025-02-03 17:53:08.541360] [0x0000007f5fea89a0] [MocapTag] [0x00005f2f] [890] , 3.53432, -0.0305404, -0.203166, -0.149197, -0.999693, 0.00498472, 0.0108564, 0.0217281, 0, 0, 0, 0, 0, 0, 
[2025-02-03 17:53:08.544203] [0x0000007f5fea89a0] [MocapTag] [0x00005f2f] [891] , 3.53432, -0.0308415, -0.203162, -0.149246, -0.999678, 0.00523466, 0.0110492, 0.0222534, 0, 0, 0, 0, 0, 0, 
[2025-02-03 17:53:08.546816] [0x0000007f5fea89a0] [MocapTag] [0x00005f2f] [892] , 3.54433, -0.0308415, -0.203162, -0.149246, -0.999678, 0.00523466, 0.0110492, 0.0222534, -0.0301125, 0, -0.00497689, -0.0519753, 0.0368867, 0.105879, 
[2025-02-03 17:53:08.549523] [0x0000007f5fea89a0] [MocapTag] [0x00005f2f] [893] , 3.54433, -0.0308415, -0.203162, -0.149246, -0.999678, 0.00523466, 0.0110492, 0.0222534, 0, 0, 0, 0, 0, 0, 
[2025-02-03 17:53:08.552489] [0x0000007f5fea89a0] [MocapTag] [0x00005f2f] [894] , 3.54433, -0.0308415, -0.203162, -0.149246, -0.999678, 0.00523466, 0.0110492, 0.0222534, 0, 0, 0, 0, 0, 0, 
[2025-02-03 17:53:08.556199] [0x0000007f5fea89a0] [MocapTag] [0x00005f2f] [895] , 3.55432, -0.0309332, -0.202682, -0.149626, -0.99972, 0.00579746, 0.00856553, 0.0213072, 0, 0, 0, 0, 0, 0, 
[2025-02-03 17:53:08.567362] [0x0000007f5fea89a0] [MocapTag] [0x00005f2f] [896] , 3.56431, -0.0309332, -0.202682, -0.149626, -0.99972, 0.00579746, 0.00856553, 0.0213072, -0.00916994, 0.0479227, -0.0379219, -0.0998259, -0.498007, -0.191282, 
[2025-02-03 17:53:08.567910] [0x0000007f5fea89a0] [MocapTag] [0x00005f2f] [897] , 3.56431, -0.0309332, -0.202682, -0.149626, -0.99972, 0.00579746, 0.00856553, 0.0213072, 0, 0, 0, 0, 0, 0, 
[2025-02-03 17:53:08.569023] [0x0000007f5fea89a0] [MocapTag] [0x00005f2f] [898] , 3.56431, -0.0309386, -0.20277, -0.149514, -0.99971, 0.00564761, 0.00920961, 0.0215432, 0, 0, 0, 0, 0, 0, 
[2025-02-03 17:53:08.569624] [0x0000007f5fea89a0] [MocapTag] [0x00005f2f] [899] , 3.56431, -0.0309386, -0.20277, -0.149514, -0.99971, 0.00564761, 0.00920961, 0.0215432, 0, -0.00881922, 0.0112032, 0, 0.129155, 0.047756, 
[2025-02-03 17:53:08.571528] [0x0000007f5fea89a0] [MocapTag] [0x00005f2f] [900] , 3.56431, -0.0309386, -0.20277, -0.149514, -0.99971, 0.00564761, 0.00920961, 0.0215432, 0, 0, 0, 0, 0, 0, 
[2025-02-03 17:53:08.574245] [0x0000007f5fea89a0] [MocapTag] [0x00005f2f] [901] , 3.56431, -0.0309248, -0.202986, -0.149631, -0.999711, 0.00558425, 0.00855252, 0.0217515, 0, 0, 0, 0, 0, 0, 
[2025-02-03 17:53:08.577338] [0x0000007f5fea89a0] [MocapTag] [0x00005f2f] [902] , 3.57433, -0.0309248, -0.202986, -0.149631, -0.999711, 0.00558425, 0.00855252, 0.0217515, 0, -0.021508, -0.0117627, 0, -0.131358, 0.0407584, 
[2025-02-03 17:53:08.581454] [0x0000007f5fea89a0] [MocapTag] [0x00005f2f] [903] , 3.57433, -0.0309248, -0.202986, -0.149631, -0.999711, 0.00558425, 0.00855252, 0.0217515, 0, 0, 0, 0, 0, 0, 
[2025-02-03 17:53:08.582441] [0x0000007f5fea89a0] [MocapTag] [0x00005f2f] [904] , 3.57433, -0.0309248, -0.202986, -0.149631, -0.999711, 0.00558425, 0.00855252, 0.0217515, 0, 0, 0, 0, 0, 0, 
[2025-02-03 17:53:08.587816] [0x0000007f5fea89a0] [MocapTag] [0x00005f2f] [905] , 3.58433, -0.0307566, -0.203044, -0.148928, -0.999686, 0.00543718, 0.00987788, 0.0223648, 0, 0, 0, 0, 0, 0, 
[2025-02-03 17:53:08.589668] [0x0000007f5fea89a0] [MocapTag] [0x00005f2f] [906] , 3.58433, -0.0307566, -0.203044, -0.148928, -0.999686, 0.00543718, 0.00987788, 0.0223648, 0.0168216, -0.00580422, 0.0702854, 0, 0.264963, 0.124045, 
[2025-02-03 17:53:08.592392] [0x0000007f5fea89a0] [MocapTag] [0x00005f2f] [907] , 3.58433, -0.0307566, -0.203044, -0.148928, -0.999686, 0.00543718, 0.00987788, 0.0223648, 0, 0, 0, 0, 0, 0, 
[2025-02-03 17:53:08.594912] [0x0000007f5fea89a0] [MocapTag] [0x00005f2f] [908] , 3.59433, -0.0308517, -0.20328, -0.149162, -0.999685, 0.00479633, 0.0107418, 0.022176, 0, 0, 0, 0, 0, 0, 
[2025-02-03 17:53:08.597984] [0x0000007f5fea89a0] [MocapTag] [0x00005f2f] [909] , 3.59433, -0.0308517, -0.20328, -0.149162, -0.999685, 0.00479633, 0.0107418, 0.022176, -0.00951222, -0.0236565, -0.0233279, 0.124669, 0.175819, -0.0380669, 
[2025-02-03 17:53:08.602791] [0x0000007f5fea89a0] [MocapTag] [0x00005f2f] [910] , 3.59433, -0.0308517, -0.20328, -0.149162, -0.999685, 0.00479633, 0.0107418, 0.022176, 0, 0, 0, 0, 0, 0, 
[2025-02-03 17:53:08.605225] [0x0000007f5fea89a0] [MocapTag] [0x00005f2f] [911] , 3.60433, -0.0307093, -0.203215, -0.149071, -0.999679, 0.00477695, 0.0110681, 0.0222689, 0, 0, 0, 0, 0, 0, 
[2025-02-03 17:53:08.607677] [0x0000007f5fea89a0] [MocapTag] [0x00005f2f] [912] , 3.60433, -0.0307093, -0.203215, -0.149071, -0.999679, 0.00477695, 0.0110681, 0.0222689, 0.0142432, 0.00655087, 0.00906914, 0, 0.0652377, 0, 
[2025-02-03 17:53:08.611459] [0x0000007f5fea89a0] [MocapTag] [0x00005f2f] [913] , 3.60433, -0.0307093, -0.203215, -0.149071, -0.999679, 0.00477695, 0.0110681, 0.0222689, 0, 0, 0, 0, 0, 0, 
[2025-02-03 17:53:08.613057] [0x0000007f5fea89a0] [MocapTag] [0x00005f2f] [914] , 3.60433, -0.0307093, -0.203215, -0.149071, -0.999679, 0.00477695, 0.0110681, 0.0222689, 0, 0, 0, 0, 0, 0, 
[2025-02-03 17:53:08.617240] [0x0000007f5fea89a0] [MocapTag] [0x00005f2f] [915] , 3.61433, -0.0308851, -0.202396, -0.149318, -0.999731, 0.00581092, 0.00707552, 0.021318, 0, 0, 0, 0, 0, 0, 
[2025-02-03 17:53:08.621172] [0x0000007f5fea89a0] [MocapTag] [0x00005f2f] [916] , 3.61433, -0.0308851, -0.202396, -0.149318, -0.999731, 0.00581092, 0.00707552, 0.021318, -0.0175834, 0.0818677, -0.0246746, -0.18754, -0.801824, -0.193089, 
[2025-02-03 17:53:08.622780] [0x0000007f5fea89a0] [MocapTag] [0x00005f2f] [917] , 3.61433, -0.0308851, -0.202396, -0.149318, -0.999731, 0.00581092, 0.00707552, 0.021318, 0, 0, 0, 0, 0, 0, 
[2025-02-03 17:53:08.625554] [0x0000007f5fea89a0] [MocapTag] [0x00005f2f] [918] , 3.62431, -0.0308852, -0.20253, -0.149144, -0.999716, 0.00610698, 0.00815449, 0.0215652, 0, 0, 0, 0, 0, 0, 
[2025-02-03 17:53:08.628443] [0x0000007f5fea89a0] [MocapTag] [0x00005f2f] [919] , 3.62431, -0.0308852, -0.20253, -0.149144, -0.999716, 0.00610698, 0.00815449, 0.0215652, 0, -0.0133941, 0.0174066, -0.06423, 0.214171, 0.0512745, 
[2025-02-03 17:53:08.633112] [0x0000007f5fea89a0] [MocapTag] [0x00005f2f] [920] , 3.62431, -0.0308852, -0.20253, -0.149144, -0.999716, 0.00610698, 0.00815449, 0.0215652, 0, 0, 0, 0, 0, 0, 
[2025-02-03 17:53:08.636521] [0x0000007f5fea89a0] [MocapTag] [0x00005f2f] [921] , 3.63431, -0.0308346, -0.202988, -0.149546, -0.999708, 0.00554315, 0.00893362, 0.0217545, 0, 0, 0, 0, 0, 0, 
[2025-02-03 17:53:08.638589] [0x0000007f5fea89a0] [MocapTag] [0x00005f2f] [922] , 3.63431, -0.0308346, -0.202988, -0.149546, -0.999708, 0.00554315, 0.00893362, 0.0217545, 0.00505767, -0.0457993, -0.0402144, 0.109029, 0.158014, 0.0379249, 
[2025-02-03 17:53:08.641278] [0x0000007f5fea89a0] [MocapTag] [0x00005f2f] [923] , 3.63431, -0.0308346, -0.202988, -0.149546, -0.999708, 0.00554315, 0.00893362, 0.0217545, 0, 0, 0, 0, 0, 0, 
[2025-02-03 17:53:08.644023] [0x0000007f5fea89a0] [MocapTag] [0x00005f2f] [924] , 3.63431, -0.0303918, -0.203228, -0.149311, -0.999681, 0.00444534, 0.0116107, 0.0219922, 0, 0, 0, 0, 0, 0, 
[2025-02-03 17:53:08.648234] [0x0000007f5fea89a0] [MocapTag] [0x00005f2f] [925] , 3.64433, -0.0303918, -0.203228, -0.149311, -0.999681, 0.00444534, 0.0116107, 0.0219922, 0.0442789, -0.0239884, 0.0234342, 0.207257, 0.539867, 0.0483595, 
[2025-02-03 17:53:08.650798] [0x0000007f5fea89a0] [MocapTag] [0x00005f2f] [926] , 3.64433, -0.0303918, -0.203228, -0.149311, -0.999681, 0.00444534, 0.0116107, 0.0219922, 0, 0, 0, 0, 0, 0, 
[2025-02-03 17:53:08.653420] [0x0000007f5fea89a0] [MocapTag] [0x00005f2f] [927] , 3.64433, -0.0305867, -0.203189, -0.149062, -0.999704, 0.00464097, 0.00956943, 0.0218776, 0, 0, 0, 0, 0, 0, 
[2025-02-03 17:53:08.656996] [0x0000007f5fea89a0] [MocapTag] [0x00005f2f] [928] , 3.65432, -0.0305867, -0.203189, -0.149062, -0.999704, 0.00464097, 0.00956943, 0.0218776, -0.0194871, 0.00389415, 0.024955, 0, -0.408918, 0, 
[2025-02-03 17:53:08.658859] [0x0000007f5fea89a0] [MocapTag] [0x00005f2f] [929] , 3.65432, -0.0305867, -0.203189, -0.149062, -0.999704, 0.00464097, 0.00956943, 0.0218776, 0, 0, 0, 0, 0, 0, 
[2025-02-03 17:53:08.665856] [0x0000007f5fea89a0] [MocapTag] [0x00005f2f] [930] , 3.66431, -0.0305867, -0.203189, -0.149062, -0.999704, 0.00464097, 0.00956943, 0.0218776, 0, 0, 0, 0, 0, 0, 
[2025-02-03 17:53:08.668981] [0x0000007f5fea89a0] [MocapTag] [0x00005f2f] [931] , 3.66431, -0.0304695, -0.203215, -0.149414, -0.999689, 0.00495791, 0.0108621, 0.0218761, 0, 0, 0, 0, 0, 0, 
[2025-02-03 17:53:08.669545] [0x0000007f5fea89a0] [MocapTag] [0x00005f2f] [932] , 3.66431, -0.0304695, -0.203215, -0.149414, -0.999689, 0.00495791, 0.0108621, 0.0218761, 0.0117236, -0.00261168, -0.0352155, -0.0690937, 0.257089, 0, 
[2025-02-03 17:53:08.671544] [0x0000007f5fea89a0] [MocapTag] [0x00005f2f] [933] , 3.66431, -0.0304695, -0.203215, -0.149414, -0.999689, 0.00495791, 0.0108621, 0.0218761, 0, 0, 0, 0, 0, 0, 
[2025-02-03 17:53:08.674161] [0x0000007f5fea89a0] [MocapTag] [0x00005f2f] [934] , 3.66431, -0.0283559, -0.201608, -0.14637, -0.99912, 0.0144428, 0.0321818, 0.0226714, 0, 0, 0, 0, 0, 0, 
[2025-02-03 17:53:08.679194] [0x0000007f5fea89a0] [MocapTag] [0x00005f2f] [935] , 3.67433, -0.0283559, -0.201608, -0.14637, -0.99912, 0.0144428, 0.0321818, 0.0226714, 0.211359, 0.16069, 0.304428, -1.9995, 4.2193, 0.247254, 
[2025-02-03 17:53:08.681685] [0x0000007f5fea89a0] [MocapTag] [0x00005f2f] [936] , 3.67433, -0.0283559, -0.201608, -0.14637, -0.99912, 0.0144428, 0.0321818, 0.0226714, 0, 0, 0, 0, 0, 0, 
[2025-02-03 17:53:08.684354] [0x0000007f5fea89a0] [MocapTag] [0x00005f2f] [937] , 3.67433, -0.0317021, -0.202185, -0.151422, -0.999744, -0.00237194, -0.00692418, 0.0213994, 0, 0, 0, 0, 0, 0, 
[2025-02-03 17:53:08.687098] [0x0000007f5fea89a0] [MocapTag] [0x00005f2f] [938] , 3.68437, -0.0317021, -0.202185, -0.151422, -0.999744, -0.00237194, -0.00692418, 0.0213994, -0.33462, -0.057681, -0.505261, -624.776, -7.74389, -0.350518, 
[2025-02-03 17:53:08.691327] [0x0000007f5fea89a0] [MocapTag] [0x00005f2f] [939] , 3.68437, -0.0317021, -0.202185, -0.151422, -0.999744, -0.00237194, -0.00692418, 0.0213994, 0, 0, 0, 0, 0, 0, 
[2025-02-03 17:53:08.693916] [0x0000007f5fea89a0] [MocapTag] [0x00005f2f] [940] , 3.68437, -0.0317021, -0.202185, -0.151422, -0.999744, -0.00237194, -0.00692418, 0.0213994, 0, 0, 0, 0, 0, 0, 
[2025-02-03 17:53:08.696600] [0x0000007f5fea89a0] [MocapTag] [0x00005f2f] [941] , 3.69433, -0.031637, -0.201097, -0.152929, -0.999736, -0.0053432, -0.00402169, 0.0219676, 0, 0, 0, 0, 0, 0, 
[2025-02-03 17:53:08.699430] [0x0000007f5fea89a0] [MocapTag] [0x00005f2f] [942] , 3.69433, -0.031637, -0.201097, -0.152929, -0.999736, -0.0053432, -0.00402169, 0.0219676, 0.00650552, 0.108829, -0.150668, 0.582123, 0.593714, 0.114421, 
[2025-02-03 17:53:08.702203] [0x0000007f5fea89a0] [MocapTag] [0x00005f2f] [943] , 3.69433, -0.031637, -0.201097, -0.152929, -0.999736, -0.0053432, -0.00402169, 0.0219676, 0, 0, 0, 0, 0, 0, 
[2025-02-03 17:53:08.704711] [0x0000007f5fea89a0] [MocapTag] [0x00005f2f] [944] , 3.70432, -0.0308504, -0.203227, -0.149847, -0.999703, 0.00616512, 0.0100991, 0.0213172, 0, 0, 0, 0, 0, 0, 
[2025-02-03 17:53:08.709347] [0x0000007f5fea89a0] [MocapTag] [0x00005f2f] [945] , 3.70432, -0.0308504, -0.203227, -0.149847, -0.999703, 0.00616512, 0.0100991, 0.0213172, 0.078665, -0.213012, 0.308172, 625.956, 2.77372, -0.121427, 
[2025-02-03 17:53:08.713666] [0x0000007f5fea89a0] [MocapTag] [0x00005f2f] [946] , 3.70432, -0.0308504, -0.203227, -0.149847, -0.999703, 0.00616512, 0.0100991, 0.0213172, 0, 0, 0, 0, 0, 0, 
[2025-02-03 17:53:08.714851] [0x0000007f5fea89a0] [MocapTag] [0x00005f2f] [947] , 3.71434, -0.0305288, -0.203503, -0.149631, -0.999671, 0.00523743, 0.0124797, 0.0217778, 0, 0, 0, 0, 0, 0, 
[2025-02-03 17:53:08.717670] [0x0000007f5fea89a0] [MocapTag] [0x00005f2f] [948] , 3.71434, -0.0305288, -0.203503, -0.149631, -0.999671, 0.00523743, 0.0124797, 0.0217778, 0.0321596, -0.0275995, 0.0216632, 0.174141, 0.479496, 0.0931419, 
[2025-02-03 17:53:08.720159] [0x0000007f5fea89a0] [MocapTag] [0x00005f2f] [949] , 3.71434, -0.0305288, -0.203503, -0.149631, -0.999671, 0.00523743, 0.0124797, 0.0217778, 0, 0, 0, 0, 0, 0, 
[2025-02-03 17:53:08.725045] [0x0000007f5fea89a0] [MocapTag] [0x00005f2f] [950] , 3.72431, -0.0305288, -0.203503, -0.149631, -0.999671, 0.00523743, 0.0124797, 0.0217778, 0, 0, 0, 0, 0, 0, 
[2025-02-03 17:53:08.727350] [0x0000007f5fea89a0] [MocapTag] [0x00005f2f] [951] , 3.72431, -0.0307676, -0.203206, -0.14917, -0.999681, 0.00490403, 0.0107382, 0.0223476, 0, 0, 0, 0, 0, 0, 
[2025-02-03 17:53:08.730799] [0x0000007f5fea89a0] [MocapTag] [0x00005f2f] [952] , 3.72431, -0.0307676, -0.203206, -0.14917, -0.999681, 0.00490403, 0.0107382, 0.0223476, -0.0238819, 0.0296289, 0.0460769, 0.073123, -0.347354, 0.11122, 
[2025-02-03 17:53:08.733027] [0x0000007f5fea89a0] [MocapTag] [0x00005f2f] [953] , 3.72431, -0.0307676, -0.203206, -0.14917, -0.999681, 0.00490403, 0.0107382, 0.0223476, 0, 0, 0, 0, 0, 0, 
[2025-02-03 17:53:08.735564] [0x0000007f5fea89a0] [MocapTag] [0x00005f2f] [954] , 3.73432, -0.0308858, -0.203244, -0.149226, -0.99968, 0.00514191, 0.0112047, 0.0221041, 0, 0, 0, 0, 0, 0, 
[2025-02-03 17:53:08.740495] [0x0000007f5fea89a0] [MocapTag] [0x00005f2f] [955] , 3.73432, -0.0308858, -0.203244, -0.149226, -0.99968, 0.00514191, 0.0112047, 0.0221041, -0.0118188, -0.00379249, -0.005656, -0.0491381, 0.0924656, -0.0476725, 
[2025-02-03 17:53:08.743190] [0x0000007f5fea89a0] [MocapTag] [0x00005f2f] [956] , 3.73432, -0.0308858, -0.203244, -0.149226, -0.99968, 0.00514191, 0.0112047, 0.0221041, 0, 0, 0, 0, 0, 0, 
[2025-02-03 17:53:08.745990] [0x0000007f5fea89a0] [MocapTag] [0x00005f2f] [957] , 3.74431, -0.0307171, -0.203152, -0.14906, -0.999679, 0.00480142, 0.0107694, 0.0224083, 0, 0, 0, 0, 0, 0, 
[2025-02-03 17:53:08.749491] [0x0000007f5fea89a0] [MocapTag] [0x00005f2f] [958] , 3.74431, -0.0307171, -0.203152, -0.14906, -0.999679, 0.00480142, 0.0107694, 0.0224083, 0.0168715, 0.00927808, 0.0166635, 0.0694036, -0.0858353, 0.0596359, 
[2025-02-03 17:53:08.751832] [0x0000007f5fea89a0] [MocapTag] [0x00005f2f] [959] , 3.74431, -0.0307171, -0.203152, -0.14906, -0.999679, 0.00480142, 0.0107694, 0.0224083, 0, 0, 0, 0, 0, 0, 
[2025-02-03 17:53:08.756161] [0x0000007f5fea89a0] [MocapTag] [0x00005f2f] [960] , 3.75431, -0.0309287, -0.202652, -0.149675, -0.999721, 0.00581526, 0.00847032, 0.0212648, 0, 0, 0, 0, 0, 0, 
[2025-02-03 17:53:08.758919] [0x0000007f5fea89a0] [MocapTag] [0x00005f2f] [961] , 3.75431, -0.0309287, -0.202652, -0.149675, -0.999721, 0.00581526, 0.00847032, 0.0212648, -0.0211694, 0.0499545, -0.0614788, -0.190473, -0.462893, -0.229597, 
[2025-02-03 17:53:08.763856] [0x0000007f5fea89a0] [MocapTag] [0x00005f2f] [962] , 3.75431, -0.0309287, -0.202652, -0.149675, -0.999721, 0.00581526, 0.00847032, 0.0212648, 0, 0, 0, 0, 0, 0, 
[2025-02-03 17:53:08.768112] [0x0000007f5fea89a0] [MocapTag] [0x00005f2f] [963] , 3.76433, -0.0309662, -0.202752, -0.149526, -0.99971, 0.00555628, 0.00917487, 0.0215691, 0, 0, 0, 0, 0, 0, 
[2025-02-03 17:53:08.768759] [0x0000007f5fea89a0] [MocapTag] [0x00005f2f] [964] , 3.76433, -0.0309662, -0.202752, -0.149526, -0.99971, 0.00555628, 0.00917487, 0.0215691, -0.00374918, -0.0100135, 0.0148244, 0.0482321, 0.141635, 0.0613168, 
[2025-02-03 17:53:08.772192] [0x0000007f5fea89a0] [MocapTag] [0x00005f2f] [965] , 3.76433, -0.0309662, -0.202752, -0.149526, -0.99971, 0.00555628, 0.00917487, 0.0215691, 0, 0, 0, 0, 0, 0, 
[2025-02-03 17:53:08.775082] [0x0000007f5fea89a0] [MocapTag] [0x00005f2f] [966] , 3.77433, -0.0309287, -0.203092, -0.149823, -0.999708, 0.00597035, 0.00863928, 0.0217756, 0, 0, 0, 0, 0, 0, 
[2025-02-03 17:53:08.778047] [0x0000007f5fea89a0] [MocapTag] [0x00005f2f] [967] , 3.77433, -0.0309287, -0.203092, -0.149823, -0.999708, 0.00597035, 0.00863928, 0.0217756, 0.00375261, -0.0339495, -0.0296193, -0.0808477, -0.109141, 0.041369, 
[2025-02-03 17:53:08.780665] [0x0000007f5fea89a0] [MocapTag] [0x00005f2f] [968] , 3.77433, -0.0309287, -0.203092, -0.149823, -0.999708, 0.00597035, 0.00863928, 0.0217756, 0, 0, 0, 0, 0, 0, 
[2025-02-03 17:53:08.783407] [0x0000007f5fea89a0] [MocapTag] [0x00005f2f] [969] , 3.77433, -0.0307901, -0.203016, -0.149649, -0.999719, 0.0056054, 0.00867771, 0.0213464, 0, 0, 0, 0, 0, 0, 
[2025-02-03 17:53:08.790449] [0x0000007f5fea89a0] [MocapTag] [0x00005f2f] [970] , 3.78434, -0.0307901, -0.203016, -0.149649, -0.999719, 0.0056054, 0.00867771, 0.0213464, 0.0138619, 0.0075522, 0.0173807, 0.0735521, 0, -0.0864428, 
[2025-02-03 17:53:08.791245] [0x0000007f5fea89a0] [MocapTag] [0x00005f2f] [971] , 3.78434, -0.0307901, -0.203016, -0.149649, -0.999719, 0.0056054, 0.00867771, 0.0213464, 0, 0, 0, 0, 0, 0, 
[2025-02-03 17:53:08.794033] [0x0000007f5fea89a0] [MocapTag] [0x00005f2f] [972] , 3.78434, -0.0307121, -0.203506, -0.149974, -0.999689, 0.00610959, 0.0118701, 0.0210786, 0, 0, 0, 0, 0, 0, 
[2025-02-03 17:53:08.797120] [0x0000007f5fea89a0] [MocapTag] [0x00005f2f] [973] , 3.79433, -0.0307121, -0.203506, -0.149974, -0.999689, 0.00610959, 0.0118701, 0.0210786, 0.0077978, -0.0490076, -0.0325054, -0.11394, 0.636528, -0.0484139, 
[2025-02-03 17:53:08.799684] [0x0000007f5fea89a0] [MocapTag] [0x00005f2f] [974] , 3.79433, -0.0307121, -0.203506, -0.149974, -0.999689, 0.00610959, 0.0118701, 0.0210786, 0, 0, 0, 0, 0, 0, 
[2025-02-03 17:53:08.803478] [0x0000007f5fea89a0] [MocapTag] [0x00005f2f] [975] , 3.79433, -0.0307121, -0.203506, -0.149974, -0.999689, 0.00610959, 0.0118701, 0.0210786, 0, 0, 0, 0, 0, 0, 
[2025-02-03 17:53:08.806068] [0x0000007f5fea89a0] [MocapTag] [0x00005f2f] [976] , 3.80432, -0.0307705, -0.203224, -0.149199, -0.999682, 0.00489081, 0.0107995, 0.0222678, 0, 0, 0, 0, 0, 0, 
[2025-02-03 17:53:08.808968] [0x0000007f5fea89a0] [MocapTag] [0x00005f2f] [977] , 3.80432, -0.0307705, -0.203224, -0.149199, -0.999682, 0.00489081, 0.0107995, 0.0222678, -0.00583905, 0.0282247, 0.0774505, 0.245762, -0.21013, 0.233874, 
[2025-02-03 17:53:08.811939] [0x0000007f5fea89a0] [MocapTag] [0x00005f2f] [978] , 3.80432, -0.0307705, -0.203224, -0.149199, -0.999682, 0.00489081, 0.0107995, 0.0222678, 0, 0, 0, 0, 0, 0, 
[2025-02-03 17:53:08.816335] [0x0000007f5fea89a0] [MocapTag] [0x00005f2f] [979] , 3.81432, -0.0307698, -0.20321, -0.149184, -0.999681, 0.00493795, 0.0107357, 0.0223073, 0, 0, 0, 0, 0, 0, 
[2025-02-03 17:53:08.818789] [0x0000007f5fea89a0] [MocapTag] [0x00005f2f] [980] , 3.81432, -0.0307698, -0.20321, -0.149184, -0.999681, 0.00493795, 0.0107357, 0.0223073, 0, 0, 0, 0, 0, 0, 
[2025-02-03 17:53:08.820883] [0x0000007f5fea89a0] [MocapTag] [0x00005f2f] [981] , 3.81432, -0.0307698, -0.20321, -0.149184, -0.999681, 0.00493795, 0.0107357, 0.0223073, 0, 0, 0, 0, 0, 0, 
[2025-02-03 17:53:08.823572] [0x0000007f5fea89a0] [MocapTag] [0x00005f2f] [982] , 3.81432, -0.0308678, -0.20325, -0.149239, -0.999682, 0.00505084, 0.0110413, 0.0220887, 0, 0, 0, 0, 0, 0, 
[2025-02-03 17:53:08.826437] [0x0000007f5fea89a0] [MocapTag] [0x00005f2f] [983] , 3.82433, -0.0308678, -0.20325, -0.149239, -0.999682, 0.00505084, 0.0110413, 0.0220887, -0.0098035, -0.00397537, -0.00548596, 0, 0.0608206, -0.0431545, 
[2025-02-03 17:53:08.829094] [0x0000007f5fea89a0] [MocapTag] [0x00005f2f] [984] , 3.82433, -0.0308678, -0.20325, -0.149239, -0.999682, 0.00505084, 0.0110413, 0.0220887, 0, 0, 0, 0, 0, 0, 
[2025-02-03 17:53:08.834137] [0x0000007f5fea89a0] [MocapTag] [0x00005f2f] [985] , 3.82433, -0.0308678, -0.20325, -0.149239, -0.999682, 0.00505084, 0.0110413, 0.0220887, 0, 0, 0, 0, 0, 0, 
[2025-02-03 17:53:08.836092] [0x0000007f5fea89a0] [MocapTag] [0x00005f2f] [986] , 3.83433, -0.030725, -0.203203, -0.149181, -0.99968, 0.00497583, 0.0107307, 0.0223468, 0, 0, 0, 0, 0, 0, 
[2025-02-03 17:53:08.838848] [0x0000007f5fea89a0] [MocapTag] [0x00005f2f] [987] , 3.83433, -0.030725, -0.203203, -0.149181, -0.99968, 0.00497583, 0.0107307, 0.0223468, 0.0142752, 0.00470341, 0.00581014, 0, -0.0620428, 0.0511199, 
[2025-02-03 17:53:08.841668] [0x0000007f5fea89a0] [MocapTag] [0x00005f2f] [988] , 3.83433, -0.030725, -0.203203, -0.149181, -0.99968, 0.00497583, 0.0107307, 0.0223468, 0, 0, 0, 0, 0, 0, 
[2025-02-03 17:53:08.844336] [0x0000007f5fea89a0] [MocapTag] [0x00005f2f] [989] , 3.83433, -0.0307795, -0.202952, -0.14919, -0.999702, 0.00445611, 0.0096166, 0.0220021, 0, 0, 0, 0, 0, 0, 
[2025-02-03 17:53:08.847056] [0x0000007f5fea89a0] [MocapTag] [0x00005f2f] [990] , 3.84432, -0.0307795, -0.202952, -0.14919, -0.999702, 0.00445611, 0.0096166, 0.0220021, -0.00544527, 0.02508, 0, 0.109601, -0.220119, -0.0712171, 
[2025-02-03 17:53:08.851865] [0x0000007f5fea89a0] [MocapTag] [0x00005f2f] [991] , 3.84432, -0.0307795, -0.202952, -0.14919, -0.999702, 0.00445611, 0.0096166, 0.0220021, 0, 0, 0, 0, 0, 0, 
[2025-02-03 17:53:08.855834] [0x0000007f5fea89a0] [MocapTag] [0x00005f2f] [992] , 3.85431, -0.0309221, -0.202589, -0.149701, -0.999727, 0.00538604, 0.00791319, 0.0213195, 0, 0, 0, 0, 0, 0, 
[2025-02-03 17:53:08.857276] [0x0000007f5fea89a0] [MocapTag] [0x00005f2f] [993] , 3.85431, -0.0309221, -0.202589, -0.149701, -0.999727, 0.00538604, 0.00791319, 0.0213195, -0.0142577, 0.0362427, -0.0511187, -0.17736, -0.343949, -0.13683, 
[2025-02-03 17:53:08.859778] [0x0000007f5fea89a0] [MocapTag] [0x00005f2f] [994] , 3.85431, -0.0309221, -0.202589, -0.149701, -0.999727, 0.00538604, 0.00791319, 0.0213195, 0, 0, 0, 0, 0, 0, 
[2025-02-03 17:53:08.862846] [0x0000007f5fea89a0] [MocapTag] [0x00005f2f] [995] , 3.85431, -0.0309221, -0.202589, -0.149701, -0.999727, 0.00538604, 0.00791319, 0.0213195, 0, 0, 0, 0, 0, 0, 
[2025-02-03 17:53:08.865950] [0x0000007f5fea89a0] [MocapTag] [0x00005f2f] [996] , 3.86431, -0.0309455, -0.202779, -0.149525, -0.999709, 0.00563393, 0.0091949, 0.0215672, 0, 0, 0, 0, 0, 0, 
[2025-02-03 17:53:08.870545] [0x0000007f5fea89a0] [MocapTag] [0x00005f2f] [997] , 3.86431, -0.0309455, -0.202779, -0.149525, -0.999709, 0.00563393, 0.0091949, 0.0215672, -0.00234155, -0.0189597, 0.0176102, -0.0555277, 0.254941, 0.0515316, 
[2025-02-03 17:53:08.871675] [0x0000007f5fea89a0] [MocapTag] [0x00005f2f] [998] , 3.86431, -0.0309455, -0.202779, -0.149525, -0.999709, 0.00563393, 0.0091949, 0.0215672, 0, 0, 0, 0, 0, 0, 
[2025-02-03 17:53:08.874796] [0x0000007f5fea89a0] [MocapTag] [0x00005f2f] [999] , 3.8743, -0.030819, -0.203065, -0.149697, -0.99972, 0.00567726, 0.0084311, 0.0213763, 0, 0, 0, 0, 0, 0, 
[2025-02-03 17:53:08.876807] [0x0000007f5fea89a0] [MocapTag] [0x00005f2f] [1000] , 3.8743, -0.030819, -0.203065, -0.149697, -0.99972, 0.00567726, 0.0084311, 0.0213763, 0.0126497, -0.0285676, -0.0172114, 0, -0.152691, -0.0390597, 
[2025-02-03 17:53:08.882084] [0x0000007f5fea89a0] [MocapTag] [0x00005f2f] [1001] , 3.8743, -0.030819, -0.203065, -0.149697, -0.99972, 0.00567726, 0.0084311, 0.0213763, 0, 0, 0, 0, 0, 0, 
[2025-02-03 17:53:08.884655] [0x0000007f5fea89a0] [MocapTag] [0x00005f2f] [1002] , 3.88433, -0.0307032, -0.20329, -0.150164, -0.99972, 0.00591703, 0.0100979, 0.0205568, 0, 0, 0, 0, 0, 0, 
[2025-02-03 17:53:08.888875] [0x0000007f5fea89a0] [MocapTag] [0x00005f2f] [1003] , 3.88433, -0.0307032, -0.20329, -0.150164, -0.99972, 0.00591703, 0.0100979, 0.0205568, 0.0115737, -0.0225389, -0.0466357, -0.0535011, 0.333259, -0.161396, 
[2025-02-03 17:53:08.890012] [0x0000007f5fea89a0] [MocapTag] [0x00005f2f] [1004] , 3.88433, -0.0307032, -0.20329, -0.150164, -0.99972, 0.00591703, 0.0100979, 0.0205568, 0, 0, 0, 0, 0, 0, 
[2025-02-03 17:53:08.892644] [0x0000007f5fea89a0] [MocapTag] [0x00005f2f] [1005] , 3.88433, -0.0307032, -0.20329, -0.150164, -0.99972, 0.00591703, 0.0100979, 0.0205568, 0, 0, 0, 0, 0, 0, 
[2025-02-03 17:53:08.897104] [0x0000007f5fea89a0] [MocapTag] [0x00005f2f] [1006] , 3.89431, -0.0308583, -0.203265, -0.149532, -0.999692, 0.00671141, 0.0102535, 0.0215706, 0, 0, 0, 0, 0, 0, 
[2025-02-03 17:53:08.899958] [0x0000007f5fea89a0] [MocapTag] [0x00005f2f] [1007] , 3.89431, -0.0308583, -0.203265, -0.149532, -0.999692, 0.00671141, 0.0102535, 0.0215706, -0.0155104, 0.00253696, 0.063108, -0.161576, 0, 0.204645, 
[2025-02-03 17:53:08.902652] [0x0000007f5fea89a0] [MocapTag] [0x00005f2f] [1008] , 3.89431, -0.0308583, -0.203265, -0.149532, -0.999692, 0.00671141, 0.0102535, 0.0215706, 0, 0, 0, 0, 0, 0, 
[2025-02-03 17:53:08.905421] [0x0000007f5fea89a0] [MocapTag] [0x00005f2f] [1009] , 3.90432, -0.0304278, -0.203207, -0.149198, -0.999695, 0.00466375, 0.0102407, 0.0219814, 0, 0, 0, 0, 0, 0, 
[2025-02-03 17:53:08.908029] [0x0000007f5fea89a0] [MocapTag] [0x00005f2f] [1010] , 3.90432, -0.0304278, -0.203207, -0.149198, -0.999695, 0.00466375, 0.0102407, 0.0219814, 0.0430593, 0.00577412, 0.0334593, 0.408745, 0, 0.0780415, 
[2025-02-03 17:53:08.913164] [0x0000007f5fea89a0] [MocapTag] [0x00005f2f] [1011] , 3.90432, -0.0304278, -0.203207, -0.149198, -0.999695, 0.00466375, 0.0102407, 0.0219814, 0, 0, 0, 0, 0, 0, 
[2025-02-03 17:53:08.936353] [0x0000007f5fea89a0] [MocapTag] [0x00005f2f] [1012] , 3.93429, -0.0305395, -0.203278, -0.149321, -0.999698, 0.00463869, 0.0105676, 0.0217183, -0.0111741, -0.00715744, -0.012332, 0, 0.0657365, -0.0523571, 
[2025-02-03 17:53:08.936949] [0x0000007f5fea89a0] [MocapTag] [0x00005f2f] [1013] , 3.93429, -0.0305395, -0.203278, -0.149321, -0.999698, 0.00463869, 0.0105676, 0.0217183, 0, 0, 0, 0, 0, 0, 
[2025-02-03 17:53:08.937521] [0x0000007f5fea89a0] [MocapTag] [0x00005f2f] [1014] , 3.93429, -0.0305456, -0.203325, -0.149267, -0.999701, 0.00441845, 0.0103601, 0.0216849, 0, 0, 0, 0, 0, 0, 
[2025-02-03 17:53:08.938084] [0x0000007f5fea89a0] [MocapTag] [0x00005f2f] [1015] , 3.93429, -0.0305456, -0.203325, -0.149267, -0.999701, 0.00441845, 0.0103601, 0.0216849, 0, -0.00470675, 0.00542009, 0.0450373, -0.0405151, 0, 
[2025-02-03 17:53:08.938746] [0x0000007f5fea89a0] [MocapTag] [0x00005f2f] [1016] , 3.93429, -0.0305456, -0.203325, -0.149267, -0.999701, 0.00441845, 0.0103601, 0.0216849, 0, 0, 0, 0, 0, 0, 
[2025-02-03 17:53:08.939270] [0x0000007f5fea89a0] [MocapTag] [0x00005f2f] [1017] , 3.93429, -0.0305456, -0.203325, -0.149267, -0.999701, 0.00441845, 0.0103601, 0.0216849, 0, 0, 0, 0, 0, 0, 
[2025-02-03 17:53:08.939695] [0x0000007f5fea89a0] [MocapTag] [0x00005f2f] [1018] , 3.93429, -0.030618, -0.203294, -0.149411, -0.999697, 0.00493947, 0.0108797, 0.021511, 0, 0, 0, 0, 0, 0, 
[2025-02-03 17:53:08.940112] [0x0000007f5fea89a0] [MocapTag] [0x00005f2f] [1019] , 3.93429, -0.030618, -0.203294, -0.149411, -0.999697, 0.00493947, 0.0108797, 0.021511, -0.00723343, 0.00311024, -0.0143559, -0.106096, 0.101827, 0, 
[2025-02-03 17:53:08.941245] [0x0000007f5fea89a0] [MocapTag] [0x00005f2f] [1020] , 3.93429, -0.030618, -0.203294, -0.149411, -0.999697, 0.00493947, 0.0108797, 0.021511, 0, 0, 0, 0, 0, 0, 
[2025-02-03 17:53:08.947537] [0x0000007f5fea89a0] [MocapTag] [0x00005f2f] [1021] , 3.9443, -0.0304674, -0.203334, -0.149258, -0.999694, 0.00465258, 0.0108699, 0.0217441, 0, 0, 0, 0, 0, 0, 
[2025-02-03 17:53:08.948132] [0x0000007f5fea89a0] [MocapTag] [0x00005f2f] [1022] , 3.9443, -0.0304674, -0.203334, -0.149258, -0.999694, 0.00465258, 0.0108699, 0.0217441, 0.0150606, -0.00394628, 0.0152173, 0.0569105, 0, 0.0460088, 
[2025-02-03 17:53:08.950560] [0x0000007f5fea89a0] [MocapTag] [0x00005f2f] [1023] , 3.9443, -0.0304674, -0.203334, -0.149258, -0.999694, 0.00465258, 0.0108699, 0.0217441, 0, 0, 0, 0, 0, 0, 
[2025-02-03 17:53:08.953295] [0x0000007f5fea89a0] [MocapTag] [0x00005f2f] [1024] , 3.9443, -0.0305562, -0.203042, -0.149471, -0.999715, 0.00426463, 0.00976166, 0.0213498, 0, 0, 0, 0, 0, 0, 
[2025-02-03 17:53:08.956211] [0x0000007f5fea89a0] [MocapTag] [0x00005f2f] [1025] , 3.95432, -0.0305562, -0.203042, -0.149471, -0.999715, 0.00426463, 0.00976166, 0.0213498, -0.00887964, 0.0291448, -0.0212842, 0.0832081, -0.219559, -0.0808291, 
[2025-02-03 17:53:08.961823] [0x0000007f5fea89a0] [MocapTag] [0x00005f2f] [1026] , 3.95432, -0.0305562, -0.203042, -0.149471, -0.999715, 0.00426463, 0.00976166, 0.0213498, 0, 0, 0, 0, 0, 0, 
[2025-02-03 17:53:08.963269] [0x0000007f5fea89a0] [MocapTag] [0x00005f2f] [1027] , 3.95432, -0.0309693, -0.202469, -0.149559, -0.999734, 0.00514983, 0.00723835, 0.0212864, 0, 0, 0, 0, 0, 0, 
[2025-02-03 17:53:08.966230] [0x0000007f5fea89a0] [MocapTag] [0x00005f2f] [1028] , 3.96433, -0.0309693, -0.202469, -0.149559, -0.999734, 0.00514983, 0.00723835, 0.0212864, -0.0413148, 0.0573749, -0.00877506, -0.166106, -0.508278, 0, 
[2025-02-03 17:53:08.968729] [0x0000007f5fea89a0] [MocapTag] [0x00005f2f] [1029] , 3.96433, -0.0309693, -0.202469, -0.149559, -0.999734, 0.00514983, 0.00723835, 0.0212864, 0, 0, 0, 0, 0, 0, 
[2025-02-03 17:53:08.971397] [0x0000007f5fea89a0] [MocapTag] [0x00005f2f] [1030] , 3.96433, -0.0309693, -0.202469, -0.149559, -0.999734, 0.00514983, 0.00723835, 0.0212864, 0, 0, 0, 0, 0, 0, 
[2025-02-03 17:53:08.974349] [0x0000007f5fea89a0] [MocapTag] [0x00005f2f] [1031] , 3.96433, -0.03083, -0.202776, -0.149493, -0.999715, 0.005538, 0.00912366, 0.0213347, 0, 0, 0, 0, 0, 0, 
[2025-02-03 17:53:08.979004] [0x0000007f5fea89a0] [MocapTag] [0x00005f2f] [1032] , 3.97432, -0.03083, -0.202776, -0.149493, -0.999715, 0.005538, 0.00912366, 0.0213347, 0.013928, -0.0307813, 0.00664423, -0.085783, 0.375269, 0, 
[2025-02-03 17:53:08.983820] [0x0000007f5fea89a0] [MocapTag] [0x00005f2f] [1033] , 3.97432, -0.03083, -0.202776, -0.149493, -0.999715, 0.005538, 0.00912366, 0.0213347, 0, 0, 0, 0, 0, 0, 
[2025-02-03 17:53:08.985042] [0x0000007f5fea89a0] [MocapTag] [0x00005f2f] [1034] , 3.98432, -0.0307932, -0.202738, -0.149214, -0.999716, 0.00607935, 0.00813303, 0.0215802, 0, 0, 0, 0, 0, 0, 
[2025-02-03 17:53:08.987930] [0x0000007f5fea89a0] [MocapTag] [0x00005f2f] [1035] , 3.98432, -0.0307932, -0.202738, -0.149214, -0.999716, 0.00607935, 0.00813303, 0.0215802, 0.00368124, 0.00385589, 0.0278558, -0.104403, -0.200705, 0.0487674, 
[2025-02-03 17:53:08.991964] [0x0000007f5fea89a0] [MocapTag] [0x00005f2f] [1036] , 3.98432, -0.0307932, -0.202738, -0.149214, -0.999716, 0.00607935, 0.00813303, 0.0215802, 0, 0, 0, 0, 0, 0, 
[2025-02-03 17:53:08.994599] [0x0000007f5fea89a0] [MocapTag] [0x00005f2f] [1037] , 3.98432, -0.0305604, -0.202925, -0.148186, -0.999761, 0.00777561, 0.00198834, 0.0203421, 0, 0, 0, 0, 0, 0, 
[2025-02-03 17:53:08.997586] [0x0000007f5fea89a0] [MocapTag] [0x00005f2f] [1038] , 3.99434, -0.0305604, -0.202925, -0.148186, -0.999761, 0.00777561, 0.00198834, 0.0203421, 0.0232823, -0.0187336, 0.102792, -0.31209, -1.23403, -0.254913, 
[2025-02-03 17:53:09.000060] [0x0000007f5fea89a0] [MocapTag] [0x00005f2f] [1039] , 3.99434, -0.0305604, -0.202925, -0.148186, -0.999761, 0.00777561, 0.00198834, 0.0203421, 0, 0, 0, 0, 0, 0, 
[2025-02-03 17:53:09.002779] [0x0000007f5fea89a0] [MocapTag] [0x00005f2f] [1040] , 3.99434, -0.0305604, -0.202925, -0.148186, -0.999761, 0.00777561, 0.00198834, 0.0203421, 0, 0, 0, 0, 0, 0, 
[2025-02-03 17:53:09.005325] [0x0000007f5fea89a0] [MocapTag] [0x00005f2f] [1041] , 4.00433, -0.030506, -0.203249, -0.148553, -0.99975, 0.00733009, 0.00529345, 0.0204265, 0, 0, 0, 0, 0, 0, 
[2025-02-03 17:53:09.008952] [0x0000007f5fea89a0] [MocapTag] [0x00005f2f] [1042] , 4.00433, -0.030506, -0.203249, -0.148553, -0.99975, 0.00733009, 0.00529345, 0.0204265, 0.00543671, -0.0323636, -0.0367167, 0.0755072, 0.662559, 0, 
[2025-02-03 17:53:09.012218] [0x0000007f5fea89a0] [MocapTag] [0x00005f2f] [1043] , 4.00433, -0.030506, -0.203249, -0.148553, -0.99975, 0.00733009, 0.00529345, 0.0204265, 0, 0, 0, 0, 0, 0, 
[2025-02-03 17:53:09.014441] [0x0000007f5fea89a0] [MocapTag] [0x00005f2f] [1044] , 4.00433, -0.0307929, -0.203057, -0.149424, -0.999694, 0.00593596, 0.00996749, 0.0218377, 0, 0, 0, 0, 0, 0, 
[2025-02-03 17:53:09.017348] [0x0000007f5fea89a0] [MocapTag] [0x00005f2f] [1045] , 4.01433, -0.0307929, -0.203057, -0.149424, -0.999694, 0.00593596, 0.00996749, 0.0218377, -0.0286901, 0.0192059, -0.0871133, 0.256777, 0.938591, 0.286895, 
[2025-02-03 17:53:09.021467] [0x0000007f5fea89a0] [MocapTag] [0x00005f2f] [1046] , 4.01433, -0.0307929, -0.203057, -0.149424, -0.999694, 0.00593596, 0.00996749, 0.0218377, 0, 0, 0, 0, 0, 0, 
[2025-02-03 17:53:09.024167] [0x0000007f5fea89a0] [MocapTag] [0x00005f2f] [1047] , 4.01433, -0.0307929, -0.203057, -0.149424, -0.999694, 0.00593596, 0.00996749, 0.0218377, 0, 0, 0, 0, 0, 0, 
[2025-02-03 17:53:09.026463] [0x0000007f5fea89a0] [MocapTag] [0x00005f2f] [1048] , 4.02434, -0.0305291, -0.203118, -0.149135, -0.999675, 0.00481996, 0.0109789, 0.0225092, 0, 0, 0, 0, 0, 0, 
[2025-02-03 17:53:09.029304] [0x0000007f5fea89a0] [MocapTag] [0x00005f2f] [1049] , 4.02434, -0.0305291, -0.203118, -0.149135, -0.999675, 0.00481996, 0.0109789, 0.0225092, 0.0263848, -0.00615575, 0.0289003, 0.217271, 0.20644, 0.133253, 
[2025-02-03 17:53:09.032036] [0x0000007f5fea89a0] [MocapTag] [0x00005f2f] [1050] , 4.02434, -0.0305291, -0.203118, -0.149135, -0.999675, 0.00481996, 0.0109789, 0.0225092, 0, 0, 0, 0, 0, 0, 
[2025-02-03 17:53:09.034722] [0x0000007f5fea89a0] [MocapTag] [0x00005f2f] [1051] , 4.03431, -0.0307569, -0.20318, -0.14918, -0.999681, 0.00497831, 0.010725, 0.0223311, 0, 0, 0, 0, 0, 0, 
[2025-02-03 17:53:09.038948] [0x0000007f5fea89a0] [MocapTag] [0x00005f2f] [1052] , 4.03431, -0.0307569, -0.20318, -0.14918, -0.999681, 0.00497831, 0.010725, 0.0223311, -0.0227807, -0.00611436, -0.00446565, 0, -0.0512907, -0.035575, 
[2025-02-03 17:53:09.042713] [0x0000007f5fea89a0] [MocapTag] [0x00005f2f] [1053] , 4.03431, -0.0307569, -0.20318, -0.14918, -0.999681, 0.00497831, 0.010725, 0.0223311, 0, 0, 0, 0, 0, 0, 
[2025-02-03 17:53:09.044288] [0x0000007f5fea89a0] [MocapTag] [0x00005f2f] [1054] , 4.03431, -0.0307914, -0.203237, -0.149121, -0.999684, 0.00472791, 0.0105921, 0.0222858, 0, 0, 0, 0, 0, 0, 
[2025-02-03 17:53:09.047086] [0x0000007f5fea89a0] [MocapTag] [0x00005f2f] [1055] , 4.04432, -0.0307914, -0.203237, -0.149121, -0.999684, 0.00472791, 0.0105921, 0.0222858, -0.00345503, -0.00570975, 0.00587854, 0.0507832, 0, 0, 
[2025-02-03 17:53:09.049670] [0x0000007f5fea89a0] [MocapTag] [0x00005f2f] [1056] , 4.04432, -0.0307914, -0.203237, -0.149121, -0.999684, 0.00472791, 0.0105921, 0.0222858, 0, 0, 0, 0, 0, 0, 
[2025-02-03 17:53:09.054177] [0x0000007f5fea89a0] [MocapTag] [0x00005f2f] [1057] , 4.04432, -0.0307914, -0.203237, -0.149121, -0.999684, 0.00472791, 0.0105921, 0.0222858, 0, 0, 0, 0, 0, 0, 
[2025-02-03 17:53:09.056989] [0x0000007f5fea89a0] [MocapTag] [0x00005f2f] [1058] , 4.05432, -0.0308719, -0.203189, -0.149285, -0.999679, 0.00529586, 0.0113282, 0.0220541, 0, 0, 0, 0, 0, 0, 
[2025-02-03 17:53:09.059819] [0x0000007f5fea89a0] [MocapTag] [0x00005f2f] [1059] , 4.05432, -0.0308719, -0.203189, -0.149285, -0.999679, 0.00529586, 0.0113282, 0.0220541, -0.00804968, 0.00471574, -0.0163785, -0.116372, 0.14492, -0.0442851, 
[2025-02-03 17:53:09.062542] [0x0000007f5fea89a0] [MocapTag] [0x00005f2f] [1060] , 4.05432, -0.0308719, -0.203189, -0.149285, -0.999679, 0.00529586, 0.0113282, 0.0220541, 0, 0, 0, 0, 0, 0, 
[2025-02-03 17:53:09.065261] [0x0000007f5fea89a0] [MocapTag] [0x00005f2f] [1061] , 4.0643, -0.0306952, -0.203215, -0.149118, -0.999677, 0.00502551, 0.0109648, 0.0223738, 0, 0, 0, 0, 0, 0, 
[2025-02-03 17:53:09.069733] [0x0000007f5fea89a0] [MocapTag] [0x00005f2f] [1062] , 4.0643, -0.0306952, -0.203215, -0.149118, -0.999677, 0.00502551, 0.0109648, 0.0223738, 0.0176717, -0.00252905, 0.0166532, 0.0549793, -0.0718204, 0.0629406, 
[2025-02-03 17:53:09.073042] [0x0000007f5fea89a0] [MocapTag] [0x00005f2f] [1063] , 4.0643, -0.0306952, -0.203215, -0.149118, -0.999677, 0.00502551, 0.0109648, 0.0223738, 0, 0, 0, 0, 0, 0, 
[2025-02-03 17:53:09.075163] [0x0000007f5fea89a0] [MocapTag] [0x00005f2f] [1064] , 4.07431, -0.0307558, -0.202982, -0.149284, -0.999696, 0.00472832, 0.00993911, 0.0220393, 0, 0, 0, 0, 0, 0, 
[2025-02-03 17:53:09.078075] [0x0000007f5fea89a0] [MocapTag] [0x00005f2f] [1065] , 4.07431, -0.0307558, -0.202982, -0.149284, -0.999696, 0.00472832, 0.00993911, 0.0220393, -0.00605798, 0.0232977, -0.0165412, 0.0647068, -0.203426, -0.0686727, 
[2025-02-03 17:53:09.080669] [0x0000007f5fea89a0] [MocapTag] [0x00005f2f] [1066] , 4.07431, -0.0307558, -0.202982, -0.149284, -0.999696, 0.00472832, 0.00993911, 0.0220393, 0, 0, 0, 0, 0, 0, 
[2025-02-03 17:53:09.083364] [0x0000007f5fea89a0] [MocapTag] [0x00005f2f] [1067] , 4.07431, -0.030725, -0.202554, -0.149725, -0.999735, 0.00564873, 0.00800177, 0.0208376, 0, 0, 0, 0, 0, 0, 
[2025-02-03 17:53:09.086944] [0x0000007f5fea89a0] [MocapTag] [0x00005f2f] [1068] , 4.08431, -0.030725, -0.202554, -0.149725, -0.999735, 0.00564873, 0.00800177, 0.0208376, 0.00308119, 0.0427724, -0.0440694, -0.173569, -0.390048, -0.241031, 
[2025-02-03 17:53:09.089529] [0x0000007f5fea89a0] [MocapTag] [0x00005f2f] [1069] , 4.08431, -0.030725, -0.202554, -0.149725, -0.999735, 0.00564873, 0.00800177, 0.0208376, 0, 0, 0, 0, 0, 0, 
[2025-02-03 17:53:09.093647] [0x0000007f5fea89a0] [MocapTag] [0x00005f2f] [1070] , 4.08431, -0.030725, -0.202554, -0.149725, -0.999735, 0.00564873, 0.00800177, 0.0208376, 0, 0, 0, 0, 0, 0, 
[2025-02-03 17:53:09.095899] [0x0000007f5fea89a0] [MocapTag] [0x00005f2f] [1071] , 4.0943, -0.0310083, -0.202533, -0.149447, -0.999715, 0.00635813, 0.00756313, 0.0217446, 0, 0, 0, 0, 0, 0, 
[2025-02-03 17:53:09.097793] [0x0000007f5fea89a0] [MocapTag] [0x00005f2f] [1072] , 4.0943, -0.0310083, -0.202533, -0.149447, -0.999715, 0.00635813, 0.00756313, 0.0217446, -0.0283275, 0.00213177, 0.0277852, -0.141358, -0.0918561, 0.181967, 
[2025-02-03 17:53:09.102246] [0x0000007f5fea89a0] [MocapTag] [0x00005f2f] [1073] , 4.0943, -0.0310083, -0.202533, -0.149447, -0.999715, 0.00635813, 0.00756313, 0.0217446, 0, 0, 0, 0, 0, 0, 
[2025-02-03 17:53:09.104802] [0x0000007f5fea89a0] [MocapTag] [0x00005f2f] [1074] , 4.10433, -0.0308989, -0.202502, -0.149114, -0.999716, 0.00611871, 0.00793322, 0.0216216, 0, 0, 0, 0, 0, 0, 
[2025-02-03 17:53:09.108889] [0x0000007f5fea89a0] [MocapTag] [0x00005f2f] [1075] , 4.10433, -0.0308989, -0.202502, -0.149114, -0.999716, 0.00611871, 0.00793322, 0.0216216, 0.0109314, 0.00308505, 0.0333114, 0.0464439, 0.0751987, 0, 
[2025-02-03 17:53:09.110032] [0x0000007f5fea89a0] [MocapTag] [0x00005f2f] [1076] , 4.10433, -0.0308989, -0.202502, -0.149114, -0.999716, 0.00611871, 0.00793322, 0.0216216, 0, 0, 0, 0, 0, 0, 
[2025-02-03 17:53:09.112779] [0x0000007f5fea89a0] [MocapTag] [0x00005f2f] [1077] , 4.10433, -0.0308989, -0.202502, -0.149114, -0.999716, 0.00611871, 0.00793322, 0.0216216, 0, 0, 0, 0, 0, 0, 
[2025-02-03 17:53:09.116069] [0x0000007f5fea89a0] [MocapTag] [0x00005f2f] [1078] , 4.11431, -0.0307754, -0.20301, -0.149575, -0.999733, 0.00532406, 0.00745259, 0.0212169, 0, 0, 0, 0, 0, 0, 
[2025-02-03 17:53:09.119707] [0x0000007f5fea89a0] [MocapTag] [0x00005f2f] [1079] , 4.11431, -0.0307754, -0.20301, -0.149575, -0.999733, 0.00532406, 0.00745259, 0.0212169, 0.0123526, -0.0508337, -0.0461746, 0.1616, -0.0922164, -0.0827633, 
[2025-02-03 17:53:09.155775] [0x0000007f5fea89a0] [MocapTag] [0x00005f2f] [1080] , 4.15429, -0.030771, -0.203014, -0.149793, -0.999731, 0.0051437, 0.00815845, 0.0210948, 0, 0, 0, 0, 0, 0, 
[2025-02-03 17:53:09.156391] [0x0000007f5fea89a0] [MocapTag] [0x00005f2f] [1081] , 4.15429, -0.030771, -0.203014, -0.149793, -0.999731, 0.0051437, 0.00815845, 0.0210948, 0, 0, -0.021775, 0, 0.142038, 0, 
[2025-02-03 17:53:09.156977] [0x0000007f5fea89a0] [MocapTag] [0x00005f2f] [1082] , 4.15429, -0.030771, -0.203014, -0.149793, -0.999731, 0.0051437, 0.00815845, 0.0210948, 0, 0, 0, 0, 0, 0, 
[2025-02-03 17:53:09.157579] [0x0000007f5fea89a0] [MocapTag] [0x00005f2f] [1083] , 4.15429, -0.0306098, -0.203156, -0.149576, -0.999715, 0.00541427, 0.00937979, 0.0212803, 0, 0, 0, 0, 0, 0, 
[2025-02-03 17:53:09.158154] [0x0000007f5fea89a0] [MocapTag] [0x00005f2f] [1084] , 4.15429, -0.0306098, -0.203156, -0.149576, -0.999715, 0.00541427, 0.00937979, 0.0212803, 0.0161221, -0.0142043, 0.0216996, -0.0596285, 0.242868, 0.0390138, 
[2025-02-03 17:53:09.158759] [0x0000007f5fea89a0] [MocapTag] [0x00005f2f] [1085] , 4.15429, -0.0306098, -0.203156, -0.149576, -0.999715, 0.00541427, 0.00937979, 0.0212803, 0, 0, 0, 0, 0, 0, 
[2025-02-03 17:53:09.159366] [0x0000007f5fea89a0] [MocapTag] [0x00005f2f] [1086] , 4.15429, -0.0304353, -0.203271, -0.149292, -0.999697, 0.00460008, 0.0103991, 0.0218389, 0, 0, 0, 0, 0, 0, 
[2025-02-03 17:53:09.159966] [0x0000007f5fea89a0] [MocapTag] [0x00005f2f] [1087] , 4.15429, -0.0304353, -0.203271, -0.149292, -0.999697, 0.00460008, 0.0103991, 0.0218389, 0.0174528, -0.011473, 0.0283842, 0.157309, 0.20675, 0.111322, 
[2025-02-03 17:53:09.160487] [0x0000007f5fea89a0] [MocapTag] [0x00005f2f] [1088] , 4.15429, -0.0304353, -0.203271, -0.149292, -0.999697, 0.00460008, 0.0103991, 0.0218389, 0, 0, 0, 0, 0, 0, 
[2025-02-03 17:53:09.160971] [0x0000007f5fea89a0] [MocapTag] [0x00005f2f] [1089] , 4.15429, -0.0304353, -0.203271, -0.149292, -0.999697, 0.00460008, 0.0103991, 0.0218389, 0, 0, 0, 0, 0, 0, 
[2025-02-03 17:53:09.161405] [0x0000007f5fea89a0] [MocapTag] [0x00005f2f] [1090] , 4.15429, -0.0303168, -0.2032, -0.14922, -0.999689, 0.00444419, 0.0109366, 0.0219646, 0, 0, 0, 0, 0, 0, 
[2025-02-03 17:53:09.161898] [0x0000007f5fea89a0] [MocapTag] [0x00005f2f] [1091] , 4.15429, -0.0303168, -0.2032, -0.14922, -0.999689, 0.00444419, 0.0109366, 0.0219646, 0.0118489, 0.00712675, 0.00717998, 0, 0.108056, 0, 
[2025-02-03 17:53:09.162338] [0x0000007f5fea89a0] [MocapTag] [0x00005f2f] [1092] , 4.15429, -0.0303168, -0.2032, -0.14922, -0.999689, 0.00444419, 0.0109366, 0.0219646, 0, 0, 0, 0, 0, 0, 
[2025-02-03 17:53:09.165679] [0x0000007f5fea89a0] [MocapTag] [0x00005f2f] [1093] , 4.16432, -0.0307491, -0.203203, -0.149167, -0.999681, 0.00491562, 0.0105929, 0.0223844, 0, 0, 0, 0, 0, 0, 
[2025-02-03 17:53:09.168947] [0x0000007f5fea89a0] [MocapTag] [0x00005f2f] [1094] , 4.16432, -0.0307491, -0.203203, -0.149167, -0.999681, 0.00491562, 0.0105929, 0.0223844, -0.0432319, 0, 0.00532406, -0.0936508, -0.071241, 0.0846248, 
[2025-02-03 17:53:09.171512] [0x0000007f5fea89a0] [MocapTag] [0x00005f2f] [1095] , 4.16432, -0.0307491, -0.203203, -0.149167, -0.999681, 0.00491562, 0.0105929, 0.0223844, 0, 0, 0, 0, 0, 0, 
[2025-02-03 17:53:09.174260] [0x0000007f5fea89a0] [MocapTag] [0x00005f2f] [1096] , 4.16432, -0.0307281, -0.203269, -0.149143, -0.999684, 0.00471004, 0.0105, 0.022363, 0, 0, 0, 0, 0, 0, 
[2025-02-03 17:53:09.176947] [0x0000007f5fea89a0] [MocapTag] [0x00005f2f] [1097] , 4.17433, -0.0307281, -0.203269, -0.149143, -0.999684, 0.00471004, 0.0105, 0.022363, 0.00210277, -0.00668615, 0.0023909, 0.0415802, 0, 0, 
[2025-02-03 17:53:09.200874] [0x0000007f5fea89a0] [MocapTag] [0x00005f2f] [1098] , 4.1943, -0.0308584, -0.203232, -0.149288, -0.99968, 0.00516016, 0.0111868, 0.0221011, 0, 0, 0, 0, 0, 0, 
[2025-02-03 17:53:09.201506] [0x0000007f5fea89a0] [MocapTag] [0x00005f2f] [1099] , 4.1943, -0.0308584, -0.203232, -0.149288, -0.99968, 0.00516016, 0.0111868, 0.0221011, -0.0130318, 0.0037529, -0.0144461, -0.0925303, 0.135599, -0.0506569, 
[2025-02-03 17:53:09.202123] [0x0000007f5fea89a0] [MocapTag] [0x00005f2f] [1100] , 4.1943, -0.0308584, -0.203232, -0.149288, -0.99968, 0.00516016, 0.0111868, 0.0221011, 0, 0, 0, 0, 0, 0, 
[2025-02-03 17:53:09.202686] [0x0000007f5fea89a0] [MocapTag] [0x00005f2f] [1101] , 4.1943, -0.0308584, -0.203232, -0.149288, -0.99968, 0.00516016, 0.0111868, 0.0221011, 0, 0, 0, 0, 0, 0, 
[2025-02-03 17:53:09.203225] [0x0000007f5fea89a0] [MocapTag] [0x00005f2f] [1102] , 4.1943, -0.030683, -0.203225, -0.149189, -0.999679, 0.00492693, 0.0109113, 0.0223164, 0, 0, 0, 0, 0, 0, 
[2025-02-03 17:53:09.203846] [0x0000007f5fea89a0] [MocapTag] [0x00005f2f] [1103] , 4.1943, -0.030683, -0.203225, -0.149189, -0.999679, 0.00492693, 0.0109113, 0.0223164, 0.0175427, 0, 0.00985716, 0.0473976, -0.0542762, 0.0422455, 
[2025-02-03 17:53:09.204487] [0x0000007f5fea89a0] [MocapTag] [0x00005f2f] [1104] , 4.1943, -0.030683, -0.203225, -0.149189, -0.999679, 0.00492693, 0.0109113, 0.0223164, 0, 0, 0, 0, 0, 0, 
[2025-02-03 17:53:09.205059] [0x0000007f5fea89a0] [MocapTag] [0x00005f2f] [1105] , 4.20431, -0.0308232, -0.202654, -0.149272, -0.999718, 0.00614862, 0.00799021, 0.02148, 0, 0, 0, 0, 0, 0, 
[2025-02-03 17:53:09.206293] [0x0000007f5fea89a0] [MocapTag] [0x00005f2f] [1106] , 4.20431, -0.0308232, -0.202654, -0.149272, -0.999718, 0.00614862, 0.00799021, 0.02148, -0.0140185, 0.057108, -0.00831315, -0.229859, -0.588497, -0.168652, 
[2025-02-03 17:53:09.209283] [0x0000007f5fea89a0] [MocapTag] [0x00005f2f] [1107] , 4.20431, -0.0308232, -0.202654, -0.149272, -0.999718, 0.00614862, 0.00799021, 0.02148, 0, 0, 0, 0, 0, 0, 
[2025-02-03 17:53:09.215108] [0x0000007f5fea89a0] [MocapTag] [0x00005f2f] [1108] , 4.2143, -0.0308232, -0.202654, -0.149272, -0.999718, 0.00614862, 0.00799021, 0.02148, 0, 0, 0, 0, 0, 0, 
[2025-02-03 17:53:09.216334] [0x0000007f5fea89a0] [MocapTag] [0x00005f2f] [1109] , 4.2143, -0.0308727, -0.202405, -0.149357, -0.999731, 0.00627978, 0.00718123, 0.0211611, 0, 0, 0, 0, 0, 0, 
[2025-02-03 17:53:09.219307] [0x0000007f5fea89a0] [MocapTag] [0x00005f2f] [1110] , 4.2143, -0.0308727, -0.202405, -0.149357, -0.999731, 0.00627978, 0.00718123, 0.0211611, -0.00495288, 0.0249076, -0.00845992, 0, -0.161914, -0.0646826, 
[2025-02-03 17:53:09.221927] [0x0000007f5fea89a0] [MocapTag] [0x00005f2f] [1111] , 4.2143, -0.0308727, -0.202405, -0.149357, -0.999731, 0.00627978, 0.00718123, 0.0211611, 0, 0, 0, 0, 0, 0, 
[2025-02-03 17:53:09.225704] [0x0000007f5fea89a0] [MocapTag] [0x00005f2f] [1112] , 4.22432, -0.0308084, -0.202625, -0.149478, -0.999721, 0.00588424, 0.00872543, 0.0211688, 0, 0, 0, 0, 0, 0, 
[2025-02-03 17:53:09.229156] [0x0000007f5fea89a0] [MocapTag] [0x00005f2f] [1113] , 4.22432, -0.0308084, -0.202625, -0.149478, -0.999721, 0.00588424, 0.00872543, 0.0211688, 0.0064331, -0.0220024, -0.0121355, 0.0725031, 0.310441, 0, 
[2025-02-03 17:53:09.232580] [0x0000007f5fea89a0] [MocapTag] [0x00005f2f] [1114] , 4.22432, -0.0308084, -0.202625, -0.149478, -0.999721, 0.00588424, 0.00872543, 0.0211688, 0, 0, 0, 0, 0, 0, 
[2025-02-03 17:53:09.234399] [0x0000007f5fea89a0] [MocapTag] [0x00005f2f] [1115] , 4.22432, -0.0309525, -0.202738, -0.1495, -0.999711, 0.00559307, 0.00909217, 0.0215434, 0, 0, 0, 0, 0, 0, 
[2025-02-03 17:53:09.237331] [0x0000007f5fea89a0] [MocapTag] [0x00005f2f] [1116] , 4.23433, -0.0309525, -0.202738, -0.1495, -0.999711, 0.00559307, 0.00909217, 0.0215434, -0.0144184, -0.0113088, -0.00217464, 0.0559807, 0.0741355, 0.0749007, 
[2025-02-03 17:53:09.241047] [0x0000007f5fea89a0] [MocapTag] [0x00005f2f] [1117] , 4.23433, -0.0309525, -0.202738, -0.1495, -0.999711, 0.00559307, 0.00909217, 0.0215434, 0, 0, 0, 0, 0, 0, 
[2025-02-03 17:53:09.242647] [0x0000007f5fea89a0] [MocapTag] [0x00005f2f] [1118] , 4.23433, -0.0309525, -0.202738, -0.1495, -0.999711, 0.00559307, 0.00909217, 0.0215434, 0, 0, 0, 0, 0, 0, 
[2025-02-03 17:53:09.246505] [0x0000007f5fea89a0] [MocapTag] [0x00005f2f] [1119] , 4.24434, -0.0308821, -0.202878, -0.149516, -0.99971, 0.00559134, 0.00899037, 0.0216194, 0, 0, 0, 0, 0, 0, 
[2025-02-03 17:53:09.249091] [0x0000007f5fea89a0] [MocapTag] [0x00005f2f] [1120] , 4.24434, -0.0308821, -0.202878, -0.149516, -0.99971, 0.00559134, 0.00899037, 0.0216194, 0.00704481, -0.0140596, 0, 0, 0, 0, 
[2025-02-03 17:53:09.251729] [0x0000007f5fea89a0] [MocapTag] [0x00005f2f] [1121] , 4.24434, -0.0308821, -0.202878, -0.149516, -0.99971, 0.00559134, 0.00899037, 0.0216194, 0, 0, 0, 0, 0, 0, 
[2025-02-03 17:53:09.254344] [0x0000007f5fea89a0] [MocapTag] [0x00005f2f] [1122] , 4.24434, -0.0309581, -0.203024, -0.149641, -0.999714, 0.00567015, 0.00825734, 0.0217101, 0, 0, 0, 0, 0, 0, 
[2025-02-03 17:53:09.257422] [0x0000007f5fea89a0] [MocapTag] [0x00005f2f] [1123] , 4.25432, -0.0309581, -0.203024, -0.149641, -0.999714, 0.00567015, 0.00825734, 0.0217101, -0.00759891, -0.0145997, -0.0125172, 0, -0.147022, 0, 
[2025-02-03 17:53:09.262831] [0x0000007f5fea89a0] [MocapTag] [0x00005f2f] [1124] , 4.25432, -0.0309581, -0.203024, -0.149641, -0.999714, 0.00567015, 0.00825734, 0.0217101, 0, 0, 0, 0, 0, 0, 
[2025-02-03 17:53:09.270735] [0x0000007f5fea89a0] [MocapTag] [0x00005f2f] [1125] , 4.26433, -0.0309512, -0.202962, -0.149451, -0.999718, 0.00523356, 0.00797967, 0.0217439, 0, 0, 0, 0, 0, 0, 
[2025-02-03 17:53:09.271318] [0x0000007f5fea89a0] [MocapTag] [0x00005f2f] [1126] , 4.26433, -0.0309512, -0.202962, -0.149451, -0.999718, 0.00523356, 0.00797967, 0.0217439, 0, 0.00627202, 0.0190182, 0.0884771, -0.0536585, 0, 
[2025-02-03 17:53:09.271889] [0x0000007f5fea89a0] [MocapTag] [0x00005f2f] [1127] , 4.26433, -0.0309512, -0.202962, -0.149451, -0.999718, 0.00523356, 0.00797967, 0.0217439, 0, 0, 0, 0, 0, 0, 
[2025-02-03 17:53:09.273152] [0x0000007f5fea89a0] [MocapTag] [0x00005f2f] [1128] , 4.26433, -0.0307242, -0.203271, -0.149247, -0.999687, 0.00481255, 0.0100123, 0.022407, 0, 0, 0, 0, 0, 0, 
[2025-02-03 17:53:09.279117] [0x0000007f5fea89a0] [MocapTag] [0x00005f2f] [1129] , 4.27432, -0.0307242, -0.203271, -0.149247, -0.999687, 0.00481255, 0.0100123, 0.022407, 0.022696, -0.0309616, 0.0204257, 0.0739813, 0.40761, 0.134209, 
[2025-02-03 17:53:09.281344] [0x0000007f5fea89a0] [MocapTag] [0x00005f2f] [1130] , 4.27432, -0.0307242, -0.203271, -0.149247, -0.999687, 0.00481255, 0.0100123, 0.022407, 0, 0, 0, 0, 0, 0, 
[2025-02-03 17:53:09.283192] [0x0000007f5fea89a0] [MocapTag] [0x00005f2f] [1131] , 4.27432, -0.0306112, -0.203218, -0.14921, -0.999679, 0.00491239, 0.0105746, 0.022474, 0, 0, 0, 0, 0, 0, 
[2025-02-03 17:53:09.286805] [0x0000007f5fea89a0] [MocapTag] [0x00005f2f] [1132] , 4.28433, -0.0306112, -0.203218, -0.14921, -0.999679, 0.00491239, 0.0105746, 0.022474, 0.0112986, 0.00532959, 0.00371285, 0, 0.111914, 0, 
[2025-02-03 17:53:09.288819] [0x0000007f5fea89a0] [MocapTag] [0x00005f2f] [1133] , 4.28433, -0.0306112, -0.203218, -0.14921, -0.999679, 0.00491239, 0.0105746, 0.022474, 0, 0, 0, 0, 0, 0, 
[2025-02-03 17:53:09.292579] [0x0000007f5fea89a0] [MocapTag] [0x00005f2f] [1134] , 4.28433, -0.0306112, -0.203218, -0.14921, -0.999679, 0.00491239, 0.0105746, 0.022474, 0, 0, 0, 0, 0, 0, 
[2025-02-03 17:53:09.295867] [0x0000007f5fea89a0] [MocapTag] [0x00005f2f] [1135] , 4.29433, -0.0307398, -0.203209, -0.149205, -0.999682, 0.00492876, 0.0106229, 0.0223529, 0, 0, 0, 0, 0, 0, 
[2025-02-03 17:53:09.297912] [0x0000007f5fea89a0] [MocapTag] [0x00005f2f] [1136] , 4.29433, -0.0307398, -0.203209, -0.149205, -0.999682, 0.00492876, 0.0106229, 0.0223529, -0.0128603, 0, 0, 0, 0, 0, 
[2025-02-03 17:53:09.300532] [0x0000007f5fea89a0] [MocapTag] [0x00005f2f] [1137] , 4.29433, -0.0307398, -0.203209, -0.149205, -0.999682, 0.00492876, 0.0106229, 0.0223529, 0, 0, 0, 0, 0, 0, 
[2025-02-03 17:53:09.303226] [0x0000007f5fea89a0] [MocapTag] [0x00005f2f] [1138] , 4.29433, -0.0307327, -0.203201, -0.149215, -0.999683, 0.00491358, 0.0106084, 0.0223166, 0, 0, 0, 0, 0, 0, 
[2025-02-03 17:53:09.307719] [0x0000007f5fea89a0] [MocapTag] [0x00005f2f] [1139] , 4.30432, -0.0307327, -0.203201, -0.149215, -0.999683, 0.00491358, 0.0106084, 0.0223166, 0, 0, 0, 0, 0, 0, 
[2025-02-03 17:53:09.310289] [0x0000007f5fea89a0] [MocapTag] [0x00005f2f] [1140] , 4.30432, -0.0307327, -0.203201, -0.149215, -0.999683, 0.00491358, 0.0106084, 0.0223166, 0, 0, 0, 0, 0, 0, 
[2025-02-03 17:53:09.313033] [0x0000007f5fea89a0] [MocapTag] [0x00005f2f] [1141] , 4.30432, -0.0306682, -0.203269, -0.149172, -0.99969, 0.00469434, 0.0105327, 0.0220798, 0, 0, 0, 0, 0, 0, 
[2025-02-03 17:53:09.315961] [0x0000007f5fea89a0] [MocapTag] [0x00005f2f] [1142] , 4.31432, -0.0306682, -0.203269, -0.149172, -0.99969, 0.00469434, 0.0105327, 0.0220798, 0.00645721, -0.00685887, 0.00423878, 0.0446796, 0, -0.0479192, 
[2025-02-03 17:53:09.318567] [0x0000007f5fea89a0] [MocapTag] [0x00005f2f] [1143] , 4.31432, -0.0306682, -0.203269, -0.149172, -0.99969, 0.00469434, 0.0105327, 0.0220798, 0, 0, 0, 0, 0, 0, 
[2025-02-03 17:53:09.324797] [0x0000007f5fea89a0] [MocapTag] [0x00005f2f] [1144] , 4.32432, -0.0306682, -0.203269, -0.149172, -0.99969, 0.00469434, 0.0105327, 0.0220798, 0, 0, 0, 0, 0, 0, 
[2025-02-03 17:53:09.328216] [0x0000007f5fea89a0] [MocapTag] [0x00005f2f] [1145] , 4.32432, -0.0308239, -0.203072, -0.149101, -0.999685, 0.00574814, 0.0103766, 0.0220974, 0, 0, 0, 0, 0, 0, 
[2025-02-03 17:53:09.328916] [0x0000007f5fea89a0] [MocapTag] [0x00005f2f] [1146] , 4.32432, -0.0308239, -0.203072, -0.149101, -0.999685, 0.00574814, 0.0103766, 0.0220974, -0.015574, 0.019774, 0.00714561, -0.210071, -0.0359064, 0, 
[2025-02-03 17:53:09.331690] [0x0000007f5fea89a0] [MocapTag] [0x00005f2f] [1147] , 4.32432, -0.0308239, -0.203072, -0.149101, -0.999685, 0.00574814, 0.0103766, 0.0220974, 0, 0, 0, 0, 0, 0, 
[2025-02-03 17:53:09.334338] [0x0000007f5fea89a0] [MocapTag] [0x00005f2f] [1148] , 4.32432, -0.0306952, -0.203069, -0.148968, -0.999687, 0.00545019, 0.00994427, 0.0223126, 0, 0, 0, 0, 0, 0, 
[2025-02-03 17:53:09.339975] [0x0000007f5fea89a0] [MocapTag] [0x00005f2f] [1149] , 4.33433, -0.0306952, -0.203069, -0.148968, -0.999687, 0.00545019, 0.00994427, 0.0223126, 0.0128679, 0, 0.013272, 0.0610828, -0.085376, 0.0419058, 
[2025-02-03 17:53:09.341524] [0x0000007f5fea89a0] [MocapTag] [0x00005f2f] [1150] , 4.33433, -0.0306952, -0.203069, -0.148968, -0.999687, 0.00545019, 0.00994427, 0.0223126, 0, 0, 0, 0, 0, 0, 
[2025-02-03 17:53:09.344194] [0x0000007f5fea89a0] [MocapTag] [0x00005f2f] [1151] , 4.33433, -0.0306922, -0.202995, -0.149288, -0.999701, 0.00483583, 0.00975116, 0.0219109, 0, 0, 0, 0, 0, 0, 
[2025-02-03 17:53:09.347316] [0x0000007f5fea89a0] [MocapTag] [0x00005f2f] [1152] , 4.34433, -0.0306922, -0.202995, -0.149288, -0.999701, 0.00483583, 0.00975116, 0.0219109, 0, 0.00735768, -0.0319929, 0.124502, -0.0354586, -0.0817847, 
[2025-02-03 17:53:09.349961] [0x0000007f5fea89a0] [MocapTag] [0x00005f2f] [1153] , 4.34433, -0.0306922, -0.202995, -0.149288, -0.999701, 0.00483583, 0.00975116, 0.0219109, 0, 0, 0, 0, 0, 0, 
[2025-02-03 17:53:09.354573] [0x0000007f5fea89a0] [MocapTag] [0x00005f2f] [1154] , 4.34433, -0.0306922, -0.202995, -0.149288, -0.999701, 0.00483583, 0.00975116, 0.0219109, 0, 0, 0, 0, 0, 0, 
[2025-02-03 17:53:09.357205] [0x0000007f5fea89a0] [MocapTag] [0x00005f2f] [1155] , 4.35432, -0.0308023, -0.202933, -0.14937, -0.999702, 0.00474558, 0.00945504, 0.021988, 0, 0, 0, 0, 0, 0, 
[2025-02-03 17:53:09.360049] [0x0000007f5fea89a0] [MocapTag] [0x00005f2f] [1156] , 4.35432, -0.0308023, -0.202933, -0.14937, -0.999702, 0.00474558, 0.00945504, 0.021988, -0.0110127, 0.00616025, -0.00819437, 0, -0.0588918, 0, 
[2025-02-03 17:53:09.363281] [0x0000007f5fea89a0] [MocapTag] [0x00005f2f] [1157] , 4.35432, -0.0308023, -0.202933, -0.14937, -0.999702, 0.00474558, 0.00945504, 0.021988, 0, 0, 0, 0, 0, 0, 
[2025-02-03 17:53:09.365553] [0x0000007f5fea89a0] [MocapTag] [0x00005f2f] [1158] , 4.36432, -0.0309342, -0.202634, -0.149696, -0.999724, 0.00542305, 0.00801644, 0.0214056, 0, 0, 0, 0, 0, 0, 
[2025-02-03 17:53:09.369613] [0x0000007f5fea89a0] [MocapTag] [0x00005f2f] [1159] , 4.36432, -0.0309342, -0.202634, -0.149696, -0.999724, 0.00542305, 0.00801644, 0.0214056, -0.0131906, 0.0299543, -0.0326271, -0.128198, -0.289991, -0.116985, 
[2025-02-03 17:53:09.372316] [0x0000007f5fea89a0] [MocapTag] [0x00005f2f] [1160] , 4.36432, -0.0309342, -0.202634, -0.149696, -0.999724, 0.00542305, 0.00801644, 0.0214056, 0, 0, 0, 0, 0, 0, 
[2025-02-03 17:53:09.375081] [0x0000007f5fea89a0] [MocapTag] [0x00005f2f] [1161] , 4.37431, -0.0310728, -0.20274, -0.149572, -0.999712, 0.00564031, 0.00878874, 0.0216153, 0, 0, 0, 0, 0, 0, 
[2025-02-03 17:53:09.377919] [0x0000007f5fea89a0] [MocapTag] [0x00005f2f] [1162] , 4.37431, -0.0310728, -0.20274, -0.149572, -0.999712, 0.00564031, 0.00878874, 0.0216153, -0.0138624, -0.0106478, 0.0124818, -0.0471354, 0.153251, 0.0432428, 
[2025-02-03 17:53:09.380334] [0x0000007f5fea89a0] [MocapTag] [0x00005f2f] [1163] , 4.37431, -0.0310728, -0.20274, -0.149572, -0.999712, 0.00564031, 0.00878874, 0.0216153, 0, 0, 0, 0, 0, 0, 
[2025-02-03 17:53:09.384448] [0x0000007f5fea89a0] [MocapTag] [0x00005f2f] [1164] , 4.37431, -0.0310728, -0.20274, -0.149572, -0.999712, 0.00564031, 0.00878874, 0.0216153, 0, 0, 0, 0, 0, 0, 
[2025-02-03 17:53:09.386950] [0x0000007f5fea89a0] [MocapTag] [0x00005f2f] [1165] , 4.38433, -0.0307463, -0.203076, -0.149321, -0.999693, 0.00485772, 0.00989513, 0.0221757, 0, 0, 0, 0, 0, 0, 
[2025-02-03 17:53:09.389917] [0x0000007f5fea89a0] [MocapTag] [0x00005f2f] [1166] , 4.38433, -0.0307463, -0.203076, -0.149321, -0.999693, 0.00485772, 0.00989513, 0.0221757, 0.0326538, -0.0335864, 0.0250965, 0.150585, 0.224055, 0.111984, 
[2025-02-03 17:53:09.392586] [0x0000007f5fea89a0] [MocapTag] [0x00005f2f] [1167] , 4.38433, -0.0307463, -0.203076, -0.149321, -0.999693, 0.00485772, 0.00989513, 0.0221757, 0, 0, 0, 0, 0, 0, 
[2025-02-03 17:53:09.395262] [0x0000007f5fea89a0] [MocapTag] [0x00005f2f] [1168] , 4.39431, -0.0308858, -0.203202, -0.149468, -0.999701, 0.00496897, 0.0090635, 0.0221382, 0, 0, 0, 0, 0, 0, 
[2025-02-03 17:53:09.399766] [0x0000007f5fea89a0] [MocapTag] [0x00005f2f] [1169] , 4.39431, -0.0308858, -0.203202, -0.149468, -0.999701, 0.00496897, 0.0090635, 0.0221382, -0.0139511, -0.0125701, -0.0147573, 0, -0.166747, 0, 
[2025-02-03 17:53:09.402458] [0x0000007f5fea89a0] [MocapTag] [0x00005f2f] [1170] , 4.39431, -0.0308858, -0.203202, -0.149468, -0.999701, 0.00496897, 0.0090635, 0.0221382, 0, 0, 0, 0, 0, 0, 
[2025-02-03 17:53:09.405213] [0x0000007f5fea89a0] [MocapTag] [0x00005f2f] [1171] , 4.40432, -0.030826, -0.203198, -0.149452, -0.999698, 0.00494098, 0.00943108, 0.0221686, 0, 0, 0, 0, 0, 0, 
[2025-02-03 17:53:09.407955] [0x0000007f5fea89a0] [MocapTag] [0x00005f2f] [1172] , 4.40432, -0.030826, -0.203198, -0.149452, -0.999698, 0.00494098, 0.00943108, 0.0221686, 0.00597622, 0, 0, 0, 0.0735929, 0, 
[2025-02-03 17:53:09.410426] [0x0000007f5fea89a0] [MocapTag] [0x00005f2f] [1173] , 4.40432, -0.030826, -0.203198, -0.149452, -0.999698, 0.00494098, 0.00943108, 0.0221686, 0, 0, 0, 0, 0, 0, 
[2025-02-03 17:53:09.414811] [0x0000007f5fea89a0] [MocapTag] [0x00005f2f] [1174] , 4.41433, -0.0307505, -0.203258, -0.149354, -0.999687, 0.00486583, 0.0100474, 0.0223719, 0, 0, 0, 0, 0, 0, 
[2025-02-03 17:53:09.417707] [0x0000007f5fea89a0] [MocapTag] [0x00005f2f] [1175] , 4.41433, -0.0307505, -0.203258, -0.149354, -0.999687, 0.00486583, 0.0100474, 0.0223719, 0.00755585, -0.00596712, 0.0097484, 0, 0.123374, 0.0412185, 
[2025-02-03 17:53:09.420301] [0x0000007f5fea89a0] [MocapTag] [0x00005f2f] [1176] , 4.41433, -0.0307505, -0.203258, -0.149354, -0.999687, 0.00486583, 0.0100474, 0.0223719, 0, 0, 0, 0, 0, 0, 
[2025-02-03 17:53:09.423944] [0x0000007f5fea89a0] [MocapTag] [0x00005f2f] [1177] , 4.41433, -0.0305653, -0.203203, -0.149418, -0.999672, 0.00535945, 0.0107636, 0.0225912, 0, 0, 0, 0, 0, 0, 
[2025-02-03 17:53:09.425701] [0x0000007f5fea89a0] [MocapTag] [0x00005f2f] [1178] , 4.42432, -0.0305653, -0.203203, -0.149418, -0.999672, 0.00535945, 0.0107636, 0.0225912, 0.0185136, 0.00549082, -0.00641979, -0.102401, 0.140736, 0.0457339, 
[2025-02-03 17:53:09.428309] [0x0000007f5fea89a0] [MocapTag] [0x00005f2f] [1179] , 4.42432, -0.0305653, -0.203203, -0.149418, -0.999672, 0.00535945, 0.0107636, 0.0225912, 0, 0, 0, 0, 0, 0, 
[2025-02-03 17:53:09.431752] [0x0000007f5fea89a0] [MocapTag] [0x00005f2f] [1180] , 4.42432, -0.0305653, -0.203203, -0.149418, -0.999672, 0.00535945, 0.0107636, 0.0225912, 0, 0, 0, 0, 0, 0, 
[2025-02-03 17:53:09.434429] [0x0000007f5fea89a0] [MocapTag] [0x00005f2f] [1181] , 4.42432, -0.0304967, -0.203168, -0.149131, -0.999682, 0.00463598, 0.0108471, 0.0222991, 0, 0, 0, 0, 0, 0, 
[2025-02-03 17:53:09.437355] [0x0000007f5fea89a0] [MocapTag] [0x00005f2f] [1182] , 4.43433, -0.0304967, -0.203168, -0.149131, -0.999682, 0.00463598, 0.0108471, 0.0222991, 0.00686827, 0.00351546, 0.028776, 0.144911, 0, -0.0599019, 
[2025-02-03 17:53:09.439918] [0x0000007f5fea89a0] [MocapTag] [0x00005f2f] [1183] , 4.43433, -0.0304967, -0.203168, -0.149131, -0.999682, 0.00463598, 0.0108471, 0.0222991, 0, 0, 0, 0, 0, 0, 
[2025-02-03 17:53:09.442590] [0x0000007f5fea89a0] [MocapTag] [0x00005f2f] [1184] , 4.43433, -0.0304967, -0.203168, -0.149131, -0.999682, 0.00463598, 0.0108471, 0.0222991, 0, 0, 0, 0, 0, 0, 
[2025-02-03 17:53:09.446976] [0x0000007f5fea89a0] [MocapTag] [0x00005f2f] [1185] , 4.44432, -0.0307357, -0.203085, -0.148986, -0.999687, 0.00546266, 0.0097924, 0.022382, 0, 0, 0, 0, 0, 0, 
[2025-02-03 17:53:09.449870] [0x0000007f5fea89a0] [MocapTag] [0x00005f2f] [1186] , 4.44432, -0.0307357, -0.203085, -0.148986, -0.999687, 0.00546266, 0.0097924, 0.022382, -0.0239025, 0.00831187, 0.0144284, -0.160742, -0.214691, 0, 
[2025-02-03 17:53:09.452586] [0x0000007f5fea89a0] [MocapTag] [0x00005f2f] [1187] , 4.44432, -0.0307357, -0.203085, -0.148986, -0.999687, 0.00546266, 0.0097924, 0.022382, 0, 0, 0, 0, 0, 0, 
[2025-02-03 17:53:09.455604] [0x0000007f5fea89a0] [MocapTag] [0x00005f2f] [1188] , 4.45431, -0.0307394, -0.203127, -0.148927, -0.999689, 0.00523347, 0.00963387, 0.0223805, 0, 0, 0, 0, 0, 0, 
[2025-02-03 17:53:09.457940] [0x0000007f5fea89a0] [MocapTag] [0x00005f2f] [1189] , 4.45431, -0.0307394, -0.203127, -0.148927, -0.999689, 0.00523347, 0.00963387, 0.0223805, 0, -0.00419692, 0.00589347, 0.0465631, 0, 0, 
[2025-02-03 17:53:09.462661] [0x0000007f5fea89a0] [MocapTag] [0x00005f2f] [1190] , 4.45431, -0.0307394, -0.203127, -0.148927, -0.999689, 0.00523347, 0.00963387, 0.0223805, 0, 0, 0, 0, 0, 0, 
[2025-02-03 17:53:09.465417] [0x0000007f5fea89a0] [MocapTag] [0x00005f2f] [1191] , 4.46433, -0.0307849, -0.20323, -0.149323, -0.999682, 0.00524621, 0.0112425, 0.0219691, 0, 0, 0, 0, 0, 0, 
[2025-02-03 17:53:09.468047] [0x0000007f5fea89a0] [MocapTag] [0x00005f2f] [1192] , 4.46433, -0.0307849, -0.20323, -0.149323, -0.999682, 0.00524621, 0.0112425, 0.0219691, -0.0045462, -0.0102964, -0.0395341, 0, 0.322059, -0.0803612, 
[2025-02-03 17:53:09.471843] [0x0000007f5fea89a0] [MocapTag] [0x00005f2f] [1193] , 4.46433, -0.0307849, -0.20323, -0.149323, -0.999682, 0.00524621, 0.0112425, 0.0219691, 0, 0, 0, 0, 0, 0, 
[2025-02-03 17:53:09.473458] [0x0000007f5fea89a0] [MocapTag] [0x00005f2f] [1194] , 4.46433, -0.0307509, -0.203204, -0.14922, -0.999681, 0.00495549, 0.0107158, 0.0223347, 0, 0, 0, 0, 0, 0, 
[2025-02-03 17:53:09.478006] [0x0000007f5fea89a0] [MocapTag] [0x00005f2f] [1195] , 4.47433, -0.0307509, -0.203204, -0.14922, -0.999681, 0.00495549, 0.0107158, 0.0223347, 0.00340101, 0.00255679, 0.0102903, 0.0597, -0.104419, 0.0718892, 
[2025-02-03 17:53:09.480564] [0x0000007f5fea89a0] [MocapTag] [0x00005f2f] [1196] , 4.47433, -0.0307509, -0.203204, -0.14922, -0.999681, 0.00495549, 0.0107158, 0.0223347, 0, 0, 0, 0, 0, 0, 
[2025-02-03 17:53:09.484030] [0x0000007f5fea89a0] [MocapTag] [0x00005f2f] [1197] , 4.47433, -0.0306652, -0.20326, -0.149149, -0.999677, 0.00492484, 0.0109404, 0.0224168, 0, 0, 0, 0, 0, 0, 
[2025-02-03 17:53:09.486090] [0x0000007f5fea89a0] [MocapTag] [0x00005f2f] [1198] , 4.48433, -0.0306652, -0.20326, -0.149149, -0.999677, 0.00492484, 0.0109404, 0.0224168, 0.00856819, -0.00558027, 0.0070659, 0, 0.0449551, 0, 
[2025-02-03 17:53:09.489790] [0x0000007f5fea89a0] [MocapTag] [0x00005f2f] [1199] , 4.48433, -0.0306652, -0.20326, -0.149149, -0.999677, 0.00492484, 0.0109404, 0.0224168, 0, 0, 0, 0, 0, 0, 
[2025-02-03 17:53:09.491629] [0x0000007f5fea89a0] [MocapTag] [0x00005f2f] [1200] , 4.48433, -0.0306652, -0.20326, -0.149149, -0.999677, 0.00492484, 0.0109404, 0.0224168, 0, 0, 0, 0, 0, 0, 
[2025-02-03 17:53:09.494596] [0x0000007f5fea89a0] [MocapTag] [0x00005f2f] [1201] , 4.48433, -0.0307458, -0.203029, -0.149314, -0.999696, 0.00474609, 0.00983527, 0.0220863, 0, 0, 0, 0, 0, 0, 
[2025-02-03 17:53:09.497452] [0x0000007f5fea89a0] [MocapTag] [0x00005f2f] [1202] , 4.49434, -0.0307458, -0.203029, -0.149314, -0.999696, 0.00474609, 0.00983527, 0.0220863, -0.00806443, 0.023108, -0.016497, 0.0413895, -0.219844, -0.0677109, 
[2025-02-03 17:53:09.500781] [0x0000007f5fea89a0] [MocapTag] [0x00005f2f] [1203] , 4.49434, -0.0307458, -0.203029, -0.149314, -0.999696, 0.00474609, 0.00983527, 0.0220863, 0, 0, 0, 0, 0, 0, 
[2025-02-03 17:53:09.502774] [0x0000007f5fea89a0] [MocapTag] [0x00005f2f] [1204] , 4.49434, -0.0307458, -0.203029, -0.149314, -0.999696, 0.00474609, 0.00983527, 0.0220863, 0, 0, 0, 0, 0, 0, 
[2025-02-03 17:53:09.505332] [0x0000007f5fea89a0] [MocapTag] [0x00005f2f] [1205] , 4.50433, -0.030883, -0.20268, -0.149674, -0.999722, 0.00553337, 0.00821682, 0.0214081, 0, 0, 0, 0, 0, 0, 
[2025-02-03 17:53:09.509829] [0x0000007f5fea89a0] [MocapTag] [0x00005f2f] [1206] , 4.50433, -0.030883, -0.20268, -0.149674, -0.999722, 0.00553337, 0.00821682, 0.0214081, -0.0137211, 0.0349113, -0.0360041, -0.149155, -0.32633, -0.136127, 
[2025-02-03 17:53:09.512904] [0x0000007f5fea89a0] [MocapTag] [0x00005f2f] [1207] , 4.50433, -0.030883, -0.20268, -0.149674, -0.999722, 0.00553337, 0.00821682, 0.0214081, 0, 0, 0, 0, 0, 0, 
[2025-02-03 17:53:09.515414] [0x0000007f5fea89a0] [MocapTag] [0x00005f2f] [1208] , 4.51433, -0.0309061, -0.202775, -0.149542, -0.999709, 0.00560748, 0.00913789, 0.0215918, 0, 0, 0, 0, 0, 0, 
[2025-02-03 17:53:09.518087] [0x0000007f5fea89a0] [MocapTag] [0x00005f2f] [1209] , 4.51433, -0.0309061, -0.202775, -0.149542, -0.999709, 0.00560748, 0.00913789, 0.0215918, -0.0023055, -0.00956738, 0.0131781, 0, 0.183644, 0.0379946, 
[2025-02-03 17:53:09.520681] [0x0000007f5fea89a0] [MocapTag] [0x00005f2f] [1210] , 4.51433, -0.0309061, -0.202775, -0.149542, -0.999709, 0.00560748, 0.00913789, 0.0215918, 0, 0, 0, 0, 0, 0, 
[2025-02-03 17:53:09.523333] [0x0000007f5fea89a0] [MocapTag] [0x00005f2f] [1211] , 4.51433, -0.0309285, -0.202781, -0.149551, -0.99971, 0.00562216, 0.00908941, 0.0215867, 0, 0, 0, 0, 0, 0, 
[2025-02-03 17:53:09.526818] [0x0000007f5fea89a0] [MocapTag] [0x00005f2f] [1212] , 4.52433, -0.0309285, -0.202781, -0.149551, -0.99971, 0.00562216, 0.00908941, 0.0215867, -0.00224614, 0, 0, 0, 0, 0, 
[2025-02-03 17:53:09.529585] [0x0000007f5fea89a0] [MocapTag] [0x00005f2f] [1213] , 4.52433, -0.0309285, -0.202781, -0.149551, -0.99971, 0.00562216, 0.00908941, 0.0215867, 0, 0, 0, 0, 0, 0, 
[2025-02-03 17:53:09.532915] [0x0000007f5fea89a0] [MocapTag] [0x00005f2f] [1214] , 4.52433, -0.0309285, -0.202781, -0.149551, -0.99971, 0.00562216, 0.00908941, 0.0215867, 0, 0, 0, 0, 0, 0, 
[2025-02-03 17:53:09.534989] [0x0000007f5fea89a0] [MocapTag] [0x00005f2f] [1215] , 4.53433, -0.0309408, -0.203061, -0.1497, -0.999712, 0.00567155, 0.00835538, 0.0217803, 0, 0, 0, 0, 0, 0, 
[2025-02-03 17:53:09.537799] [0x0000007f5fea89a0] [MocapTag] [0x00005f2f] [1216] , 4.53433, -0.0309408, -0.203061, -0.1497, -0.999712, 0.00567155, 0.00835538, 0.0217803, 0, -0.0280265, -0.0148941, 0, -0.147215, 0.0379123, 
[2025-02-03 17:53:09.542605] [0x0000007f5fea89a0] [MocapTag] [0x00005f2f] [1217] , 4.53433, -0.0309408, -0.203061, -0.1497, -0.999712, 0.00567155, 0.00835538, 0.0217803, 0, 0, 0, 0, 0, 0, 
[2025-02-03 17:53:09.545430] [0x0000007f5fea89a0] [MocapTag] [0x00005f2f] [1218] , 4.54433, -0.0309102, -0.203027, -0.149663, -0.999712, 0.00564429, 0.00843633, 0.0217445, 0, 0, 0, 0, 0, 0, 
[2025-02-03 17:53:09.548946] [0x0000007f5fea89a0] [MocapTag] [0x00005f2f] [1219] , 4.54433, -0.0309102, -0.203027, -0.149663, -0.999712, 0.00564429, 0.00843633, 0.0217445, 0.00305926, 0.00338634, 0.00372382, 0, 0, 0, 
[2025-02-03 17:53:09.551065] [0x0000007f5fea89a0] [MocapTag] [0x00005f2f] [1220] , 4.54433, -0.0309102, -0.203027, -0.149663, -0.999712, 0.00564429, 0.00843633, 0.0217445, 0, 0, 0, 0, 0, 0, 
[2025-02-03 17:53:09.553695] [0x0000007f5fea89a0] [MocapTag] [0x00005f2f] [1221] , 4.54433, -0.0308678, -0.203014, -0.14965, -0.99971, 0.00560926, 0.00864525, 0.0217662, 0, 0, 0, 0, 0, 0, 
[2025-02-03 17:53:09.558983] [0x0000007f5fea89a0] [MocapTag] [0x00005f2f] [1222] , 4.55433, -0.0308678, -0.203014, -0.14965, -0.99971, 0.00560926, 0.00864525, 0.0217662, 0.00424113, 0, 0, 0, 0.0419024, 0, 
[2025-02-03 17:53:09.561434] [0x0000007f5fea89a0] [MocapTag] [0x00005f2f] [1223] , 4.55433, -0.0308678, -0.203014, -0.14965, -0.99971, 0.00560926, 0.00864525, 0.0217662, 0, 0, 0, 0, 0, 0, 
[2025-02-03 17:53:09.564968] [0x0000007f5fea89a0] [MocapTag] [0x00005f2f] [1224] , 4.56433, -0.0304103, -0.203096, -0.149535, -0.999717, 0.00586339, 0.00960928, 0.0209699, 0, 0, 0, 0, 0, 0, 
[2025-02-03 17:53:09.567040] [0x0000007f5fea89a0] [MocapTag] [0x00005f2f] [1225] , 4.56433, -0.0304103, -0.203096, -0.149535, -0.999717, 0.00586339, 0.00960928, 0.0209699, 0.0457503, -0.00812312, 0.011454, -0.0535488, 0.192621, -0.157632, 
[2025-02-03 17:53:09.569832] [0x0000007f5fea89a0] [MocapTag] [0x00005f2f] [1226] , 4.56433, -0.0304103, -0.203096, -0.149535, -0.999717, 0.00586339, 0.00960928, 0.0209699, 0, 0, 0, 0, 0, 0, 
[2025-02-03 17:53:09.574738] [0x0000007f5fea89a0] [MocapTag] [0x00005f2f] [1227] , 4.56433, -0.0304103, -0.203096, -0.149535, -0.999717, 0.00586339, 0.00960928, 0.0209699, 0, 0, 0, 0, 0, 0, 
[2025-02-03 17:53:09.577696] [0x0000007f5fea89a0] [MocapTag] [0x00005f2f] [1228] , 4.5743, -0.0304147, -0.203286, -0.149396, -0.999681, 0.00457481, 0.0113308, 0.0221114, 0, 0, 0, 0, 0, 0, 
[2025-02-03 17:53:09.580218] [0x0000007f5fea89a0] [MocapTag] [0x00005f2f] [1229] , 4.5743, -0.0304147, -0.203286, -0.149396, -0.999681, 0.00457481, 0.0113308, 0.0221114, 0, -0.0190841, 0.0139757, 0.24786, 0.348567, 0.227743, 
[2025-02-03 17:53:09.583056] [0x0000007f5fea89a0] [MocapTag] [0x00005f2f] [1230] , 4.5743, -0.0304147, -0.203286, -0.149396, -0.999681, 0.00457481, 0.0113308, 0.0221114, 0, 0, 0, 0, 0, 0, 
[2025-02-03 17:53:09.586601] [0x0000007f5fea89a0] [MocapTag] [0x00005f2f] [1231] , 4.58431, -0.0307278, -0.20307, -0.148993, -0.999687, 0.00552876, 0.00984148, 0.0223358, 0, 0, 0, 0, 0, 0, 
[2025-02-03 17:53:09.589954] [0x0000007f5fea89a0] [MocapTag] [0x00005f2f] [1232] , 4.58431, -0.0307278, -0.20307, -0.148993, -0.999687, 0.00552876, 0.00984148, 0.0223358, -0.0313123, 0.0216025, 0.0402713, -0.184584, -0.302298, 0.0451785, 
[2025-02-03 17:53:09.592822] [0x0000007f5fea89a0] [MocapTag] [0x00005f2f] [1233] , 4.58431, -0.0307278, -0.20307, -0.148993, -0.999687, 0.00552876, 0.00984148, 0.0223358, 0, 0, 0, 0, 0, 0, 
[2025-02-03 17:53:09.595340] [0x0000007f5fea89a0] [MocapTag] [0x00005f2f] [1234] , 4.59432, -0.030749, -0.20317, -0.149191, -0.999681, 0.00489614, 0.0105411, 0.0224039, 0, 0, 0, 0, 0, 0, 
[2025-02-03 17:53:09.598204] [0x0000007f5fea89a0] [MocapTag] [0x00005f2f] [1235] , 4.59432, -0.030749, -0.20317, -0.149191, -0.999681, 0.00489614, 0.0105411, 0.0224039, -0.00211723, -0.00996466, -0.0198634, 0.123239, 0.142664, 0, 
[2025-02-03 17:53:09.600648] [0x0000007f5fea89a0] [MocapTag] [0x00005f2f] [1236] , 4.59432, -0.030749, -0.20317, -0.149191, -0.999681, 0.00489614, 0.0105411, 0.0224039, 0, 0, 0, 0, 0, 0, 
[2025-02-03 17:53:09.603157] [0x0000007f5fea89a0] [MocapTag] [0x00005f2f] [1237] , 4.59432, -0.0308179, -0.20327, -0.149096, -0.999688, 0.00456972, 0.0103833, 0.0222464, 0, 0, 0, 0, 0, 0, 
[2025-02-03 17:53:09.607090] [0x0000007f5fea89a0] [MocapTag] [0x00005f2f] [1238] , 4.60433, -0.0308179, -0.20327, -0.149096, -0.999688, 0.00456972, 0.0103833, 0.0222464, -0.00689206, -0.00996727, 0.00959481, 0.0663042, 0, 0, 
[2025-02-03 17:53:09.609166] [0x0000007f5fea89a0] [MocapTag] [0x00005f2f] [1239] , 4.60433, -0.0308179, -0.20327, -0.149096, -0.999688, 0.00456972, 0.0103833, 0.0222464, 0, 0, 0, 0, 0, 0, 
[2025-02-03 17:53:09.612222] [0x0000007f5fea89a0] [MocapTag] [0x00005f2f] [1240] , 4.60433, -0.0308179, -0.20327, -0.149096, -0.999688, 0.00456972, 0.0103833, 0.0222464, 0, 0, 0, 0, 0, 0, 
[2025-02-03 17:53:09.614824] [0x0000007f5fea89a0] [MocapTag] [0x00005f2f] [1241] , 4.61434, -0.030822, -0.203207, -0.149275, -0.99968, 0.00516672, 0.010906, 0.0222144, 0, 0, 0, 0, 0, 0, 
[2025-02-03 17:53:09.617614] [0x0000007f5fea89a0] [MocapTag] [0x00005f2f] [1242] , 4.61434, -0.030822, -0.203207, -0.149275, -0.99968, 0.00516672, 0.010906, 0.0222144, 0, 0.00628703, -0.0179301, -0.121665, 0.101872, 0, 
[2025-02-03 17:53:09.621978] [0x0000007f5fea89a0] [MocapTag] [0x00005f2f] [1243] , 4.61434, -0.030822, -0.203207, -0.149275, -0.99968, 0.00516672, 0.010906, 0.0222144, 0, 0, 0, 0, 0, 0, 
[2025-02-03 17:53:09.625356] [0x0000007f5fea89a0] [MocapTag] [0x00005f2f] [1244] , 4.62433, -0.0307682, -0.203214, -0.149213, -0.999682, 0.00497538, 0.0106243, 0.0223386, 0, 0, 0, 0, 0, 0, 
[2025-02-03 17:53:09.627408] [0x0000007f5fea89a0] [MocapTag] [0x00005f2f] [1245] , 4.62433, -0.0307682, -0.203214, -0.149213, -0.999682, 0.00497538, 0.0106243, 0.0223386, 0.0053723, 0, 0.00622766, 0.0392675, -0.0555996, 0, 
[2025-02-03 17:53:09.630032] [0x0000007f5fea89a0] [MocapTag] [0x00005f2f] [1246] , 4.62433, -0.0307682, -0.203214, -0.149213, -0.999682, 0.00497538, 0.0106243, 0.0223386, 0, 0, 0, 0, 0, 0, 
[2025-02-03 17:53:09.632715] [0x0000007f5fea89a0] [MocapTag] [0x00005f2f] [1247] , 4.62433, -0.0307682, -0.203214, -0.149213, -0.999682, 0.00497538, 0.0106243, 0.0223386, 0, 0, 0, 0, 0, 0, 
[2025-02-03 17:53:09.636968] [0x0000007f5fea89a0] [MocapTag] [0x00005f2f] [1248] , 4.63433, -0.0305949, -0.203281, -0.149283, -0.999667, 0.00538191, 0.011551, 0.0224425, 0, 0, 0, 0, 0, 0, 
[2025-02-03 17:53:09.639946] [0x0000007f5fea89a0] [MocapTag] [0x00005f2f] [1249] , 4.63433, -0.0305949, -0.203281, -0.149283, -0.999667, 0.00538191, 0.011551, 0.0224425, 0.017337, -0.00674068, -0.00699696, -0.0857115, 0.183367, 0, 
[2025-02-03 17:53:09.642653] [0x0000007f5fea89a0] [MocapTag] [0x00005f2f] [1250] , 4.63433, -0.0305949, -0.203281, -0.149283, -0.999667, 0.00538191, 0.011551, 0.0224425, 0, 0, 0, 0, 0, 0, 
[2025-02-03 17:53:09.645214] [0x0000007f5fea89a0] [MocapTag] [0x00005f2f] [1251] , 4.64433, -0.0309377, -0.202736, -0.149669, -0.999718, 0.00592079, 0.00857617, 0.0213233, 0, 0, 0, 0, 0, 0, 
[2025-02-03 17:53:09.648191] [0x0000007f5fea89a0] [MocapTag] [0x00005f2f] [1252] , 4.64433, -0.0309377, -0.202736, -0.149669, -0.999718, 0.00592079, 0.00857617, 0.0213233, -0.0342817, 0.0545884, -0.0386087, -0.092411, -0.595893, -0.226611, 
[2025-02-03 17:53:09.652236] [0x0000007f5fea89a0] [MocapTag] [0x00005f2f] [1253] , 4.64433, -0.0309377, -0.202736, -0.149669, -0.999718, 0.00592079, 0.00857617, 0.0213233, 0, 0, 0, 0, 0, 0, 
[2025-02-03 17:53:09.655020] [0x0000007f5fea89a0] [MocapTag] [0x00005f2f] [1254] , 4.65433, -0.0309362, -0.202711, -0.149662, -0.999722, 0.00540785, 0.00824687, 0.0214171, 0, 0, 0, 0, 0, 0, 
[2025-02-03 17:53:09.657801] [0x0000007f5fea89a0] [MocapTag] [0x00005f2f] [1255] , 4.65433, -0.0309362, -0.202711, -0.149662, -0.999722, 0.00540785, 0.00824687, 0.0214171, 0, 0.00245918, 0, 0.103831, -0.0637578, 0, 
[2025-02-03 17:53:09.660404] [0x0000007f5fea89a0] [MocapTag] [0x00005f2f] [1256] , 4.65433, -0.0309362, -0.202711, -0.149662, -0.999722, 0.00540785, 0.00824687, 0.0214171, 0, 0, 0, 0, 0, 0, 
[2025-02-03 17:53:09.663089] [0x0000007f5fea89a0] [MocapTag] [0x00005f2f] [1257] , 4.65433, -0.0309553, -0.20278, -0.149548, -0.999709, 0.0056381, 0.00924571, 0.021539, 0, 0, 0, 0, 0, 0, 
[2025-02-03 17:53:09.667572] [0x0000007f5fea89a0] [MocapTag] [0x00005f2f] [1258] , 4.66433, -0.0309553, -0.20278, -0.149548, -0.999709, 0.0056381, 0.00924571, 0.021539, 0, -0.006919, 0.0113888, -0.0505686, 0.198594, 0, 
[2025-02-03 17:53:09.670182] [0x0000007f5fea89a0] [MocapTag] [0x00005f2f] [1259] , 4.66433, -0.0309553, -0.20278, -0.149548, -0.999709, 0.0056381, 0.00924571, 0.021539, 0, 0, 0, 0, 0, 0, 
[2025-02-03 17:53:09.672908] [0x0000007f5fea89a0] [MocapTag] [0x00005f2f] [1260] , 4.66433, -0.0309833, -0.202785, -0.149558, -0.99971, 0.00564879, 0.00915546, 0.021564, 0, 0, 0, 0, 0, 0, 
[2025-02-03 17:53:09.676777] [0x0000007f5fea89a0] [MocapTag] [0x00005f2f] [1261] , 4.67433, -0.0309833, -0.202785, -0.149558, -0.99971, 0.00564879, 0.00915546, 0.021564, -0.00279224, 0, 0, 0, 0, 0, 
[2025-02-03 17:53:09.678313] [0x0000007f5fea89a0] [MocapTag] [0x00005f2f] [1262] , 4.67433, -0.0309833, -0.202785, -0.149558, -0.99971, 0.00564879, 0.00915546, 0.021564, 0, 0, 0, 0, 0, 0, 
[2025-02-03 17:53:09.683783] [0x0000007f5fea89a0] [MocapTag] [0x00005f2f] [1263] , 4.67433, -0.0309833, -0.202785, -0.149558, -0.99971, 0.00564879, 0.00915546, 0.021564, 0, 0, 0, 0, 0, 0, 
[2025-02-03 17:53:09.685728] [0x0000007f5fea89a0] [MocapTag] [0x00005f2f] [1264] , 4.68436, -0.0307149, -0.203035, -0.149699, -0.999726, 0.00563087, 0.00840555, 0.0210986, 0, 0, 0, 0, 0, 0, 
[2025-02-03 17:53:09.689167] [0x0000007f5fea89a0] [MocapTag] [0x00005f2f] [1265] , 4.68436, -0.0307149, -0.203035, -0.149699, -0.999726, 0.00563087, 0.00840555, 0.0210986, 0.0268331, -0.0249782, -0.0141069, 0, -0.149332, -0.0940662, 
[2025-02-03 17:53:09.691319] [0x0000007f5fea89a0] [MocapTag] [0x00005f2f] [1266] , 4.68436, -0.0307149, -0.203035, -0.149699, -0.999726, 0.00563087, 0.00840555, 0.0210986, 0, 0, 0, 0, 0, 0, 
[2025-02-03 17:53:09.694166] [0x0000007f5fea89a0] [MocapTag] [0x00005f2f] [1267] , 4.68436, -0.0306927, -0.203365, -0.15016, -0.999711, 0.00599916, 0.0107029, 0.0206859, 0, 0, 0, 0, 0, 0, 
[2025-02-03 17:53:09.698740] [0x0000007f5fea89a0] [MocapTag] [0x00005f2f] [1268] , 4.69434, -0.0306927, -0.203365, -0.15016, -0.999711, 0.00599916, 0.0107029, 0.0206859, 0.0022196, -0.0330036, -0.0460757, -0.0825644, 0.45833, -0.0789292, 
[2025-02-03 17:53:09.702915] [0x0000007f5fea89a0] [MocapTag] [0x00005f2f] [1269] , 4.69434, -0.0306927, -0.203365, -0.15016, -0.999711, 0.00599916, 0.0107029, 0.0206859, 0, 0, 0, 0, 0, 0, 
[2025-02-03 17:53:09.704194] [0x0000007f5fea89a0] [MocapTag] [0x00005f2f] [1270] , 4.69434, -0.0305939, -0.202994, -0.149476, -0.999721, 0.00591464, 0.00876942, 0.0211379, 0, 0, 0, 0, 0, 0, 
[2025-02-03 17:53:09.707065] [0x0000007f5fea89a0] [MocapTag] [0x00005f2f] [1271] , 4.70433, -0.0305939, -0.202994, -0.149476, -0.999721, 0.00591464, 0.00876942, 0.0211379, 0.00988778, 0.0370386, 0.0684445, 0, -0.386819, 0.0877231, 
[2025-02-03 17:53:09.709660] [0x0000007f5fea89a0] [MocapTag] [0x00005f2f] [1272] , 4.70433, -0.0305939, -0.202994, -0.149476, -0.999721, 0.00591464, 0.00876942, 0.0211379, 0, 0, 0, 0, 0, 0, 
[2025-02-03 17:53:09.712452] [0x0000007f5fea89a0] [MocapTag] [0x00005f2f] [1273] , 4.70433, -0.0305939, -0.202994, -0.149476, -0.999721, 0.00591464, 0.00876942, 0.0211379, 0, 0, 0, 0, 0, 0, 
[2025-02-03 17:53:09.715451] [0x0000007f5fea89a0] [MocapTag] [0x00005f2f] [1274] , 4.71433, -0.030664, -0.2032, -0.149314, -0.999683, 0.00490672, 0.0103314, 0.0224442, 0, 0, 0, 0, 0, 0, 
[2025-02-03 17:53:09.718359] [0x0000007f5fea89a0] [MocapTag] [0x00005f2f] [1275] , 4.71433, -0.030664, -0.2032, -0.149314, -0.999683, 0.00490672, 0.0103314, 0.0224442, -0.00701397, -0.0206121, 0.0161625, 0.192237, 0.315269, 0.261332, 
[2025-02-03 17:53:09.721168] [0x0000007f5fea89a0] [MocapTag] [0x00005f2f] [1276] , 4.71433, -0.030664, -0.2032, -0.149314, -0.999683, 0.00490672, 0.0103314, 0.0224442, 0, 0, 0, 0, 0, 0, 
[2025-02-03 17:53:09.724836] [0x0000007f5fea89a0] [MocapTag] [0x00005f2f] [1277] , 4.72434, -0.0305516, -0.203144, -0.149182, -0.999676, 0.00482215, 0.0109514, 0.022461, 0, 0, 0, 0, 0, 0, 
[2025-02-03 17:53:09.726770] [0x0000007f5fea89a0] [MocapTag] [0x00005f2f] [1278] , 4.72434, -0.0305516, -0.203144, -0.149182, -0.999676, 0.00482215, 0.0109514, 0.022461, 0.0112434, 0.00562684, 0.0132318, 0, 0.124336, 0, 
[2025-02-03 17:53:09.730904] [0x0000007f5fea89a0] [MocapTag] [0x00005f2f] [1279] , 4.72434, -0.0305516, -0.203144, -0.149182, -0.999676, 0.00482215, 0.0109514, 0.022461, 0, 0, 0, 0, 0, 0, 
[2025-02-03 17:53:09.733527] [0x0000007f5fea89a0] [MocapTag] [0x00005f2f] [1280] , 4.72434, -0.030764, -0.20322, -0.149224, -0.999681, 0.00495351, 0.0107093, 0.0223165, 0, 0, 0, 0, 0, 0, 
[2025-02-03 17:53:09.736353] [0x0000007f5fea89a0] [MocapTag] [0x00005f2f] [1281] , 4.73431, -0.030764, -0.20322, -0.149224, -0.999681, 0.00495351, 0.0107093, 0.0223165, -0.0212464, -0.00760303, -0.0041991, 0, -0.0488561, 0, 
[2025-02-03 17:53:09.738927] [0x0000007f5fea89a0] [MocapTag] [0x00005f2f] [1282] , 4.73431, -0.030764, -0.20322, -0.149224, -0.999681, 0.00495351, 0.0107093, 0.0223165, 0, 0, 0, 0, 0, 0, 
[2025-02-03 17:53:09.742718] [0x0000007f5fea89a0] [MocapTag] [0x00005f2f] [1283] , 4.73431, -0.030764, -0.20322, -0.149224, -0.999681, 0.00495351, 0.0107093, 0.0223165, 0, 0, 0, 0, 0, 0, 
[2025-02-03 17:53:09.746834] [0x0000007f5fea89a0] [MocapTag] [0x00005f2f] [1284] , 4.74432, -0.0307474, -0.203244, -0.149165, -0.999682, 0.00477227, 0.010572, 0.0223721, 0, 0, 0, 0, 0, 0, 
[2025-02-03 17:53:09.748813] [0x0000007f5fea89a0] [MocapTag] [0x00005f2f] [1285] , 4.74432, -0.0307474, -0.203244, -0.149165, -0.999682, 0.00477227, 0.010572, 0.0223721, 0, -0.00238209, 0.0058964, 0.0367641, 0, 0, 
[2025-02-03 17:53:09.751511] [0x0000007f5fea89a0] [MocapTag] [0x00005f2f] [1286] , 4.74432, -0.0307474, -0.203244, -0.149165, -0.999682, 0.00477227, 0.010572, 0.0223721, 0, 0, 0, 0, 0, 0, 
[2025-02-03 17:53:09.754485] [0x0000007f5fea89a0] [MocapTag] [0x00005f2f] [1287] , 4.74432, -0.0308754, -0.203275, -0.149295, -0.999681, 0.0051227, 0.0111264, 0.0220907, 0, 0, 0, 0, 0, 0, 
[2025-02-03 17:53:09.757052] [0x0000007f5fea89a0] [MocapTag] [0x00005f2f] [1288] , 4.75431, -0.0308754, -0.203275, -0.149295, -0.999681, 0.0051227, 0.0111264, 0.0220907, -0.0128052, -0.00305718, -0.0130703, -0.0719786, 0.109589, -0.0549261, 
[2025-02-03 17:53:09.759839] [0x0000007f5fea89a0] [MocapTag] [0x00005f2f] [1289] , 4.75431, -0.0308754, -0.203275, -0.149295, -0.999681, 0.0051227, 0.0111264, 0.0220907, 0, 0, 0, 0, 0, 0, 
[2025-02-03 17:53:09.763667] [0x0000007f5fea89a0] [MocapTag] [0x00005f2f] [1290] , 4.75431, -0.0308754, -0.203275, -0.149295, -0.999681, 0.0051227, 0.0111264, 0.0220907, 0, 0, 0, 0, 0, 0, 
[2025-02-03 17:53:09.766168] [0x0000007f5fea89a0] [MocapTag] [0x00005f2f] [1291] , 4.76432, -0.030765, -0.203198, -0.149243, -0.999679, 0.00510001, 0.0108193, 0.0223375, 0, 0, 0, 0, 0, 0, 
[2025-02-03 17:53:09.769171] [0x0000007f5fea89a0] [MocapTag] [0x00005f2f] [1292] , 4.76432, -0.030765, -0.203198, -0.149243, -0.999679, 0.00510001, 0.0108193, 0.0223375, 0.0110482, 0.00767434, 0.00521361, 0, -0.0615774, 0.0489883, 
[2025-02-03 17:53:09.771811] [0x0000007f5fea89a0] [MocapTag] [0x00005f2f] [1293] , 4.76432, -0.030765, -0.203198, -0.149243, -0.999679, 0.00510001, 0.0108193, 0.0223375, 0, 0, 0, 0, 0, 0, 
[2025-02-03 17:53:09.775882] [0x0000007f5fea89a0] [MocapTag] [0x00005f2f] [1294] , 4.77434, -0.0307564, -0.203195, -0.149101, -0.999683, 0.0047067, 0.0106028, 0.02235, 0, 0, 0, 0, 0, 0, 
[2025-02-03 17:53:09.779630] [0x0000007f5fea89a0] [MocapTag] [0x00005f2f] [1295] , 4.77434, -0.0307564, -0.203195, -0.149101, -0.999683, 0.0047067, 0.0106028, 0.02235, 0, 0, 0.0141884, 0.079608, -0.0415441, 0, 
[2025-02-03 17:53:09.782527] [0x0000007f5fea89a0] [MocapTag] [0x00005f2f] [1296] , 4.77434, -0.0307564, -0.203195, -0.149101, -0.999683, 0.0047067, 0.0106028, 0.02235, 0, 0, 0, 0, 0, 0, 
[2025-02-03 17:53:09.785239] [0x0000007f5fea89a0] [MocapTag] [0x00005f2f] [1297] , 4.78432, -0.0306675, -0.20331, -0.149039, -0.999672, 0.00468306, 0.0115387, 0.022361, 0, 0, 0, 0, 0, 0, 
[2025-02-03 17:53:09.788640] [0x0000007f5fea89a0] [MocapTag] [0x00005f2f] [1298] , 4.78432, -0.0306675, -0.20331, -0.149039, -0.999672, 0.00468306, 0.0115387, 0.022361, 0.00889085, -0.0114427, 0.00622353, 0, 0.187246, 0, 
[2025-02-03 17:53:09.792063] [0x0000007f5fea89a0] [MocapTag] [0x00005f2f] [1299] , 4.78432, -0.0306675, -0.20331, -0.149039, -0.999672, 0.00468306, 0.0115387, 0.022361, 0, 0, 0, 0, 0, 0, 
[2025-02-03 17:53:09.795171] [0x0000007f5fea89a0] [MocapTag] [0x00005f2f] [1300] , 4.79433, -0.030891, -0.202758, -0.149656, -0.999716, 0.00584993, 0.00872182, 0.0213931, 0, 0, 0, 0, 0, 0, 
[2025-02-03 17:53:09.798326] [0x0000007f5fea89a0] [MocapTag] [0x00005f2f] [1301] , 4.79433, -0.030891, -0.202758, -0.149656, -0.999716, 0.00584993, 0.00872182, 0.0213931, -0.0223529, 0.0551979, -0.0617059, -0.218987, -0.567323, -0.194662, 
[2025-02-03 17:53:09.801928] [0x0000007f5fea89a0] [MocapTag] [0x00005f2f] [1302] , 4.79433, -0.030891, -0.202758, -0.149656, -0.999716, 0.00584993, 0.00872182, 0.0213931, 0, 0, 0, 0, 0, 0, 
[2025-02-03 17:53:09.803179] [0x0000007f5fea89a0] [MocapTag] [0x00005f2f] [1303] , 4.79433, -0.0307794, -0.202694, -0.149704, -0.999727, 0.00538366, 0.00825917, 0.0211808, 0, 0, 0, 0, 0, 0, 
[2025-02-03 17:53:09.806316] [0x0000007f5fea89a0] [MocapTag] [0x00005f2f] [1304] , 4.80433, -0.0307794, -0.202694, -0.149704, -0.999727, 0.00538366, 0.00825917, 0.0211808, 0.0111569, 0.00632909, -0.00473837, 0.095582, -0.0902751, -0.0438355, 
[2025-02-03 17:53:09.810324] [0x0000007f5fea89a0] [MocapTag] [0x00005f2f] [1305] , 4.80433, -0.0307794, -0.202694, -0.149704, -0.999727, 0.00538366, 0.00825917, 0.0211808, 0, 0, 0, 0, 0, 0, 
[2025-02-03 17:53:09.812913] [0x0000007f5fea89a0] [MocapTag] [0x00005f2f] [1306] , 4.80433, -0.0307794, -0.202694, -0.149704, -0.999727, 0.00538366, 0.00825917, 0.0211808, 0, 0, 0, 0, 0, 0, 
[2025-02-03 17:53:09.815672] [0x0000007f5fea89a0] [MocapTag] [0x00005f2f] [1307] , 4.81433, -0.0306699, -0.20279, -0.149031, -0.999699, 0.00653408, 0.0096177, 0.0216088, 0, 0, 0, 0, 0, 0, 
[2025-02-03 17:53:09.818483] [0x0000007f5fea89a0] [MocapTag] [0x00005f2f] [1308] , 4.81433, -0.0306699, -0.20279, -0.149031, -0.999699, 0.00653408, 0.0096177, 0.0216088, 0.0109491, -0.00959144, 0.0672903, -0.236678, 0.266187, 0.0894397, 
[2025-02-03 17:53:09.821021] [0x0000007f5fea89a0] [MocapTag] [0x00005f2f] [1309] , 4.81433, -0.0306699, -0.20279, -0.149031, -0.999699, 0.00653408, 0.0096177, 0.0216088, 0, 0, 0, 0, 0, 0, 
[2025-02-03 17:53:09.823643] [0x0000007f5fea89a0] [MocapTag] [0x00005f2f] [1310] , 4.81433, -0.0308237, -0.202519, -0.149258, -0.999721, 0.00608806, 0.00787385, 0.0214276, 0, 0, 0, 0, 0, 0, 
[2025-02-03 17:53:09.826986] [0x0000007f5fea89a0] [MocapTag] [0x00005f2f] [1311] , 4.82433, -0.0308237, -0.202519, -0.149258, -0.999721, 0.00608806, 0.00787385, 0.0214276, -0.0153763, 0.027107, -0.0227151, 0.097084, -0.346534, -0.0394229, 
[2025-02-03 17:53:09.830848] [0x0000007f5fea89a0] [MocapTag] [0x00005f2f] [1312] , 4.82433, -0.0308237, -0.202519, -0.149258, -0.999721, 0.00608806, 0.00787385, 0.0214276, 0, 0, 0, 0, 0, 0, 
[2025-02-03 17:53:09.832292] [0x0000007f5fea89a0] [MocapTag] [0x00005f2f] [1313] , 4.82433, -0.0308237, -0.202519, -0.149258, -0.999721, 0.00608806, 0.00787385, 0.0214276, 0, 0, 0, 0, 0, 0, 
[2025-02-03 17:53:09.834926] [0x0000007f5fea89a0] [MocapTag] [0x00005f2f] [1314] , 4.83432, -0.0308468, -0.203014, -0.149637, -0.999716, 0.00574069, 0.00840308, 0.0215411, 0, 0, 0, 0, 0, 0, 
[2025-02-03 17:53:09.837703] [0x0000007f5fea89a0] [MocapTag] [0x00005f2f] [1315] , 4.83432, -0.0308468, -0.203014, -0.149637, -0.999716, 0.00574069, 0.00840308, 0.0215411, -0.00230922, -0.0495258, -0.037933, 0.0669956, 0.107182, 0, 
[2025-02-03 17:53:09.842192] [0x0000007f5fea89a0] [MocapTag] [0x00005f2f] [1316] , 4.83432, -0.0308468, -0.203014, -0.149637, -0.999716, 0.00574069, 0.00840308, 0.0215411, 0, 0, 0, 0, 0, 0, 
[2025-02-03 17:53:09.845987] [0x0000007f5fea89a0] [MocapTag] [0x00005f2f] [1317] , 4.84432, -0.0306452, -0.203081, -0.149711, -0.999723, 0.00530309, 0.00858631, 0.0212516, 0, 0, 0, 0, 0, 0, 
[2025-02-03 17:53:09.847534] [0x0000007f5fea89a0] [MocapTag] [0x00005f2f] [1318] , 4.84432, -0.0306452, -0.203081, -0.149711, -0.999723, 0.00530309, 0.00858631, 0.0212516, 0.0201626, -0.00662096, -0.00734147, 0.0871897, 0.0388457, -0.0584211, 
[2025-02-03 17:53:09.850255] [0x0000007f5fea89a0] [MocapTag] [0x00005f2f] [1319] , 4.84432, -0.0306452, -0.203081, -0.149711, -0.999723, 0.00530309, 0.00858631, 0.0212516, 0, 0, 0, 0, 0, 0, 
[2025-02-03 17:53:09.852908] [0x0000007f5fea89a0] [MocapTag] [0x00005f2f] [1320] , 4.84432, -0.0306295, -0.203098, -0.149753, -0.99972, 0.00521234, 0.00902516, 0.0212477, 0, 0, 0, 0, 0, 0, 
[2025-02-03 17:53:09.857722] [0x0000007f5fea89a0] [MocapTag] [0x00005f2f] [1321] , 4.85432, -0.0306295, -0.203098, -0.149753, -0.99972, 0.00521234, 0.00902516, 0.0212477, 0, 0, -0.00422608, 0, 0.0881433, 0, 
[2025-02-03 17:53:09.860284] [0x0000007f5fea89a0] [MocapTag] [0x00005f2f] [1322] , 4.85432, -0.0306295, -0.203098, -0.149753, -0.99972, 0.00521234, 0.00902516, 0.0212477, 0, 0, 0, 0, 0, 0, 
[2025-02-03 17:53:09.862965] [0x0000007f5fea89a0] [MocapTag] [0x00005f2f] [1323] , 4.85432, -0.0304283, -0.203263, -0.149392, -0.999696, 0.004548, 0.010375, 0.0219179, 0, 0, 0, 0, 0, 0, 
[2025-02-03 17:53:09.865855] [0x0000007f5fea89a0] [MocapTag] [0x00005f2f] [1324] , 4.86432, -0.0304283, -0.203263, -0.149392, -0.999696, 0.004548, 0.010375, 0.0219179, 0.0201256, -0.0165549, 0.0360428, 0.125694, 0.272096, 0.134302, 
[2025-02-03 17:53:09.868532] [0x0000007f5fea89a0] [MocapTag] [0x00005f2f] [1325] , 4.86432, -0.0304283, -0.203263, -0.149392, -0.999696, 0.004548, 0.010375, 0.0219179, 0, 0, 0, 0, 0, 0, 
[2025-02-03 17:53:09.871075] [0x0000007f5fea89a0] [MocapTag] [0x00005f2f] [1326] , 4.86432, -0.0304283, -0.203263, -0.149392, -0.999696, 0.004548, 0.010375, 0.0219179, 0, 0, 0, 0, 0, 0, 
[2025-02-03 17:53:09.875043] [0x0000007f5fea89a0] [MocapTag] [0x00005f2f] [1327] , 4.87433, -0.0303436, -0.2032, -0.149245, -0.999687, 0.00453424, 0.0110779, 0.0219709, 0, 0, 0, 0, 0, 0, 
[2025-02-03 17:53:09.877648] [0x0000007f5fea89a0] [MocapTag] [0x00005f2f] [1328] , 4.87433, -0.0303436, -0.2032, -0.149245, -0.999687, 0.00453424, 0.0110779, 0.0219709, 0.00846982, 0.00630286, 0.0147457, 0, 0.140563, 0, 
[2025-02-03 17:53:09.880180] [0x0000007f5fea89a0] [MocapTag] [0x00005f2f] [1329] , 4.87433, -0.0303436, -0.2032, -0.149245, -0.999687, 0.00453424, 0.0110779, 0.0219709, 0, 0, 0, 0, 0, 0, 
[2025-02-03 17:53:09.882904] [0x0000007f5fea89a0] [MocapTag] [0x00005f2f] [1330] , 4.87433, -0.0303436, -0.2032, -0.149245, -0.999687, 0.00453424, 0.0110779, 0.0219709, 0, 0, 0, 0, 0, 0, 
[2025-02-03 17:53:09.885509] [0x0000007f5fea89a0] [MocapTag] [0x00005f2f] [1331] , 4.88439, -0.0305639, -0.203296, -0.149322, -0.999697, 0.0046557, 0.0105437, 0.0217694, 0, 0, 0, 0, 0, 0, 
[2025-02-03 17:53:09.890051] [0x0000007f5fea89a0] [MocapTag] [0x00005f2f] [1332] , 4.88439, -0.0305639, -0.203296, -0.149322, -0.999697, 0.0046557, 0.0105437, 0.0217694, -0.0220297, -0.00956231, -0.00769321, 0, -0.107149, -0.040631, 
[2025-02-03 17:53:09.894343] [0x0000007f5fea89a0] [MocapTag] [0x00005f2f] [1333] , 4.88439, -0.0305639, -0.203296, -0.149322, -0.999697, 0.0046557, 0.0105437, 0.0217694, 0, 0, 0, 0, 0, 0, 
[2025-02-03 17:53:09.895732] [0x0000007f5fea89a0] [MocapTag] [0x00005f2f] [1334] , 4.89433, -0.0305529, -0.203334, -0.149259, -0.999698, 0.00442272, 0.0104554, 0.0217987, 0, 0, 0, 0, 0, 0, 
[2025-02-03 17:53:09.898721] [0x0000007f5fea89a0] [MocapTag] [0x00005f2f] [1335] , 4.89433, -0.0305529, -0.203334, -0.149259, -0.999698, 0.00442272, 0.0104554, 0.0217987, 0, -0.00379385, 0.00627094, 0.0469208, 0, 0, 
[2025-02-03 17:53:09.901827] [0x0000007f5fea89a0] [MocapTag] [0x00005f2f] [1336] , 4.89433, -0.0305529, -0.203334, -0.149259, -0.999698, 0.00442272, 0.0104554, 0.0217987, 0, 0, 0, 0, 0, 0, 
[2025-02-03 17:53:09.906339] [0x0000007f5fea89a0] [MocapTag] [0x00005f2f] [1337] , 4.90433, -0.0306638, -0.203335, -0.149423, -0.999695, 0.00485734, 0.0111242, 0.0214994, 0, 0, 0, 0, 0, 0, 
[2025-02-03 17:53:09.909294] [0x0000007f5fea89a0] [MocapTag] [0x00005f2f] [1338] , 4.90433, -0.0306638, -0.203335, -0.149423, -0.999695, 0.00485734, 0.0111242, 0.0214994, -0.0110914, 0, -0.0164071, -0.0892162, 0.132138, -0.0582382, 
[2025-02-03 17:53:09.912408] [0x0000007f5fea89a0] [MocapTag] [0x00005f2f] [1339] , 4.90433, -0.0306638, -0.203335, -0.149423, -0.999695, 0.00485734, 0.0111242, 0.0214994, 0, 0, 0, 0, 0, 0, 
[2025-02-03 17:53:09.915135] [0x0000007f5fea89a0] [MocapTag] [0x00005f2f] [1340] , 4.91431, -0.0305749, -0.203406, -0.149523, -0.999683, 0.00433463, 0.0118127, 0.0217835, 0, 0, 0, 0, 0, 0, 
[2025-02-03 17:53:09.917919] [0x0000007f5fea89a0] [MocapTag] [0x00005f2f] [1341] , 4.91431, -0.0305749, -0.203406, -0.149523, -0.999683, 0.00433463, 0.0118127, 0.0217835, 0.00888722, -0.00709957, -0.0099712, 0.100899, 0.139665, 0.0563975, 
[2025-02-03 17:53:09.922457] [0x0000007f5fea89a0] [MocapTag] [0x00005f2f] [1342] , 4.91431, -0.0305749, -0.203406, -0.149523, -0.999683, 0.00433463, 0.0118127, 0.0217835, 0, 0, 0, 0, 0, 0, 
[2025-02-03 17:53:09.925098] [0x0000007f5fea89a0] [MocapTag] [0x00005f2f] [1343] , 4.92432, -0.0308741, -0.203459, -0.1495, -0.999675, 0.00551681, 0.0117684, 0.0219445, 0, 0, 0, 0, 0, 0, 
[2025-02-03 17:53:09.927937] [0x0000007f5fea89a0] [MocapTag] [0x00005f2f] [1344] , 4.92432, -0.0308741, -0.203459, -0.1495, -0.999675, 0.00551681, 0.0117684, 0.0219445, -0.0299198, -0.00536622, 0.00229984, -0.236607, 0, 0.0349093, 
[2025-02-03 17:53:09.930669] [0x0000007f5fea89a0] [MocapTag] [0x00005f2f] [1345] , 4.92432, -0.0308741, -0.203459, -0.1495, -0.999675, 0.00551681, 0.0117684, 0.0219445, 0, 0, 0, 0, 0, 0, 
[2025-02-03 17:53:09.933211] [0x0000007f5fea89a0] [MocapTag] [0x00005f2f] [1346] , 4.92432, -0.0303654, -0.203512, -0.149395, -0.999683, 0.00557749, 0.0125319, 0.0211247, 0, 0, 0, 0, 0, 0, 
[2025-02-03 17:53:09.937828] [0x0000007f5fea89a0] [MocapTag] [0x00005f2f] [1347] , 4.93432, -0.0303654, -0.203512, -0.149395, -0.999683, 0.00557749, 0.0125319, 0.0211247, 0.05087, -0.00522658, 0.0105037, 0, 0.153359, -0.162906, 
[2025-02-03 17:53:09.942743] [0x0000007f5fea89a0] [MocapTag] [0x00005f2f] [1348] , 4.93432, -0.0303654, -0.203512, -0.149395, -0.999683, 0.00557749, 0.0125319, 0.0211247, 0, 0, 0, 0, 0, 0, 
[2025-02-03 17:53:09.943302] [0x0000007f5fea89a0] [MocapTag] [0x00005f2f] [1349] , 4.93432, -0.0307921, -0.2031, -0.150091, -0.999712, 0.00605976, 0.0104931, 0.0207146, 0, 0, 0, 0, 0, 0, 
[2025-02-03 17:53:09.946084] [0x0000007f5fea89a0] [MocapTag] [0x00005f2f] [1350] , 4.94433, -0.0307921, -0.2031, -0.150091, -0.999712, 0.00605976, 0.0104931, 0.0207146, -0.0426654, 0.0411192, -0.0696416, -0.0869036, -0.409215, -0.0836246, 
[2025-02-03 17:53:09.948726] [0x0000007f5fea89a0] [MocapTag] [0x00005f2f] [1351] , 4.94433, -0.0307921, -0.2031, -0.150091, -0.999712, 0.00605976, 0.0104931, 0.0207146, 0, 0, 0, 0, 0, 0, 
[2025-02-03 17:53:09.953936] [0x0000007f5fea89a0] [MocapTag] [0x00005f2f] [1352] , 4.94433, -0.0307921, -0.2031, -0.150091, -0.999712, 0.00605976, 0.0104931, 0.0207146, 0, 0, 0, 0, 0, 0, 
[2025-02-03 17:53:09.956436] [0x0000007f5fea89a0] [MocapTag] [0x00005f2f] [1353] , 4.95433, -0.0308994, -0.202477, -0.14925, -0.999732, 0.00565277, 0.00688974, 0.0213871, 0, 0, 0, 0, 0, 0, 
[2025-02-03 17:53:09.958724] [0x0000007f5fea89a0] [MocapTag] [0x00005f2f] [1354] , 4.95433, -0.0308994, -0.202477, -0.14925, -0.999732, 0.00565277, 0.00688974, 0.0213871, -0.0107327, 0.0623794, 0.0841174, 0.0955343, -0.719623, 0.12923, 
[2025-02-03 17:53:09.961697] [0x0000007f5fea89a0] [MocapTag] [0x00005f2f] [1355] , 4.95433, -0.0308994, -0.202477, -0.14925, -0.999732, 0.00565277, 0.00688974, 0.0213871, 0, 0, 0, 0, 0, 0, 
[2025-02-03 17:53:09.964371] [0x0000007f5fea89a0] [MocapTag] [0x00005f2f] [1356] , 4.95433, -0.0310663, -0.202537, -0.149224, -0.999717, 0.00607582, 0.0076965, 0.0216841, 0, 0, 0, 0, 0, 0, 
[2025-02-03 17:53:09.969237] [0x0000007f5fea89a0] [MocapTag] [0x00005f2f] [1357] , 4.96434, -0.0310663, -0.202537, -0.149224, -0.999717, 0.00607582, 0.0076965, 0.0216841, -0.0166886, -0.0060141, 0.00260811, -0.0885248, 0.159131, 0.0610445, 
[2025-02-03 17:53:09.971985] [0x0000007f5fea89a0] [MocapTag] [0x00005f2f] [1358] , 4.96434, -0.0310663, -0.202537, -0.149224, -0.999717, 0.00607582, 0.0076965, 0.0216841, 0, 0, 0, 0, 0, 0, 
[2025-02-03 17:53:09.974794] [0x0000007f5fea89a0] [MocapTag] [0x00005f2f] [1359] , 4.96434, -0.030821, -0.202935, -0.149313, -0.999694, 0.00496273, 0.0100636, 0.0220331, 0, 0, 0, 0, 0, 0, 
[2025-02-03 17:53:09.977723] [0x0000007f5fea89a0] [MocapTag] [0x00005f2f] [1360] , 4.97434, -0.030821, -0.202935, -0.149313, -0.999694, 0.00496273, 0.0100636, 0.0220331, 0.0245245, -0.0398409, -0.00891346, 0.211573, 0.477791, 0.0707585, 
[2025-02-03 17:53:09.980044] [0x0000007f5fea89a0] [MocapTag] [0x00005f2f] [1361] , 4.97434, -0.030821, -0.202935, -0.149313, -0.999694, 0.00496273, 0.0100636, 0.0220331, 0, 0, 0, 0, 0, 0, 
[2025-02-03 17:53:09.984854] [0x0000007f5fea89a0] [MocapTag] [0x00005f2f] [1362] , 4.98433, -0.030821, -0.202935, -0.149313, -0.999694, 0.00496273, 0.0100636, 0.0220331, 0, 0, 0, 0, 0, 0, 
[2025-02-03 17:53:09.987539] [0x0000007f5fea89a0] [MocapTag] [0x00005f2f] [1363] , 4.98433, -0.030848, -0.203181, -0.149487, -0.999701, 0.00492444, 0.0091554, 0.0221454, 0, 0, 0, 0, 0, 0, 
[2025-02-03 17:53:09.990331] [0x0000007f5fea89a0] [MocapTag] [0x00005f2f] [1364] , 4.98433, -0.030848, -0.203181, -0.149487, -0.999701, 0.00492444, 0.0091554, 0.0221454, -0.00270056, -0.0246031, -0.0173765, 0, -0.181543, 0, 
[2025-02-03 17:53:09.996742] [0x0000007f5fea89a0] [MocapTag] [0x00005f2f] [1365] , 4.99433, -0.0307335, -0.203183, -0.149398, -0.999694, 0.0048072, 0.00958816, 0.0222783, 0, 0, 0, 0, 0, 0, 
[2025-02-03 17:53:09.997303] [0x0000007f5fea89a0] [MocapTag] [0x00005f2f] [1366] , 4.99433, -0.0307335, -0.203183, -0.149398, -0.999694, 0.0048072, 0.00958816, 0.0222783, 0.0114481, 0, 0.00886526, 0, 0.08692, 0, 
[2025-02-03 17:53:09.999664] [0x0000007f5fea89a0] [MocapTag] [0x00005f2f] [1367] , 4.99433, -0.0307335, -0.203183, -0.149398, -0.999694, 0.0048072, 0.00958816, 0.0222783, 0, 0, 0, 0, 0, 0, 
[2025-02-03 17:53:10.002037] [0x0000007f5fea89a0] [MocapTag] [0x00005f2f] [1368] , 4.99433, -0.0307335, -0.203183, -0.149398, -0.999694, 0.0048072, 0.00958816, 0.0222783, 0, 0, 0, 0, 0, 0, 
[2025-02-03 17:53:10.004666] [0x0000007f5fea89a0] [MocapTag] [0x00005f2f] [1369] , 5.00434, -0.0307503, -0.203101, -0.149387, -0.999697, 0.0047234, 0.00938976, 0.0222675, 0, 0, 0, 0, 0, 0, 
[2025-02-03 17:53:10.007619] [0x0000007f5fea89a0] [MocapTag] [0x00005f2f] [1370] , 5.00434, -0.0307503, -0.203101, -0.149387, -0.999697, 0.0047234, 0.00938976, 0.0222675, 0, 0.00824867, 0, 0, -0.0392864, 0, 
[2025-02-03 17:53:10.010186] [0x0000007f5fea89a0] [MocapTag] [0x00005f2f] [1371] , 5.00434, -0.0307503, -0.203101, -0.149387, -0.999697, 0.0047234, 0.00938976, 0.0222675, 0, 0, 0, 0, 0, 0, 
[2025-02-03 17:53:10.014641] [0x0000007f5fea89a0] [MocapTag] [0x00005f2f] [1372] , 5.00434, -0.0307503, -0.203101, -0.149387, -0.999697, 0.0047234, 0.00938976, 0.0222675, 0, 0, 0, 0, 0, 0, 
[2025-02-03 17:53:10.017256] [0x0000007f5fea89a0] [MocapTag] [0x00005f2f] [1373] , 5.01432, -0.0306086, -0.203142, -0.149263, -0.999683, 0.00488615, 0.0103972, 0.0223851, 0, 0, 0, 0, 0, 0, 
[2025-02-03 17:53:10.020115] [0x0000007f5fea89a0] [MocapTag] [0x00005f2f] [1374] , 5.01432, -0.0306086, -0.203142, -0.149263, -0.999683, 0.00488615, 0.0103972, 0.0223851, 0.0141675, -0.00416744, 0.0124616, -0.0373125, 0.200599, 0, 
[2025-02-03 17:53:10.022702] [0x0000007f5fea89a0] [MocapTag] [0x00005f2f] [1375] , 5.01432, -0.0306086, -0.203142, -0.149263, -0.999683, 0.00488615, 0.0103972, 0.0223851, 0, 0, 0, 0, 0, 0, 
[2025-02-03 17:53:10.025446] [0x0000007f5fea89a0] [MocapTag] [0x00005f2f] [1376] , 5.02433, -0.0307741, -0.2032, -0.149193, -0.99968, 0.00497895, 0.0106629, 0.0223754, 0, 0, 0, 0, 0, 0, 
[2025-02-03 17:53:10.029843] [0x0000007f5fea89a0] [MocapTag] [0x00005f2f] [1377] , 5.02433, -0.0307741, -0.2032, -0.149193, -0.99968, 0.00497895, 0.0106629, 0.0223754, -0.0165477, -0.00579289, 0.00692031, 0, 0.0527263, 0, 
[2025-02-03 17:53:10.032598] [0x0000007f5fea89a0] [MocapTag] [0x00005f2f] [1378] , 5.02433, -0.0307741, -0.2032, -0.149193, -0.99968, 0.00497895, 0.0106629, 0.0223754, 0, 0, 0, 0, 0, 0, 
[2025-02-03 17:53:10.060391] [0x0000007f5fea89a0] [MocapTag] [0x00005f2f] [1379] , 5.0543, -0.0307794, -0.203218, -0.149207, -0.999682, 0.00495101, 0.0106306, 0.0223286, 0, 0, 0, 0, 0, 0, 
[2025-02-03 17:53:10.060990] [0x0000007f5fea89a0] [MocapTag] [0x00005f2f] [1380] , 5.0543, -0.0307794, -0.203218, -0.149207, -0.999682, 0.00495101, 0.0106306, 0.0223286, 0, 0, 0, 0, 0, 0, 
[2025-02-03 17:53:10.061597] [0x0000007f5fea89a0] [MocapTag] [0x00005f2f] [1381] , 5.0543, -0.0307743, -0.203265, -0.149131, -0.999684, 0.00469912, 0.0104948, 0.0223428, 0, 0, 0, 0, 0, 0, 
[2025-02-03 17:53:10.062264] [0x0000007f5fea89a0] [MocapTag] [0x00005f2f] [1382] , 5.0543, -0.0307743, -0.203265, -0.149131, -0.999684, 0.00469912, 0.0104948, 0.0223428, 0, -0.00474709, 0.00765205, 0.0509501, 0, 0, 
[2025-02-03 17:53:10.062863] [0x0000007f5fea89a0] [MocapTag] [0x00005f2f] [1383] , 5.0543, -0.0307743, -0.203265, -0.149131, -0.999684, 0.00469912, 0.0104948, 0.0223428, 0, 0, 0, 0, 0, 0, 
[2025-02-03 17:53:10.063435] [0x0000007f5fea89a0] [MocapTag] [0x00005f2f] [1384] , 5.0543, -0.0307701, -0.203283, -0.149235, -0.999685, 0.00495517, 0.0110264, 0.0219803, 0, 0, 0, 0, 0, 0, 
[2025-02-03 17:53:10.063893] [0x0000007f5fea89a0] [MocapTag] [0x00005f2f] [1385] , 5.0543, -0.0307701, -0.203283, -0.149235, -0.999685, 0.00495517, 0.0110264, 0.0219803, 0, 0, -0.010471, -0.0528097, 0.105527, -0.0714023, 
[2025-02-03 17:53:10.064296] [0x0000007f5fea89a0] [MocapTag] [0x00005f2f] [1386] , 5.0543, -0.0307701, -0.203283, -0.149235, -0.999685, 0.00495517, 0.0110264, 0.0219803, 0, 0, 0, 0, 0, 0, 
[2025-02-03 17:53:10.064608] [0x0000007f5fea89a0] [MocapTag] [0x00005f2f] [1387] , 5.06433, -0.030494, -0.203229, -0.149323, -0.999695, 0.00536418, 0.0113198, 0.0212898, 0, 0, 0, 0, 0, 0, 
[2025-02-03 17:53:10.066037] [0x0000007f5fea89a0] [MocapTag] [0x00005f2f] [1388] , 5.06433, -0.030494, -0.203229, -0.149323, -0.999695, 0.00536418, 0.0113198, 0.0212898, 0.0276103, 0.00530763, -0.00880427, -0.0815392, 0.0576509, -0.136903, 
[2025-02-03 17:53:10.068572] [0x0000007f5fea89a0] [MocapTag] [0x00005f2f] [1389] , 5.06433, -0.030494, -0.203229, -0.149323, -0.999695, 0.00536418, 0.0113198, 0.0212898, 0, 0, 0, 0, 0, 0, 
[2025-02-03 17:53:10.071140] [0x0000007f5fea89a0] [MocapTag] [0x00005f2f] [1390] , 5.06433, -0.030494, -0.203229, -0.149323, -0.999695, 0.00536418, 0.0113198, 0.0212898, 0, 0, 0, 0, 0, 0, 
[2025-02-03 17:53:10.075754] [0x0000007f5fea89a0] [MocapTag] [0x00005f2f] [1391] , 5.07431, -0.0307797, -0.203084, -0.148991, -0.999686, 0.0055618, 0.00998222, 0.0222954, 0, 0, 0, 0, 0, 0, 
[2025-02-03 17:53:10.078822] [0x0000007f5fea89a0] [MocapTag] [0x00005f2f] [1392] , 5.07431, -0.0307797, -0.203084, -0.148991, -0.999686, 0.0055618, 0.00998222, 0.0222954, -0.0285667, 0.0145035, 0.0332624, -0.0357628, -0.269476, 0.199952, 
[2025-02-03 17:53:10.083691] [0x0000007f5fea89a0] [MocapTag] [0x00005f2f] [1393] , 5.07431, -0.0307797, -0.203084, -0.148991, -0.999686, 0.0055618, 0.00998222, 0.0222954, 0, 0, 0, 0, 0, 0, 
[2025-02-03 17:53:10.085945] [0x0000007f5fea89a0] [MocapTag] [0x00005f2f] [1394] , 5.08436, -0.0308867, -0.203069, -0.148882, -0.999709, 0.00680502, 0.00816808, 0.0216339, 0, 0, 0, 0, 0, 0, 
[2025-02-03 17:53:10.087788] [0x0000007f5fea89a0] [MocapTag] [0x00005f2f] [1395] , 5.08436, -0.0308867, -0.203069, -0.148882, -0.999709, 0.00680502, 0.00816808, 0.0216339, -0.0107023, 0, 0.0108988, -0.239396, -0.367377, -0.132577, 
[2025-02-03 17:53:10.091281] [0x0000007f5fea89a0] [MocapTag] [0x00005f2f] [1396] , 5.08436, -0.0308867, -0.203069, -0.148882, -0.999709, 0.00680502, 0.00816808, 0.0216339, 0, 0, 0, 0, 0, 0, 
[2025-02-03 17:53:10.094075] [0x0000007f5fea89a0] [MocapTag] [0x00005f2f] [1397] , 5.08436, -0.0308803, -0.203085, -0.148893, -0.999709, 0.0067702, 0.00809806, 0.0216688, 0, 0, 0, 0, 0, 0, 
[2025-02-03 17:53:10.096849] [0x0000007f5fea89a0] [MocapTag] [0x00005f2f] [1398] , 5.09433, -0.0308803, -0.203085, -0.148893, -0.999709, 0.0067702, 0.00809806, 0.0216688, 0, 0, 0, 0, 0, 0, 
[2025-02-03 17:53:10.099459] [0x0000007f5fea89a0] [MocapTag] [0x00005f2f] [1399] , 5.09433, -0.0308803, -0.203085, -0.148893, -0.999709, 0.0067702, 0.00809806, 0.0216688, 0, 0, 0, 0, 0, 0, 
[2025-02-03 17:53:10.102084] [0x0000007f5fea89a0] [MocapTag] [0x00005f2f] [1400] , 5.09433, -0.0308803, -0.203085, -0.148893, -0.999709, 0.0067702, 0.00809806, 0.0216688, 0, 0, 0, 0, 0, 0, 
[2025-02-03 17:53:10.106539] [0x0000007f5fea89a0] [MocapTag] [0x00005f2f] [1401] , 5.10433, -0.0305708, -0.20305, -0.14935, -0.999708, 0.00597767, 0.00999512, 0.0211795, 0, 0, 0, 0, 0, 0, 
[2025-02-03 17:53:10.109434] [0x0000007f5fea89a0] [MocapTag] [0x00005f2f] [1402] , 5.10433, -0.0305708, -0.20305, -0.14935, -0.999708, 0.00597767, 0.00999512, 0.0211795, 0.0309537, 0.00354927, -0.045724, 0.151181, 0.38338, -0.0966623, 
[2025-02-03 17:53:10.112241] [0x0000007f5fea89a0] [MocapTag] [0x00005f2f] [1403] , 5.10433, -0.0305708, -0.20305, -0.14935, -0.999708, 0.00597767, 0.00999512, 0.0211795, 0, 0, 0, 0, 0, 0, 
[2025-02-03 17:53:10.114667] [0x0000007f5fea89a0] [MocapTag] [0x00005f2f] [1404] , 5.11433, -0.0306901, -0.203066, -0.149397, -0.999703, 0.0058727, 0.0101439, 0.021352, 0, 0, 0, 0, 0, 0, 
[2025-02-03 17:53:10.117595] [0x0000007f5fea89a0] [MocapTag] [0x00005f2f] [1405] , 5.11433, -0.0306901, -0.203066, -0.149397, -0.999703, 0.0058727, 0.0101439, 0.021352, -0.011931, 0, -0.00469915, 0, 0, 0, 
[2025-02-03 17:53:10.122089] [0x0000007f5fea89a0] [MocapTag] [0x00005f2f] [1406] , 5.11433, -0.0306901, -0.203066, -0.149397, -0.999703, 0.0058727, 0.0101439, 0.021352, 0, 0, 0, 0, 0, 0, 
[2025-02-03 17:53:10.125101] [0x0000007f5fea89a0] [MocapTag] [0x00005f2f] [1407] , 5.12433, -0.0307935, -0.203031, -0.149328, -0.999699, 0.00591707, 0.00993702, 0.0216346, 0, 0, 0, 0, 0, 0, 
[2025-02-03 17:53:10.127719] [0x0000007f5fea89a0] [MocapTag] [0x00005f2f] [1408] , 5.12433, -0.0307935, -0.203031, -0.149328, -0.999699, 0.00591707, 0.00993702, 0.0216346, -0.0103437, 0.00346332, 0.00691089, 0, -0.0418972, 0.0563662, 
[2025-02-03 17:53:10.130290] [0x0000007f5fea89a0] [MocapTag] [0x00005f2f] [1409] , 5.12433, -0.0307935, -0.203031, -0.149328, -0.999699, 0.00591707, 0.00993702, 0.0216346, 0, 0, 0, 0, 0, 0, 
[2025-02-03 17:53:10.132905] [0x0000007f5fea89a0] [MocapTag] [0x00005f2f] [1410] , 5.12433, -0.0306891, -0.202842, -0.149541, -0.999729, 0.00541597, 0.00820357, 0.0211094, 0, 0, 0, 0, 0, 0, 
[2025-02-03 17:53:10.137090] [0x0000007f5fea89a0] [MocapTag] [0x00005f2f] [1411] , 5.13434, -0.0306891, -0.202842, -0.149541, -0.999729, 0.00541597, 0.00820357, 0.0211094, 0.0104393, 0.0189007, -0.0213299, 0.108624, -0.343854, -0.108135, 
[2025-02-03 17:53:10.139721] [0x0000007f5fea89a0] [MocapTag] [0x00005f2f] [1412] , 5.13434, -0.0306891, -0.202842, -0.149541, -0.999729, 0.00541597, 0.00820357, 0.0211094, 0, 0, 0, 0, 0, 0, 
[2025-02-03 17:53:10.142410] [0x0000007f5fea89a0] [MocapTag] [0x00005f2f] [1413] , 5.13434, -0.0306891, -0.202842, -0.149541, -0.999729, 0.00541597, 0.00820357, 0.0211094, 0, 0, 0, 0, 0, 0, 
[2025-02-03 17:53:10.144902] [0x0000007f5fea89a0] [MocapTag] [0x00005f2f] [1414] , 5.14434, -0.0306667, -0.202884, -0.149614, -0.999727, 0.00530141, 0.00864882, 0.021047, 0, 0, 0, 0, 0, 0, 
[2025-02-03 17:53:10.147724] [0x0000007f5fea89a0] [MocapTag] [0x00005f2f] [1415] , 5.14434, -0.0306667, -0.202884, -0.149614, -0.999727, 0.00530141, 0.00864882, 0.021047, 0.00224454, -0.00419863, -0.00725102, 0, 0.089585, 0, 
[2025-02-03 17:53:10.150341] [0x0000007f5fea89a0] [MocapTag] [0x00005f2f] [1416] , 5.14434, -0.0306667, -0.202884, -0.149614, -0.999727, 0.00530141, 0.00864882, 0.021047, 0, 0, 0, 0, 0, 0, 
[2025-02-03 17:53:10.154752] [0x0000007f5fea89a0] [MocapTag] [0x00005f2f] [1417] , 5.15433, -0.0306669, -0.202908, -0.149653, -0.999726, 0.00522099, 0.00893172, 0.0210006, 0, 0, 0, 0, 0, 0, 
[2025-02-03 17:53:10.157717] [0x0000007f5fea89a0] [MocapTag] [0x00005f2f] [1418] , 5.15433, -0.0306669, -0.202908, -0.149653, -0.999726, 0.00522099, 0.00893172, 0.0210006, 0, -0.00241185, -0.00393732, 0, 0.0569586, 0, 
[2025-02-03 17:53:10.160286] [0x0000007f5fea89a0] [MocapTag] [0x00005f2f] [1419] , 5.15433, -0.0306669, -0.202908, -0.149653, -0.999726, 0.00522099, 0.00893172, 0.0210006, 0, 0, 0, 0, 0, 0, 
[2025-02-03 17:53:10.165682] [0x0000007f5fea89a0] [MocapTag] [0x00005f2f] [1420] , 5.16432, -0.0306669, -0.202908, -0.149653, -0.999726, 0.00522099, 0.00893172, 0.0210006, 0, 0, 0, 0, 0, 0, 
[2025-02-03 17:53:10.167030] [0x0000007f5fea89a0] [MocapTag] [0x00005f2f] [1421] , 5.16432, -0.0306582, -0.202854, -0.149788, -0.999729, 0.00540452, 0.00887357, 0.0208193, 0, 0, 0, 0, 0, 0, 
[2025-02-03 17:53:10.170032] [0x0000007f5fea89a0] [MocapTag] [0x00005f2f] [1422] , 5.16432, -0.0306582, -0.202854, -0.149788, -0.999729, 0.00540452, 0.00887357, 0.0208193, 0, 0.00545324, -0.0134554, -0.0361204, 0, -0.0360254, 
[2025-02-03 17:53:10.172706] [0x0000007f5fea89a0] [MocapTag] [0x00005f2f] [1423] , 5.16432, -0.0306582, -0.202854, -0.149788, -0.999729, 0.00540452, 0.00887357, 0.0208193, 0, 0, 0, 0, 0, 0, 
[2025-02-03 17:53:10.175599] [0x0000007f5fea89a0] [MocapTag] [0x00005f2f] [1424] , 5.17433, -0.0306666, -0.20285, -0.149826, -0.99973, 0.00551127, 0.00886037, 0.0207864, 0, 0, 0, 0, 0, 0, 
[2025-02-03 17:53:10.180435] [0x0000007f5fea89a0] [MocapTag] [0x00005f2f] [1425] , 5.17433, -0.0306666, -0.20285, -0.149826, -0.99973, 0.00551127, 0.00886037, 0.0207864, 0, 0, -0.00384122, 0, 0, 0, 
[2025-02-03 17:53:10.183287] [0x0000007f5fea89a0] [MocapTag] [0x00005f2f] [1426] , 5.17433, -0.0306666, -0.20285, -0.149826, -0.99973, 0.00551127, 0.00886037, 0.0207864, 0, 0, 0, 0, 0, 0, 
[2025-02-03 17:53:10.186108] [0x0000007f5fea89a0] [MocapTag] [0x00005f2f] [1427] , 5.18433, -0.0306897, -0.202843, -0.149835, -0.999729, 0.00555713, 0.00883823, 0.0208227, 0, 0, 0, 0, 0, 0, 
[2025-02-03 17:53:10.188977] [0x0000007f5fea89a0] [MocapTag] [0x00005f2f] [1428] , 5.18433, -0.0306897, -0.202843, -0.149835, -0.999729, 0.00555713, 0.00883823, 0.0208227, -0.0023027, 0, 0, 0, 0, 0, 
[2025-02-03 17:53:10.191696] [0x0000007f5fea89a0] [MocapTag] [0x00005f2f] [1429] , 5.18433, -0.0306897, -0.202843, -0.149835, -0.999729, 0.00555713, 0.00883823, 0.0208227, 0, 0, 0, 0, 0, 0, 
[2025-02-03 17:53:10.194338] [0x0000007f5fea89a0] [MocapTag] [0x00005f2f] [1430] , 5.18433, -0.0306757, -0.202858, -0.149807, -0.99973, 0.00548066, 0.00881215, 0.0208147, 0, 0, 0, 0, 0, 0, 
[2025-02-03 17:53:10.201640] [0x0000007f5fea89a0] [MocapTag] [0x00005f2f] [1431] , 5.19433, -0.0306757, -0.202858, -0.149807, -0.99973, 0.00548066, 0.00881215, 0.0208147, 0, 0, 0.00287468, 0, 0, 0, 
[2025-02-03 17:53:10.202222] [0x0000007f5fea89a0] [MocapTag] [0x00005f2f] [1432] , 5.19433, -0.0306757, -0.202858, -0.149807, -0.99973, 0.00548066, 0.00881215, 0.0208147, 0, 0, 0, 0, 0, 0, 
[2025-02-03 17:53:10.204573] [0x0000007f5fea89a0] [MocapTag] [0x00005f2f] [1433] , 5.19433, -0.0306611, -0.202849, -0.14983, -0.999728, 0.00547999, 0.00890808, 0.020834, 0, 0, 0, 0, 0, 0, 
[2025-02-03 17:53:10.209007] [0x0000007f5fea89a0] [MocapTag] [0x00005f2f] [1434] , 5.20434, -0.0306611, -0.202849, -0.14983, -0.999728, 0.00547999, 0.00890808, 0.020834, 0, 0, -0.00231505, 0, 0, 0, 
[2025-02-03 17:53:10.209921] [0x0000007f5fea89a0] [MocapTag] [0x00005f2f] [1435] , 5.20434, -0.0306611, -0.202849, -0.14983, -0.999728, 0.00547999, 0.00890808, 0.020834, 0, 0, 0, 0, 0, 0, 
[2025-02-03 17:53:10.215288] [0x0000007f5fea89a0] [MocapTag] [0x00005f2f] [1436] , 5.21431, -0.0306611, -0.202849, -0.14983, -0.999728, 0.00547999, 0.00890808, 0.020834, 0, 0, 0, 0, 0, 0, 
[2025-02-03 17:53:10.218055] [0x0000007f5fea89a0] [MocapTag] [0x00005f2f] [1437] , 5.21431, -0.0306472, -0.20285, -0.149755, -0.999728, 0.00530254, 0.00905272, 0.0208239, 0, 0, 0, 0, 0, 0, 
[2025-02-03 17:53:10.221165] [0x0000007f5fea89a0] [MocapTag] [0x00005f2f] [1438] , 5.21431, -0.0306472, -0.20285, -0.149755, -0.999728, 0.00530254, 0.00905272, 0.0208239, 0, 0, 0.00747236, 0, 0, 0, 
[2025-02-03 17:53:10.224005] [0x0000007f5fea89a0] [MocapTag] [0x00005f2f] [1439] , 5.21431, -0.0306578, -0.202844, -0.149755, -0.999728, 0.00533098, 0.0090097, 0.0208217, 0, 0, 0, 0, 0, 0, 
[2025-02-03 17:53:10.226848] [0x0000007f5fea89a0] [MocapTag] [0x00005f2f] [1440] , 5.22433, -0.0306578, -0.202844, -0.149755, -0.999728, 0.00533098, 0.0090097, 0.0208217, 0, 0, 0, 0, 0, 0, 
[2025-02-03 17:53:10.230722] [0x0000007f5fea89a0] [MocapTag] [0x00005f2f] [1441] , 5.22433, -0.0306578, -0.202844, -0.149755, -0.999728, 0.00533098, 0.0090097, 0.0208217, 0, 0, 0, 0, 0, 0, 
[2025-02-03 17:53:10.233300] [0x0000007f5fea89a0] [MocapTag] [0x00005f2f] [1442] , 5.22433, -0.0306484, -0.202927, -0.149708, -0.999725, 0.00518236, 0.00915963, 0.0209602, 0, 0, 0, 0, 0, 0, 
[2025-02-03 17:53:10.236160] [0x0000007f5fea89a0] [MocapTag] [0x00005f2f] [1443] , 5.23433, -0.0306484, -0.202927, -0.149708, -0.999725, 0.00518236, 0.00915963, 0.0209602, 0, -0.00831605, 0.00477334, 0, 0, 0, 
[2025-02-03 17:53:10.238951] [0x0000007f5fea89a0] [MocapTag] [0x00005f2f] [1444] , 5.23433, -0.0306484, -0.202927, -0.149708, -0.999725, 0.00518236, 0.00915963, 0.0209602, 0, 0, 0, 0, 0, 0, 
[2025-02-03 17:53:10.241519] [0x0000007f5fea89a0] [MocapTag] [0x00005f2f] [1445] , 5.23433, -0.0306484, -0.202927, -0.149708, -0.999725, 0.00518236, 0.00915963, 0.0209602, 0, 0, 0, 0, 0, 0, 
[2025-02-03 17:53:10.246116] [0x0000007f5fea89a0] [MocapTag] [0x00005f2f] [1446] , 5.24431, -0.0306371, -0.202951, -0.149707, -0.999725, 0.0051654, 0.00917363, 0.0209418, 0, 0, 0, 0, 0, 0, 
[2025-02-03 17:53:10.249833] [0x0000007f5fea89a0] [MocapTag] [0x00005f2f] [1447] , 5.24431, -0.0306371, -0.202951, -0.149707, -0.999725, 0.0051654, 0.00917363, 0.0209418, 0, -0.00237774, 0, 0, 0, 0, 
[2025-02-03 17:53:10.252784] [0x0000007f5fea89a0] [MocapTag] [0x00005f2f] [1448] , 5.24431, -0.0306371, -0.202951, -0.149707, -0.999725, 0.0051654, 0.00917363, 0.0209418, 0, 0, 0, 0, 0, 0, 
[2025-02-03 17:53:10.254574] [0x0000007f5fea89a0] [MocapTag] [0x00005f2f] [1449] , 5.24431, -0.0306373, -0.202961, -0.149723, -0.999725, 0.00523133, 0.00912217, 0.0209788, 0, 0, 0, 0, 0, 0, 
[2025-02-03 17:53:10.257379] [0x0000007f5fea89a0] [MocapTag] [0x00005f2f] [1450] , 5.25433, -0.0306373, -0.202961, -0.149723, -0.999725, 0.00523133, 0.00912217, 0.0209788, 0, 0, 0, 0, 0, 0, 
[2025-02-03 17:53:10.261819] [0x0000007f5fea89a0] [MocapTag] [0x00005f2f] [1451] , 5.25433, -0.0306373, -0.202961, -0.149723, -0.999725, 0.00523133, 0.00912217, 0.0209788, 0, 0, 0, 0, 0, 0, 
[2025-02-03 17:53:10.264506] [0x0000007f5fea89a0] [MocapTag] [0x00005f2f] [1452] , 5.25433, -0.0306328, -0.202963, -0.149725, -0.999724, 0.00523497, 0.00917492, 0.0209849, 0, 0, 0, 0, 0, 0, 
[2025-02-03 17:53:10.267354] [0x0000007f5fea89a0] [MocapTag] [0x00005f2f] [1453] , 5.26432, -0.0306328, -0.202963, -0.149725, -0.999724, 0.00523497, 0.00917492, 0.0209849, 0, 0, 0, 0, 0, 0, 
[2025-02-03 17:53:10.269917] [0x0000007f5fea89a0] [MocapTag] [0x00005f2f] [1454] , 5.26432, -0.0306328, -0.202963, -0.149725, -0.999724, 0.00523497, 0.00917492, 0.0209849, 0, 0, 0, 0, 0, 0, 
[2025-02-03 17:53:10.272530] [0x0000007f5fea89a0] [MocapTag] [0x00005f2f] [1455] , 5.26432, -0.0306328, -0.202963, -0.149725, -0.999724, 0.00523497, 0.00917492, 0.0209849, 0, 0, 0, 0, 0, 0, 
[2025-02-03 17:53:10.275609] [0x0000007f5fea89a0] [MocapTag] [0x00005f2f] [1456] , 5.27431, -0.0306142, -0.203185, -0.149553, -0.999708, 0.00546771, 0.0101466, 0.0212479, 0, 0, 0, 0, 0, 0, 
[2025-02-03 17:53:10.279138] [0x0000007f5fea89a0] [MocapTag] [0x00005f2f] [1457] , 5.27431, -0.0306142, -0.203185, -0.149553, -0.999708, 0.00546771, 0.0101466, 0.0212479, 0, -0.0222727, 0.0172316, -0.0511885, 0.193014, 0.0542175, 
[2025-02-03 17:53:10.282436] [0x0000007f5fea89a0] [MocapTag] [0x00005f2f] [1458] , 5.27431, -0.0306142, -0.203185, -0.149553, -0.999708, 0.00546771, 0.0101466, 0.0212479, 0, 0, 0, 0, 0, 0, 
[2025-02-03 17:53:10.285748] [0x0000007f5fea89a0] [MocapTag] [0x00005f2f] [1459] , 5.28433, -0.0306407, -0.203169, -0.149556, -0.999708, 0.00550015, 0.01012, 0.0212349, 0, 0, 0, 0, 0, 0, 
[2025-02-03 17:53:10.289184] [0x0000007f5fea89a0] [MocapTag] [0x00005f2f] [1460] , 5.28433, -0.0306407, -0.203169, -0.149556, -0.999708, 0.00550015, 0.01012, 0.0212349, -0.00265, 0, 0, 0, 0, 0, 
[2025-02-03 17:53:10.293101] [0x0000007f5fea89a0] [MocapTag] [0x00005f2f] [1461] , 5.28433, -0.0306407, -0.203169, -0.149556, -0.999708, 0.00550015, 0.01012, 0.0212349, 0, 0, 0, 0, 0, 0, 
[2025-02-03 17:53:10.294653] [0x0000007f5fea89a0] [MocapTag] [0x00005f2f] [1462] , 5.29434, -0.0306407, -0.203169, -0.149556, -0.999708, 0.00550015, 0.01012, 0.0212349, 0, 0, 0, 0, 0, 0, 
[2025-02-03 17:53:10.297117] [0x0000007f5fea89a0] [MocapTag] [0x00005f2f] [1463] , 5.29434, -0.0306571, -0.203159, -0.149566, -0.999709, 0.00549372, 0.0101258, 0.0212022, 0, 0, 0, 0, 0, 0, 
[2025-02-03 17:53:10.300219] [0x0000007f5fea89a0] [MocapTag] [0x00005f2f] [1464] , 5.29434, -0.0306571, -0.203159, -0.149566, -0.999709, 0.00549372, 0.0101258, 0.0212022, 0, 0, 0, 0, 0, 0, 
[2025-02-03 17:53:10.303151] [0x0000007f5fea89a0] [MocapTag] [0x00005f2f] [1465] , 5.29434, -0.0306571, -0.203159, -0.149566, -0.999709, 0.00549372, 0.0101258, 0.0212022, 0, 0, 0, 0, 0, 0, 
[2025-02-03 17:53:10.306329] [0x0000007f5fea89a0] [MocapTag] [0x00005f2f] [1466] , 5.30436, -0.030642, -0.203158, -0.149555, -0.999709, 0.00549162, 0.0100597, 0.0212182, 0, 0, 0, 0, 0, 0, 
[2025-02-03 17:53:10.309866] [0x0000007f5fea89a0] [MocapTag] [0x00005f2f] [1467] , 5.30436, -0.030642, -0.203158, -0.149555, -0.999709, 0.00549162, 0.0100597, 0.0212182, 0, 0, 0, 0, 0, 0, 
[2025-02-03 17:53:10.312636] [0x0000007f5fea89a0] [MocapTag] [0x00005f2f] [1468] , 5.30436, -0.030642, -0.203158, -0.149555, -0.999709, 0.00549162, 0.0100597, 0.0212182, 0, 0, 0, 0, 0, 0, 
[2025-02-03 17:53:10.315093] [0x0000007f5fea89a0] [MocapTag] [0x00005f2f] [1469] , 5.31437, -0.030658, -0.203162, -0.149555, -0.999708, 0.00551745, 0.010137, 0.021226, 0, 0, 0, 0, 0, 0, 
[2025-02-03 17:53:10.320211] [0x0000007f5fea89a0] [MocapTag] [0x00005f2f] [1470] , 5.31437, -0.030658, -0.203162, -0.149555, -0.999708, 0.00551745, 0.010137, 0.021226, 0, 0, 0, 0, 0, 0, 
[2025-02-03 17:53:10.320904] [0x0000007f5fea89a0] [MocapTag] [0x00005f2f] [1471] , 5.31437, -0.030658, -0.203162, -0.149555, -0.999708, 0.00551745, 0.010137, 0.021226, 0, 0, 0, 0, 0, 0, 
[2025-02-03 17:53:10.325058] [0x0000007f5fea89a0] [MocapTag] [0x00005f2f] [1472] , 5.32436, -0.0306415, -0.203158, -0.149533, -0.999709, 0.00549601, 0.010024, 0.0212589, 0, 0, 0, 0, 0, 0, 
[2025-02-03 17:53:10.327936] [0x0000007f5fea89a0] [MocapTag] [0x00005f2f] [1473] , 5.32436, -0.0306415, -0.203158, -0.149533, -0.999709, 0.00549601, 0.010024, 0.0212589, 0, 0, 0.00211278, 0, 0, 0, 
[2025-02-03 17:53:10.330450] [0x0000007f5fea89a0] [MocapTag] [0x00005f2f] [1474] , 5.32436, -0.0306415, -0.203158, -0.149533, -0.999709, 0.00549601, 0.010024, 0.0212589, 0, 0, 0, 0, 0, 0, 
[2025-02-03 17:53:10.333209] [0x0000007f5fea89a0] [MocapTag] [0x00005f2f] [1475] , 5.32436, -0.0306515, -0.203165, -0.149531, -0.999709, 0.00549551, 0.0100558, 0.0212447, 0, 0, 0, 0, 0, 0, 
[2025-02-03 17:53:10.336804] [0x0000007f5fea89a0] [MocapTag] [0x00005f2f] [1476] , 5.33437, -0.0306515, -0.203165, -0.149531, -0.999709, 0.00549551, 0.0100558, 0.0212447, 0, 0, 0, 0, 0, 0, 
[2025-02-03 17:53:10.340063] [0x0000007f5fea89a0] [MocapTag] [0x00005f2f] [1477] , 5.33437, -0.0306515, -0.203165, -0.149531, -0.999709, 0.00549551, 0.0100558, 0.0212447, 0, 0, 0, 0, 0, 0, 
[2025-02-03 17:53:10.343054] [0x0000007f5fea89a0] [MocapTag] [0x00005f2f] [1478] , 5.33437, -0.0306515, -0.203165, -0.149531, -0.999709, 0.00549551, 0.0100558, 0.0212447, 0, 0, 0, 0, 0, 0, 
[2025-02-03 17:53:10.345445] [0x0000007f5fea89a0] [MocapTag] [0x00005f2f] [1479] , 5.3444, -0.0306485, -0.203159, -0.149525, -0.999709, 0.00550293, 0.0100074, 0.0212402, 0, 0, 0, 0, 0, 0, 
[2025-02-03 17:53:10.348225] [0x0000007f5fea89a0] [MocapTag] [0x00005f2f] [1480] , 5.3444, -0.0306485, -0.203159, -0.149525, -0.999709, 0.00550293, 0.0100074, 0.0212402, 0, 0, 0, 0, 0, 0, 
[2025-02-03 17:53:10.352465] [0x0000007f5fea89a0] [MocapTag] [0x00005f2f] [1481] , 5.3444, -0.0306485, -0.203159, -0.149525, -0.999709, 0.00550293, 0.0100074, 0.0212402, 0, 0, 0, 0, 0, 0, 
[2025-02-03 17:53:10.353473] [0x0000007f5fea89a0] [MocapTag] [0x00005f2f] [1482] , 5.3444, -0.0306468, -0.203162, -0.149548, -0.999709, 0.00551213, 0.0101076, 0.0212104, 0, 0, 0, 0, 0, 0, 
[2025-02-03 17:53:10.358814] [0x0000007f5fea89a0] [MocapTag] [0x00005f2f] [1483] , 5.35437, -0.0306468, -0.203162, -0.149548, -0.999709, 0.00551213, 0.0101076, 0.0212104, 0, 0, -0.00230682, 0, 0, 0, 
[2025-02-03 17:53:10.360663] [0x0000007f5fea89a0] [MocapTag] [0x00005f2f] [1484] , 5.35437, -0.0306468, -0.203162, -0.149548, -0.999709, 0.00551213, 0.0101076, 0.0212104, 0, 0, 0, 0, 0, 0, 
[2025-02-03 17:53:10.363556] [0x0000007f5fea89a0] [MocapTag] [0x00005f2f] [1485] , 5.35437, -0.0306607, -0.203147, -0.149544, -0.999709, 0.00554934, 0.0101449, 0.0211938, 0, 0, 0, 0, 0, 0, 
[2025-02-03 17:53:10.366467] [0x0000007f5fea89a0] [MocapTag] [0x00005f2f] [1486] , 5.36434, -0.0306607, -0.203147, -0.149544, -0.999709, 0.00554934, 0.0101449, 0.0211938, 0, 0, 0, 0, 0, 0, 
[2025-02-03 17:53:10.369070] [0x0000007f5fea89a0] [MocapTag] [0x00005f2f] [1487] , 5.36434, -0.0306607, -0.203147, -0.149544, -0.999709, 0.00554934, 0.0101449, 0.0211938, 0, 0, 0, 0, 0, 0, 
[2025-02-03 17:53:10.373733] [0x0000007f5fea89a0] [MocapTag] [0x00005f2f] [1488] , 5.36434, -0.0306607, -0.203147, -0.149544, -0.999709, 0.00554934, 0.0101449, 0.0211938, 0, 0, 0, 0, 0, 0, 
[2025-02-03 17:53:10.375468] [0x0000007f5fea89a0] [MocapTag] [0x00005f2f] [1489] , 5.37432, -0.0306532, -0.203154, -0.149561, -0.999707, 0.00561488, 0.0102437, 0.0211851, 0, 0, 0, 0, 0, 0, 
[2025-02-03 17:53:10.378250] [0x0000007f5fea89a0] [MocapTag] [0x00005f2f] [1490] , 5.37432, -0.0306532, -0.203154, -0.149561, -0.999707, 0.00561488, 0.0102437, 0.0211851, 0, 0, 0, 0, 0, 0, 
[2025-02-03 17:53:10.380829] [0x0000007f5fea89a0] [MocapTag] [0x00005f2f] [1491] , 5.37432, -0.0306532, -0.203154, -0.149561, -0.999707, 0.00561488, 0.0102437, 0.0211851, 0, 0, 0, 0, 0, 0, 
[2025-02-03 17:53:10.383438] [0x0000007f5fea89a0] [MocapTag] [0x00005f2f] [1492] , 5.37432, -0.0306832, -0.203159, -0.149602, -0.999706, 0.0056731, 0.010395, 0.0211404, 0, 0, 0, 0, 0, 0, 
[2025-02-03 17:53:10.388258] [0x0000007f5fea89a0] [MocapTag] [0x00005f2f] [1493] , 5.38434, -0.0306832, -0.203159, -0.149602, -0.999706, 0.0056731, 0.010395, 0.0211404, -0.0030022, 0, -0.0040472, 0, 0, 0, 
[2025-02-03 17:53:10.390803] [0x0000007f5fea89a0] [MocapTag] [0x00005f2f] [1494] , 5.38434, -0.0306832, -0.203159, -0.149602, -0.999706, 0.0056731, 0.010395, 0.0211404, 0, 0, 0, 0, 0, 0, 
[2025-02-03 17:53:10.393731] [0x0000007f5fea89a0] [MocapTag] [0x00005f2f] [1495] , 5.38434, -0.0309093, -0.203083, -0.149488, -0.999691, 0.0060477, 0.0104278, 0.0217155, 0, 0, 0, 0, 0, 0, 
[2025-02-03 17:53:10.396524] [0x0000007f5fea89a0] [MocapTag] [0x00005f2f] [1496] , 5.39433, -0.0309093, -0.203083, -0.149488, -0.999691, 0.0060477, 0.0104278, 0.0217155, -0.0226024, 0.00767498, 0.0114411, -0.0762463, 0, 0.115869, 
[2025-02-03 17:53:10.399225] [0x0000007f5fea89a0] [MocapTag] [0x00005f2f] [1497] , 5.39433, -0.0309093, -0.203083, -0.149488, -0.999691, 0.0060477, 0.0104278, 0.0217155, 0, 0, 0, 0, 0, 0, 
[2025-02-03 17:53:10.406752] [0x0000007f5fea89a0] [MocapTag] [0x00005f2f] [1498] , 5.40433, -0.0309093, -0.203083, -0.149488, -0.999691, 0.0060477, 0.0104278, 0.0217155, 0, 0, 0, 0, 0, 0, 
[2025-02-03 17:53:10.407310] [0x0000007f5fea89a0] [MocapTag] [0x00005f2f] [1499] , 5.40433, -0.0309026, -0.203079, -0.14946, -0.999693, 0.00598736, 0.0103266, 0.0217291, 0, 0, 0, 0, 0, 0, 
[2025-02-03 17:53:10.409957] [0x0000007f5fea89a0] [MocapTag] [0x00005f2f] [1500] , 5.40433, -0.0309026, -0.203079, -0.14946, -0.999693, 0.00598736, 0.0103266, 0.0217291, 0, 0, 0.00271935, 0, 0, 0, 
[2025-02-03 17:53:10.412674] [0x0000007f5fea89a0] [MocapTag] [0x00005f2f] [1501] , 5.40433, -0.0309026, -0.203079, -0.14946, -0.999693, 0.00598736, 0.0103266, 0.0217291, 0, 0, 0, 0, 0, 0, 
[2025-02-03 17:53:10.415487] [0x0000007f5fea89a0] [MocapTag] [0x00005f2f] [1502] , 5.41434, -0.0309653, -0.203403, -0.149944, -0.999674, 0.00694075, 0.011849, 0.0215022, 0, 0, 0, 0, 0, 0, 
[2025-02-03 17:53:10.419335] [0x0000007f5fea89a0] [MocapTag] [0x00005f2f] [1503] , 5.41434, -0.0309653, -0.203403, -0.149944, -0.999674, 0.00694075, 0.011849, 0.0215022, -0.00627471, -0.0323729, -0.0483608, -0.196815, 0.300583, -0.0411242, 
[2025-02-03 17:53:10.422351] [0x0000007f5fea89a0] [MocapTag] [0x00005f2f] [1504] , 5.41434, -0.0309653, -0.203403, -0.149944, -0.999674, 0.00694075, 0.011849, 0.0215022, 0, 0, 0, 0, 0, 0, 
[2025-02-03 17:53:10.424873] [0x0000007f5fea89a0] [MocapTag] [0x00005f2f] [1505] , 5.42433, -0.0310246, -0.203343, -0.149777, -0.999681, 0.00664343, 0.0115927, 0.0214113, 0, 0, 0, 0, 0, 0, 
[2025-02-03 17:53:10.427861] [0x0000007f5fea89a0] [MocapTag] [0x00005f2f] [1506] , 5.42433, -0.0310246, -0.203343, -0.149777, -0.999681, 0.00664343, 0.0115927, 0.0214113, -0.00593143, 0.00597769, 0.016669, 0.0607729, -0.0498369, 0, 
[2025-02-03 17:53:10.430317] [0x0000007f5fea89a0] [MocapTag] [0x00005f2f] [1507] , 5.42433, -0.0310246, -0.203343, -0.149777, -0.999681, 0.00664343, 0.0115927, 0.0214113, 0, 0, 0, 0, 0, 0, 
[2025-02-03 17:53:10.433913] [0x0000007f5fea89a0] [MocapTag] [0x00005f2f] [1508] , 5.42433, -0.0310198, -0.203327, -0.149729, -0.999683, 0.00658827, 0.011416, 0.0214521, 0, 0, 0, 0, 0, 0, 
[2025-02-03 17:53:10.436826] [0x0000007f5fea89a0] [MocapTag] [0x00005f2f] [1509] , 5.43434, -0.0310198, -0.203327, -0.149729, -0.999683, 0.00658827, 0.011416, 0.0214521, 0, 0, 0.00479598, 0, -0.0351477, 0, 
[2025-02-03 17:53:10.439420] [0x0000007f5fea89a0] [MocapTag] [0x00005f2f] [1510] , 5.43434, -0.0310198, -0.203327, -0.149729, -0.999683, 0.00658827, 0.011416, 0.0214521, 0, 0, 0, 0, 0, 0, 
[2025-02-03 17:53:10.442482] [0x0000007f5fea89a0] [MocapTag] [0x00005f2f] [1511] , 5.43434, -0.0310198, -0.203327, -0.149729, -0.999683, 0.00658827, 0.011416, 0.0214521, 0, 0, 0, 0, 0, 0, 
[2025-02-03 17:53:10.445000] [0x0000007f5fea89a0] [MocapTag] [0x00005f2f] [1512] , 5.44433, -0.031073, -0.203328, -0.149765, -0.99968, 0.00675513, 0.011756, 0.0213749, 0, 0, 0, 0, 0, 0, 
[2025-02-03 17:53:10.449483] [0x0000007f5fea89a0] [MocapTag] [0x00005f2f] [1513] , 5.44433, -0.031073, -0.203328, -0.149765, -0.99968, 0.00675513, 0.011756, 0.0213749, -0.00532596, 0, -0.00353603, 0, 0.0673827, 0, 
[2025-02-03 17:53:10.452077] [0x0000007f5fea89a0] [MocapTag] [0x00005f2f] [1514] , 5.44433, -0.031073, -0.203328, -0.149765, -0.99968, 0.00675513, 0.011756, 0.0213749, 0, 0, 0, 0, 0, 0, 
[2025-02-03 17:53:10.454655] [0x0000007f5fea89a0] [MocapTag] [0x00005f2f] [1515] , 5.45434, -0.0311057, -0.203359, -0.149763, -0.99968, 0.0067556, 0.0118058, 0.0213149, 0, 0, 0, 0, 0, 0, 
[2025-02-03 17:53:10.457635] [0x0000007f5fea89a0] [MocapTag] [0x00005f2f] [1516] , 5.45434, -0.0311057, -0.203359, -0.149763, -0.99968, 0.0067556, 0.0118058, 0.0213149, -0.00327237, -0.00304103, 0, 0, 0, 0, 
[2025-02-03 17:53:10.461852] [0x0000007f5fea89a0] [MocapTag] [0x00005f2f] [1517] , 5.45434, -0.0311057, -0.203359, -0.149763, -0.99968, 0.0067556, 0.0118058, 0.0213149, 0, 0, 0, 0, 0, 0, 
[2025-02-03 17:53:10.462785] [0x0000007f5fea89a0] [MocapTag] [0x00005f2f] [1518] , 5.45434, -0.0311057, -0.203359, -0.149763, -0.99968, 0.0067556, 0.0118058, 0.0213149, 0, 0, 0, 0, 0, 0, 
[2025-02-03 17:53:10.465912] [0x0000007f5fea89a0] [MocapTag] [0x00005f2f] [1519] , 5.46434, -0.0310777, -0.203387, -0.149716, -0.999685, 0.00654656, 0.0114657, 0.0213579, 0, 0, 0, 0, 0, 0, 
[2025-02-03 17:53:10.468701] [0x0000007f5fea89a0] [MocapTag] [0x00005f2f] [1520] , 5.46434, -0.0310777, -0.203387, -0.149716, -0.999685, 0.00654656, 0.0114657, 0.0213579, 0.0027991, -0.00286809, 0.00475024, 0.0431776, -0.0671668, 0, 
[2025-02-03 17:53:10.471594] [0x0000007f5fea89a0] [MocapTag] [0x00005f2f] [1521] , 5.46434, -0.0310777, -0.203387, -0.149716, -0.999685, 0.00654656, 0.0114657, 0.0213579, 0, 0, 0, 0, 0, 0, 
[2025-02-03 17:53:10.474163] [0x0000007f5fea89a0] [MocapTag] [0x00005f2f] [1522] , 5.46434, -0.0310165, -0.20339, -0.149661, -0.999688, 0.00634108, 0.0110996, 0.0214378, 0, 0, 0, 0, 0, 0, 
[2025-02-03 17:53:10.477214] [0x0000007f5fea89a0] [MocapTag] [0x00005f2f] [1523] , 5.47433, -0.0310165, -0.20339, -0.149661, -0.999688, 0.00634108, 0.0110996, 0.0214378, 0.00612708, 0, 0.00546796, 0.0424862, -0.0724161, 0, 
[2025-02-03 17:53:10.481564] [0x0000007f5fea89a0] [MocapTag] [0x00005f2f] [1524] , 5.47433, -0.0310165, -0.20339, -0.149661, -0.999688, 0.00634108, 0.0110996, 0.0214378, 0, 0, 0, 0, 0, 0, 
[2025-02-03 17:53:10.484230] [0x0000007f5fea89a0] [MocapTag] [0x00005f2f] [1525] , 5.47433, -0.0310001, -0.203372, -0.149644, -0.999689, 0.00630904, 0.0109825, 0.0214626, 0, 0, 0, 0, 0, 0, 
[2025-02-03 17:53:10.487013] [0x0000007f5fea89a0] [MocapTag] [0x00005f2f] [1526] , 5.48434, -0.0310001, -0.203372, -0.149644, -0.999689, 0.00630904, 0.0109825, 0.0214626, 0, 0, 0, 0, 0, 0, 
[2025-02-03 17:53:10.489698] [0x0000007f5fea89a0] [MocapTag] [0x00005f2f] [1527] , 5.48434, -0.0310001, -0.203372, -0.149644, -0.999689, 0.00630904, 0.0109825, 0.0214626, 0, 0, 0, 0, 0, 0, 
[2025-02-03 17:53:10.492358] [0x0000007f5fea89a0] [MocapTag] [0x00005f2f] [1528] , 5.48434, -0.0310001, -0.203372, -0.149644, -0.999689, 0.00630904, 0.0109825, 0.0214626, 0, 0, 0, 0, 0, 0, 
[2025-02-03 17:53:10.496732] [0x0000007f5fea89a0] [MocapTag] [0x00005f2f] [1529] , 5.49433, -0.031007, -0.203372, -0.149642, -0.999689, 0.00629676, 0.0109544, 0.0214794, 0, 0, 0, 0, 0, 0, 
[2025-02-03 17:53:10.499537] [0x0000007f5fea89a0] [MocapTag] [0x00005f2f] [1530] , 5.49433, -0.031007, -0.203372, -0.149642, -0.999689, 0.00629676, 0.0109544, 0.0214794, 0, 0, 0, 0, 0, 0, 
[2025-02-03 17:53:10.502181] [0x0000007f5fea89a0] [MocapTag] [0x00005f2f] [1531] , 5.49433, -0.031007, -0.203372, -0.149642, -0.999689, 0.00629676, 0.0109544, 0.0214794, 0, 0, 0, 0, 0, 0, 
[2025-02-03 17:53:10.505749] [0x0000007f5fea89a0] [MocapTag] [0x00005f2f] [1532] , 5.50432, -0.0310172, -0.203359, -0.14963, -0.999689, 0.00628339, 0.0110113, 0.0214947, 0, 0, 0, 0, 0, 0, 
[2025-02-03 17:53:10.507782] [0x0000007f5fea89a0] [MocapTag] [0x00005f2f] [1533] , 5.50432, -0.0310172, -0.203359, -0.14963, -0.999689, 0.00628339, 0.0110113, 0.0214947, 0, 0, 0, 0, 0, 0, 
[2025-02-03 17:53:10.510066] [0x0000007f5fea89a0] [MocapTag] [0x00005f2f] [1534] , 5.50432, -0.0310172, -0.203359, -0.14963, -0.999689, 0.00628339, 0.0110113, 0.0214947, 0, 0, 0, 0, 0, 0, 
[2025-02-03 17:53:10.513660] [0x0000007f5fea89a0] [MocapTag] [0x00005f2f] [1535] , 5.50432, -0.0310172, -0.203359, -0.14963, -0.999689, 0.00628339, 0.0110113, 0.0214947, 0, 0, 0, 0, 0, 0, 
[2025-02-03 17:53:10.516335] [0x0000007f5fea89a0] [MocapTag] [0x00005f2f] [1536] , 5.51433, -0.0310189, -0.203359, -0.149616, -0.999689, 0.00624971, 0.0110513, 0.0214438, 0, 0, 0, 0, 0, 0, 
[2025-02-03 17:53:10.519331] [0x0000007f5fea89a0] [MocapTag] [0x00005f2f] [1537] , 5.51433, -0.0310189, -0.203359, -0.149616, -0.999689, 0.00624971, 0.0110513, 0.0214438, 0, 0, 0, 0, 0, 0, 
[2025-02-03 17:53:10.522047] [0x0000007f5fea89a0] [MocapTag] [0x00005f2f] [1538] , 5.51433, -0.0310189, -0.203359, -0.149616, -0.999689, 0.00624971, 0.0110513, 0.0214438, 0, 0, 0, 0, 0, 0, 
[2025-02-03 17:53:10.524636] [0x0000007f5fea89a0] [MocapTag] [0x00005f2f] [1539] , 5.52432, -0.0310436, -0.20336, -0.149625, -0.999689, 0.00626779, 0.0111261, 0.0214422, 0, 0, 0, 0, 0, 0, 
[2025-02-03 17:53:10.529592] [0x0000007f5fea89a0] [MocapTag] [0x00005f2f] [1540] , 5.52432, -0.0310436, -0.20336, -0.149625, -0.999689, 0.00626779, 0.0111261, 0.0214422, -0.00246972, 0, 0, 0, 0, 0, 
[2025-02-03 17:53:10.532334] [0x0000007f5fea89a0] [MocapTag] [0x00005f2f] [1541] , 5.52432, -0.0310436, -0.20336, -0.149625, -0.999689, 0.00626779, 0.0111261, 0.0214422, 0, 0, 0, 0, 0, 0, 
[2025-02-03 17:53:10.535247] [0x0000007f5fea89a0] [MocapTag] [0x00005f2f] [1542] , 5.53432, -0.0310279, -0.203362, -0.149619, -0.99969, 0.00620755, 0.0110726, 0.0214372, 0, 0, 0, 0, 0, 0, 
[2025-02-03 17:53:10.537719] [0x0000007f5fea89a0] [MocapTag] [0x00005f2f] [1543] , 5.53432, -0.0310279, -0.203362, -0.149619, -0.99969, 0.00620755, 0.0110726, 0.0214372, 0, 0, 0, 0, 0, 0, 
[2025-02-03 17:53:10.540277] [0x0000007f5fea89a0] [MocapTag] [0x00005f2f] [1544] , 5.53432, -0.0310279, -0.203362, -0.149619, -0.99969, 0.00620755, 0.0110726, 0.0214372, 0, 0, 0, 0, 0, 0, 
[2025-02-03 17:53:10.544557] [0x0000007f5fea89a0] [MocapTag] [0x00005f2f] [1545] , 5.53432, -0.0310402, -0.20336, -0.149606, -0.999689, 0.00622287, 0.0111769, 0.0214039, 0, 0, 0, 0, 0, 0, 
[2025-02-03 17:53:10.547410] [0x0000007f5fea89a0] [MocapTag] [0x00005f2f] [1546] , 5.54433, -0.0310402, -0.20336, -0.149606, -0.999689, 0.00622287, 0.0111769, 0.0214039, 0, 0, 0, 0, 0, 0, 
[2025-02-03 17:53:10.549911] [0x0000007f5fea89a0] [MocapTag] [0x00005f2f] [1547] , 5.54433, -0.0310402, -0.20336, -0.149606, -0.999689, 0.00622287, 0.0111769, 0.0214039, 0, 0, 0, 0, 0, 0, 
[2025-02-03 17:53:10.552522] [0x0000007f5fea89a0] [MocapTag] [0x00005f2f] [1548] , 5.54433, -0.0310402, -0.20336, -0.149606, -0.999689, 0.00622287, 0.0111769, 0.0214039, 0, 0, 0, 0, 0, 0, 
[2025-02-03 17:53:10.557626] [0x0000007f5fea89a0] [MocapTag] [0x00005f2f] [1549] , 5.55431, -0.031073, -0.203364, -0.149661, -0.999687, 0.0063393, 0.011376, 0.0213679, 0, 0, 0, 0, 0, 0, 
[2025-02-03 17:53:10.558187] [0x0000007f5fea89a0] [MocapTag] [0x00005f2f] [1550] , 5.55431, -0.031073, -0.203364, -0.149661, -0.999687, 0.0063393, 0.011376, 0.0213679, -0.003286, 0, -0.00548797, 0, 0.0393648, 0, 
[2025-02-03 17:53:10.561568] [0x0000007f5fea89a0] [MocapTag] [0x00005f2f] [1551] , 5.55431, -0.031073, -0.203364, -0.149661, -0.999687, 0.0063393, 0.011376, 0.0213679, 0, 0, 0, 0, 0, 0, 
[2025-02-03 17:53:10.564416] [0x0000007f5fea89a0] [MocapTag] [0x00005f2f] [1552] , 5.55431, -0.0310801, -0.203368, -0.149686, -0.999687, 0.00636196, 0.0113951, 0.0213581, 0, 0, 0, 0, 0, 0, 
[2025-02-03 17:53:10.566897] [0x0000007f5fea89a0] [MocapTag] [0x00005f2f] [1553] , 5.56432, -0.0310801, -0.203368, -0.149686, -0.999687, 0.00636196, 0.0113951, 0.0213581, 0, 0, -0.00248956, 0, 0, 0, 
[2025-02-03 17:53:10.569418] [0x0000007f5fea89a0] [MocapTag] [0x00005f2f] [1554] , 5.56432, -0.0310801, -0.203368, -0.149686, -0.999687, 0.00636196, 0.0113951, 0.0213581, 0, 0, 0, 0, 0, 0, 
[2025-02-03 17:53:10.572182] [0x0000007f5fea89a0] [MocapTag] [0x00005f2f] [1555] , 5.56432, -0.0310801, -0.203368, -0.149686, -0.999687, 0.00636196, 0.0113951, 0.0213581, 0, 0, 0, 0, 0, 0, 
[2025-02-03 17:53:10.576644] [0x0000007f5fea89a0] [MocapTag] [0x00005f2f] [1556] , 5.57433, -0.0311076, -0.203369, -0.149718, -0.999686, 0.00645529, 0.0115492, 0.0212927, 0, 0, 0, 0, 0, 0, 
[2025-02-03 17:53:10.579548] [0x0000007f5fea89a0] [MocapTag] [0x00005f2f] [1557] , 5.57433, -0.0311076, -0.203369, -0.149718, -0.999686, 0.00645529, 0.0115492, 0.0212927, -0.00275045, 0, -0.00327455, 0, 0, 0, 
[2025-02-03 17:53:10.582349] [0x0000007f5fea89a0] [MocapTag] [0x00005f2f] [1558] , 5.57433, -0.0311076, -0.203369, -0.149718, -0.999686, 0.00645529, 0.0115492, 0.0212927, 0, 0, 0, 0, 0, 0, 
[2025-02-03 17:53:10.585184] [0x0000007f5fea89a0] [MocapTag] [0x00005f2f] [1559] , 5.58433, -0.0311101, -0.203363, -0.14975, -0.999683, 0.00656794, 0.0116678, 0.0213185, 0, 0, 0, 0, 0, 0, 
[2025-02-03 17:53:10.587983] [0x0000007f5fea89a0] [MocapTag] [0x00005f2f] [1560] , 5.58433, -0.0311101, -0.203363, -0.14975, -0.999683, 0.00656794, 0.0116678, 0.0213185, 0, 0, -0.00311848, 0, 0, 0, 
[2025-02-03 17:53:10.592984] [0x0000007f5fea89a0] [MocapTag] [0x00005f2f] [1561] , 5.58433, -0.0311101, -0.203363, -0.14975, -0.999683, 0.00656794, 0.0116678, 0.0213185, 0, 0, 0, 0, 0, 0, 
[2025-02-03 17:53:10.595704] [0x0000007f5fea89a0] [MocapTag] [0x00005f2f] [1562] , 5.59432, -0.0311106, -0.203367, -0.149701, -0.999687, 0.0063914, 0.0114694, 0.0213134, 0, 0, 0, 0, 0, 0, 
[2025-02-03 17:53:10.598646] [0x0000007f5fea89a0] [MocapTag] [0x00005f2f] [1563] , 5.59432, -0.0311106, -0.203367, -0.149701, -0.999687, 0.0063914, 0.0114694, 0.0213134, 0, 0, 0.00485449, 0.0361681, -0.0389019, 0, 
[2025-02-03 17:53:10.601400] [0x0000007f5fea89a0] [MocapTag] [0x00005f2f] [1564] , 5.59432, -0.0311106, -0.203367, -0.149701, -0.999687, 0.0063914, 0.0114694, 0.0213134, 0, 0, 0, 0, 0, 0, 
[2025-02-03 17:53:10.604655] [0x0000007f5fea89a0] [MocapTag] [0x00005f2f] [1565] , 5.60433, -0.0311157, -0.203361, -0.14971, -0.999685, 0.00646112, 0.0116011, 0.0212912, 0, 0, 0, 0, 0, 0, 
[2025-02-03 17:53:10.612293] [0x0000007f5fea89a0] [MocapTag] [0x00005f2f] [1566] , 5.60433, -0.0311157, -0.203361, -0.14971, -0.999685, 0.00646112, 0.0116011, 0.0212912, 0, 0, 0, 0, 0, 0, 
[2025-02-03 17:53:10.612850] [0x0000007f5fea89a0] [MocapTag] [0x00005f2f] [1567] , 5.60433, -0.0311157, -0.203361, -0.14971, -0.999685, 0.00646112, 0.0116011, 0.0212912, 0, 0, 0, 0, 0, 0, 
[2025-02-03 17:53:10.614623] [0x0000007f5fea89a0] [MocapTag] [0x00005f2f] [1568] , 5.60433, -0.0311116, -0.20335, -0.149698, -0.999686, 0.00648324, 0.0115372, 0.0213015, 0, 0, 0, 0, 0, 0, 
[2025-02-03 17:53:10.617443] [0x0000007f5fea89a0] [MocapTag] [0x00005f2f] [1569] , 5.61432, -0.0311116, -0.20335, -0.149698, -0.999686, 0.00648324, 0.0115372, 0.0213015, 0, 0, 0, 0, 0, 0, 
[2025-02-03 17:53:10.620086] [0x0000007f5fea89a0] [MocapTag] [0x00005f2f] [1570] , 5.61432, -0.0311116, -0.20335, -0.149698, -0.999686, 0.00648324, 0.0115372, 0.0213015, 0, 0, 0, 0, 0, 0, 
[2025-02-03 17:53:10.624587] [0x0000007f5fea89a0] [MocapTag] [0x00005f2f] [1571] , 5.61432, -0.0311116, -0.20335, -0.149698, -0.999686, 0.00648324, 0.0115372, 0.0213015, 0, 0, 0, 0, 0, 0, 
[2025-02-03 17:53:10.627258] [0x0000007f5fea89a0] [MocapTag] [0x00005f2f] [1572] , 5.62433, -0.0309653, -0.203308, -0.149702, -0.999684, 0.00647983, 0.0111387, 0.0215813, 0, 0, 0, 0, 0, 0, 
[2025-02-03 17:53:10.630032] [0x0000007f5fea89a0] [MocapTag] [0x00005f2f] [1573] , 5.62433, -0.0309653, -0.203308, -0.149702, -0.999684, 0.00647983, 0.0111387, 0.0215813, 0.0146347, 0.00418096, 0, 0, -0.0800353, 0.0554018, 
[2025-02-03 17:53:10.633730] [0x0000007f5fea89a0] [MocapTag] [0x00005f2f] [1574] , 5.62433, -0.0309653, -0.203308, -0.149702, -0.999684, 0.00647983, 0.0111387, 0.0215813, 0, 0, 0, 0, 0, 0, 
[2025-02-03 17:53:10.635587] [0x0000007f5fea89a0] [MocapTag] [0x00005f2f] [1575] , 5.63432, -0.0308507, -0.203318, -0.149774, -0.999688, 0.00654608, 0.0109402, 0.0214812, 0, 0, 0, 0, 0, 0, 
[2025-02-03 17:53:10.638137] [0x0000007f5fea89a0] [MocapTag] [0x00005f2f] [1576] , 5.63432, -0.0308507, -0.203318, -0.149774, -0.999688, 0.00654608, 0.0109402, 0.0214812, 0.0114599, 0, -0.00716035, 0, -0.0398438, 0, 
[2025-02-03 17:53:10.641486] [0x0000007f5fea89a0] [MocapTag] [0x00005f2f] [1577] , 5.63432, -0.0308507, -0.203318, -0.149774, -0.999688, 0.00654608, 0.0109402, 0.0214812, 0, 0, 0, 0, 0, 0, 
[2025-02-03 17:53:10.644045] [0x0000007f5fea89a0] [MocapTag] [0x00005f2f] [1578] , 5.63432, -0.0309583, -0.203367, -0.150023, -0.999707, 0.00640419, 0.00967242, 0.0212547, 0, 0, 0, 0, 0, 0, 
[2025-02-03 17:53:10.646886] [0x0000007f5fea89a0] [MocapTag] [0x00005f2f] [1579] , 5.64433, -0.0309583, -0.203367, -0.150023, -0.999707, 0.00640419, 0.00967242, 0.0212547, -0.0107594, -0.00493684, -0.0248904, 0, -0.252597, -0.0474099, 
[2025-02-03 17:53:10.649425] [0x0000007f5fea89a0] [MocapTag] [0x00005f2f] [1580] , 5.64433, -0.0309583, -0.203367, -0.150023, -0.999707, 0.00640419, 0.00967242, 0.0212547, 0, 0, 0, 0, 0, 0, 
[2025-02-03 17:53:10.652398] [0x0000007f5fea89a0] [MocapTag] [0x00005f2f] [1581] , 5.64433, -0.0309583, -0.203367, -0.150023, -0.999707, 0.00640419, 0.00967242, 0.0212547, 0, 0, 0, 0, 0, 0, 
[2025-02-03 17:53:10.657246] [0x0000007f5fea89a0] [MocapTag] [0x00005f2f] [1582] , 5.65432, -0.0309582, -0.203141, -0.149807, -0.9997, 0.0061838, 0.0102286, 0.0213693, 0, 0, 0, 0, 0, 0, 
[2025-02-03 17:53:10.660220] [0x0000007f5fea89a0] [MocapTag] [0x00005f2f] [1583] , 5.65432, -0.0309582, -0.203141, -0.149807, -0.9997, 0.0061838, 0.0102286, 0.0213693, 0, 0.0226449, 0.0215582, 0.041461, 0.111998, 0, 
[2025-02-03 17:53:10.662911] [0x0000007f5fea89a0] [MocapTag] [0x00005f2f] [1584] , 5.65432, -0.0309582, -0.203141, -0.149807, -0.9997, 0.0061838, 0.0102286, 0.0213693, 0, 0, 0, 0, 0, 0, 
[2025-02-03 17:53:10.665723] [0x0000007f5fea89a0] [MocapTag] [0x00005f2f] [1585] , 5.66433, -0.0308682, -0.203451, -0.149508, -0.999674, 0.00562798, 0.0117158, 0.0219925, 0, 0, 0, 0, 0, 0, 
[2025-02-03 17:53:10.668641] [0x0000007f5fea89a0] [MocapTag] [0x00005f2f] [1586] , 5.66433, -0.0308682, -0.203451, -0.149508, -0.999674, 0.00562798, 0.0117158, 0.0219925, 0.00900764, -0.0309817, 0.0298846, 0.103283, 0.299048, 0.125447, 
[2025-02-03 17:53:10.673543] [0x0000007f5fea89a0] [MocapTag] [0x00005f2f] [1587] , 5.66433, -0.0308682, -0.203451, -0.149508, -0.999674, 0.00562798, 0.0117158, 0.0219925, 0, 0, 0, 0, 0, 0, 
[2025-02-03 17:53:10.676237] [0x0000007f5fea89a0] [MocapTag] [0x00005f2f] [1588] , 5.67433, -0.0309428, -0.20302, -0.149796, -0.999703, 0.00623629, 0.010466, 0.0211152, 0, 0, 0, 0, 0, 0, 
[2025-02-03 17:53:10.679093] [0x0000007f5fea89a0] [MocapTag] [0x00005f2f] [1589] , 5.67433, -0.0309428, -0.20302, -0.149796, -0.999703, 0.00623629, 0.010466, 0.0211152, -0.00746631, 0.0430359, -0.0287145, -0.114274, -0.251474, -0.175864, 
[2025-02-03 17:53:10.681937] [0x0000007f5fea89a0] [MocapTag] [0x00005f2f] [1590] , 5.67433, -0.0309428, -0.20302, -0.149796, -0.999703, 0.00623629, 0.010466, 0.0211152, 0, 0, 0, 0, 0, 0, 
[2025-02-03 17:53:10.684607] [0x0000007f5fea89a0] [MocapTag] [0x00005f2f] [1591] , 5.67433, -0.0310338, -0.203308, -0.149677, -0.999686, 0.00642203, 0.0113058, 0.021425, 0, 0, 0, 0, 0, 0, 
[2025-02-03 17:53:10.698163] [0x0000007f5fea89a0] [MocapTag] [0x00005f2f] [1592] , 5.6943, -0.0310338, -0.203308, -0.149677, -0.999686, 0.00642203, 0.0113058, 0.021425, -0.0090999, -0.0287897, 0.0118922, -0.0414371, 0.166746, 0.0635773, 
[2025-02-03 17:53:10.698864] [0x0000007f5fea89a0] [MocapTag] [0x00005f2f] [1593] , 5.6943, -0.0310338, -0.203308, -0.149677, -0.999686, 0.00642203, 0.0113058, 0.021425, 0, 0, 0, 0, 0, 0, 
[2025-02-03 17:53:10.699435] [0x0000007f5fea89a0] [MocapTag] [0x00005f2f] [1594] , 5.6943, -0.0308104, -0.203323, -0.149856, -0.999699, 0.00630717, 0.0103895, 0.0213166, 0, 0, 0, 0, 0, 0, 
[2025-02-03 17:53:10.699970] [0x0000007f5fea89a0] [MocapTag] [0x00005f2f] [1595] , 5.6943, -0.0308104, -0.203323, -0.149856, -0.999699, 0.00630717, 0.0103895, 0.0213166, 0.0223427, 0, -0.0179502, 0, -0.182592, 0, 
[2025-02-03 17:53:10.700448] [0x0000007f5fea89a0] [MocapTag] [0x00005f2f] [1596] , 5.6943, -0.0308104, -0.203323, -0.149856, -0.999699, 0.00630717, 0.0103895, 0.0213166, 0, 0, 0, 0, 0, 0, 
[2025-02-03 17:53:10.704470] [0x0000007f5fea89a0] [MocapTag] [0x00005f2f] [1597] , 5.6943, -0.0308104, -0.203323, -0.149856, -0.999699, 0.00630717, 0.0103895, 0.0213166, 0, 0, 0, 0, 0, 0, 
[2025-02-03 17:53:10.707088] [0x0000007f5fea89a0] [MocapTag] [0x00005f2f] [1598] , 5.70431, -0.03091, -0.20275, -0.149656, -0.999718, 0.00574631, 0.00864602, 0.0213567, 0, 0, 0, 0, 0, 0, 
[2025-02-03 17:53:10.709977] [0x0000007f5fea89a0] [MocapTag] [0x00005f2f] [1599] , 5.70431, -0.03091, -0.20275, -0.149656, -0.999718, 0.00574631, 0.00864602, 0.0213567, -0.00995896, 0.0572697, 0.0200304, 0.119591, -0.346279, 0, 
[2025-02-03 17:53:10.715220] [0x0000007f5fea89a0] [MocapTag] [0x00005f2f] [1600] , 5.71432, -0.03091, -0.20275, -0.149656, -0.999718, 0.00574631, 0.00864602, 0.0213567, 0, 0, 0, 0, 0, 0, 
[2025-02-03 17:53:10.716021] [0x0000007f5fea89a0] [MocapTag] [0x00005f2f] [1601] , 5.71432, -0.0307631, -0.203226, -0.14925, -0.99968, 0.00501633, 0.0106732, 0.0223615, 0, 0, 0, 0, 0, 0, 
[2025-02-03 17:53:10.719610] [0x0000007f5fea89a0] [MocapTag] [0x00005f2f] [1602] , 5.71432, -0.0307631, -0.203226, -0.14925, -0.99968, 0.00501633, 0.0106732, 0.0223615, 0.0146845, -0.0475657, 0.0405825, 0.135136, 0.407424, 0.202091, 
[2025-02-03 17:53:10.722282] [0x0000007f5fea89a0] [MocapTag] [0x00005f2f] [1603] , 5.71432, -0.0307631, -0.203226, -0.14925, -0.99968, 0.00501633, 0.0106732, 0.0223615, 0, 0, 0, 0, 0, 0, 
[2025-02-03 17:53:10.724708] [0x0000007f5fea89a0] [MocapTag] [0x00005f2f] [1604] , 5.72434, -0.0307808, -0.202945, -0.14934, -0.999697, 0.004946, 0.0100238, 0.0219489, 0, 0, 0, 0, 0, 0, 
[2025-02-03 17:53:10.727848] [0x0000007f5fea89a0] [MocapTag] [0x00005f2f] [1605] , 5.72434, -0.0307808, -0.202945, -0.14934, -0.999697, 0.004946, 0.0100238, 0.0219489, 0, 0.0280356, -0.00899541, 0, -0.129103, -0.083435, 
[2025-02-03 17:53:10.730420] [0x0000007f5fea89a0] [MocapTag] [0x00005f2f] [1606] , 5.72434, -0.0307808, -0.202945, -0.14934, -0.999697, 0.004946, 0.0100238, 0.0219489, 0, 0, 0, 0, 0, 0, 
[2025-02-03 17:53:10.734657] [0x0000007f5fea89a0] [MocapTag] [0x00005f2f] [1607] , 5.73432, -0.0307765, -0.203253, -0.149197, -0.999683, 0.00488599, 0.0105245, 0.0223601, 0, 0, 0, 0, 0, 0, 
[2025-02-03 17:53:10.737582] [0x0000007f5fea89a0] [MocapTag] [0x00005f2f] [1608] , 5.73432, -0.0307765, -0.203253, -0.149197, -0.999683, 0.00488599, 0.0105245, 0.0223601, 0, -0.0307163, 0.0142668, 0, 0.0999572, 0.0827093, 
[2025-02-03 17:53:10.740451] [0x0000007f5fea89a0] [MocapTag] [0x00005f2f] [1609] , 5.73432, -0.0307765, -0.203253, -0.149197, -0.999683, 0.00488599, 0.0105245, 0.0223601, 0, 0, 0, 0, 0, 0, 
[2025-02-03 17:53:10.742790] [0x0000007f5fea89a0] [MocapTag] [0x00005f2f] [1610] , 5.73432, -0.0307765, -0.203253, -0.149197, -0.999683, 0.00488599, 0.0105245, 0.0223601, 0, 0, 0, 0, 0, 0, 
[2025-02-03 17:53:10.745696] [0x0000007f5fea89a0] [MocapTag] [0x00005f2f] [1611] , 5.74433, -0.0309004, -0.202567, -0.148225, -0.999732, 0.00789653, 0.00456876, 0.0212933, 0, 0, 0, 0, 0, 0, 
[2025-02-03 17:53:10.750048] [0x0000007f5fea89a0] [MocapTag] [0x00005f2f] [1612] , 5.74433, -0.0309004, -0.202567, -0.148225, -0.999732, 0.00789653, 0.00456876, 0.0212933, -0.0123937, 0.0685832, 0.0972535, -0.574279, -1.20265, -0.217178, 
[2025-02-03 17:53:10.752772] [0x0000007f5fea89a0] [MocapTag] [0x00005f2f] [1613] , 5.74433, -0.0309004, -0.202567, -0.148225, -0.999732, 0.00789653, 0.00456876, 0.0212933, 0, 0, 0, 0, 0, 0, 
[2025-02-03 17:53:10.755617] [0x0000007f5fea89a0] [MocapTag] [0x00005f2f] [1614] , 5.75432, -0.0310058, -0.202778, -0.14813, -0.999715, 0.00847156, 0.00628662, 0.0214329, 0, 0, 0, 0, 0, 0, 
[2025-02-03 17:53:10.758701] [0x0000007f5fea89a0] [MocapTag] [0x00005f2f] [1615] , 5.75432, -0.0310058, -0.202778, -0.14813, -0.999715, 0.00847156, 0.00628662, 0.0214329, -0.0105383, -0.0211604, 0.00945207, -0.122523, 0.340792, 0, 
[2025-02-03 17:53:10.761736] [0x0000007f5fea89a0] [MocapTag] [0x00005f2f] [1616] , 5.75432, -0.0310058, -0.202778, -0.14813, -0.999715, 0.00847156, 0.00628662, 0.0214329, 0, 0, 0, 0, 0, 0, 
[2025-02-03 17:53:10.764177] [0x0000007f5fea89a0] [MocapTag] [0x00005f2f] [1617] , 5.75432, -0.0309182, -0.202825, -0.14837, -0.99973, 0.00790696, 0.00385748, 0.0215059, 0, 0, 0, 0, 0, 0, 
[2025-02-03 17:53:10.767191] [0x0000007f5fea89a0] [MocapTag] [0x00005f2f] [1618] , 5.76433, -0.0309182, -0.202825, -0.14837, -0.99973, 0.00790696, 0.00385748, 0.0215059, 0.00875727, -0.0046723, -0.0239702, 0.123334, -0.483397, 0, 
[2025-02-03 17:53:10.769858] [0x0000007f5fea89a0] [MocapTag] [0x00005f2f] [1619] , 5.76433, -0.0309182, -0.202825, -0.14837, -0.99973, 0.00790696, 0.00385748, 0.0215059, 0, 0, 0, 0, 0, 0, 
[2025-02-03 17:53:10.772530] [0x0000007f5fea89a0] [MocapTag] [0x00005f2f] [1620] , 5.76433, -0.0309182, -0.202825, -0.14837, -0.99973, 0.00790696, 0.00385748, 0.0215059, 0, 0, 0, 0, 0, 0, 
[2025-02-03 17:53:10.775286] [0x0000007f5fea89a0] [MocapTag] [0x00005f2f] [1621] , 5.77433, -0.0308628, -0.202863, -0.148155, -0.999717, 0.00821644, 0.0056344, 0.0216224, 0, 0, 0, 0, 0, 0, 
[2025-02-03 17:53:10.778237] [0x0000007f5fea89a0] [MocapTag] [0x00005f2f] [1622] , 5.77433, -0.0308628, -0.202863, -0.148155, -0.999717, 0.00821644, 0.0056344, 0.0216224, 0.00554076, -0.00380726, 0.0215238, -0.0697136, 0.353765, 0, 
[2025-02-03 17:53:10.782607] [0x0000007f5fea89a0] [MocapTag] [0x00005f2f] [1623] , 5.77433, -0.0308628, -0.202863, -0.148155, -0.999717, 0.00821644, 0.0056344, 0.0216224, 0, 0, 0, 0, 0, 0, 
[2025-02-03 17:53:10.785304] [0x0000007f5fea89a0] [MocapTag] [0x00005f2f] [1624] , 5.78433, -0.0308735, -0.20282, -0.148365, -0.999729, 0.007877, 0.00410384, 0.0215188, 0, 0, 0, 0, 0, 0, 
[2025-02-03 17:53:10.788094] [0x0000007f5fea89a0] [MocapTag] [0x00005f2f] [1625] , 5.78433, -0.0308735, -0.20282, -0.148365, -0.999729, 0.007877, 0.00410384, 0.0215188, 0, 0.00432002, -0.0209816, 0.074625, -0.304397, 0, 
[2025-02-03 17:53:10.790654] [0x0000007f5fea89a0] [MocapTag] [0x00005f2f] [1626] , 5.78433, -0.0308735, -0.20282, -0.148365, -0.999729, 0.007877, 0.00410384, 0.0215188, 0, 0, 0, 0, 0, 0, 
[2025-02-03 17:53:10.793519] [0x0000007f5fea89a0] [MocapTag] [0x00005f2f] [1627] , 5.78433, -0.0308604, -0.203067, -0.149404, -0.999693, 0.00589879, 0.0100871, 0.0218322, 0, 0, 0, 0, 0, 0, 
[2025-02-03 17:53:10.798374] [0x0000007f5fea89a0] [MocapTag] [0x00005f2f] [1628] , 5.79433, -0.0308604, -0.203067, -0.149404, -0.999693, 0.00589879, 0.0100871, 0.0218322, 0, -0.0246962, -0.103975, 0.369024, 1.20452, 0.0687368, 
[2025-02-03 17:53:10.801194] [0x0000007f5fea89a0] [MocapTag] [0x00005f2f] [1629] , 5.79433, -0.0308604, -0.203067, -0.149404, -0.999693, 0.00589879, 0.0100871, 0.0218322, 0, 0, 0, 0, 0, 0, 
[2025-02-03 17:53:10.803704] [0x0000007f5fea89a0] [MocapTag] [0x00005f2f] [1630] , 5.79433, -0.0309347, -0.202952, -0.14971, -0.999717, 0.00543102, 0.00816844, 0.0216823, 0, 0, 0, 0, 0, 0, 
[2025-02-03 17:53:10.806599] [0x0000007f5fea89a0] [MocapTag] [0x00005f2f] [1631] , 5.80433, -0.0309347, -0.202952, -0.14971, -0.999717, 0.00543102, 0.00816844, 0.0216823, -0.00742087, 0.0114446, -0.0306213, 0.102234, -0.381432, 0, 
[2025-02-03 17:53:10.809203] [0x0000007f5fea89a0] [MocapTag] [0x00005f2f] [1632] , 5.80433, -0.0309347, -0.202952, -0.14971, -0.999717, 0.00543102, 0.00816844, 0.0216823, 0, 0, 0, 0, 0, 0, 
[2025-02-03 17:53:10.814156] [0x0000007f5fea89a0] [MocapTag] [0x00005f2f] [1633] , 5.80433, -0.0309347, -0.202952, -0.14971, -0.999717, 0.00543102, 0.00816844, 0.0216823, 0, 0, 0, 0, 0, 0, 
[2025-02-03 17:53:10.816838] [0x0000007f5fea89a0] [MocapTag] [0x00005f2f] [1634] , 5.81433, -0.0308715, -0.203075, -0.149459, -0.999693, 0.00590764, 0.010222, 0.0217774, 0, 0, 0, 0, 0, 0, 
[2025-02-03 17:53:10.819832] [0x0000007f5fea89a0] [MocapTag] [0x00005f2f] [1635] , 5.81433, -0.0308715, -0.203075, -0.149459, -0.999693, 0.00590764, 0.010222, 0.0217774, 0.00631715, -0.012213, 0.0251048, -0.104475, 0.408427, 0, 
[2025-02-03 17:53:10.822528] [0x0000007f5fea89a0] [MocapTag] [0x00005f2f] [1636] , 5.81433, -0.0308715, -0.203075, -0.149459, -0.999693, 0.00590764, 0.010222, 0.0217774, 0, 0, 0, 0, 0, 0, 
[2025-02-03 17:53:10.825339] [0x0000007f5fea89a0] [MocapTag] [0x00005f2f] [1637] , 5.82434, -0.030722, -0.203001, -0.149644, -0.999729, 0.00541686, 0.00784902, 0.0212362, 0, 0, 0, 0, 0, 0, 
[2025-02-03 17:53:10.829689] [0x0000007f5fea89a0] [MocapTag] [0x00005f2f] [1638] , 5.82434, -0.030722, -0.203001, -0.149644, -0.999729, 0.00541686, 0.00784902, 0.0212362, 0.0149446, 0.00730182, -0.0184583, 0.109386, -0.471736, -0.11211, 
[2025-02-03 17:53:10.832459] [0x0000007f5fea89a0] [MocapTag] [0x00005f2f] [1639] , 5.82434, -0.030722, -0.203001, -0.149644, -0.999729, 0.00541686, 0.00784902, 0.0212362, 0, 0, 0, 0, 0, 0, 
[2025-02-03 17:53:10.835278] [0x0000007f5fea89a0] [MocapTag] [0x00005f2f] [1640] , 5.83432, -0.0306853, -0.203133, -0.1496, -0.999706, 0.00554485, 0.0103959, 0.0211738, 0, 0, 0, 0, 0, 0, 
[2025-02-03 17:53:10.837942] [0x0000007f5fea89a0] [MocapTag] [0x00005f2f] [1641] , 5.83432, -0.0306853, -0.203133, -0.1496, -0.999706, 0.00554485, 0.0103959, 0.0211738, 0.00366959, -0.0131879, 0.00444557, -0.0363588, 0.508793, 0, 
[2025-02-03 17:53:10.840655] [0x0000007f5fea89a0] [MocapTag] [0x00005f2f] [1642] , 5.83432, -0.0306853, -0.203133, -0.1496, -0.999706, 0.00554485, 0.0103959, 0.0211738, 0, 0, 0, 0, 0, 0, 
[2025-02-03 17:53:10.844264] [0x0000007f5fea89a0] [MocapTag] [0x00005f2f] [1643] , 5.83432, -0.0307804, -0.202974, -0.149611, -0.999732, 0.00545537, 0.00749011, 0.0212221, 0, 0, 0, 0, 0, 0, 
[2025-02-03 17:53:10.846892] [0x0000007f5fea89a0] [MocapTag] [0x00005f2f] [1644] , 5.84434, -0.0307804, -0.202974, -0.149611, -0.999732, 0.00545537, 0.00749011, 0.0212221, -0.00950209, 0.0158913, 0, 0, -0.580707, 0, 
[2025-02-03 17:53:10.849414] [0x0000007f5fea89a0] [MocapTag] [0x00005f2f] [1645] , 5.84434, -0.0307804, -0.202974, -0.149611, -0.999732, 0.00545537, 0.00749011, 0.0212221, 0, 0, 0, 0, 0, 0, 
[2025-02-03 17:53:10.852170] [0x0000007f5fea89a0] [MocapTag] [0x00005f2f] [1646] , 5.84434, -0.0307804, -0.202974, -0.149611, -0.999732, 0.00545537, 0.00749011, 0.0212221, 0, 0, 0, 0, 0, 0, 
[2025-02-03 17:53:10.854650] [0x0000007f5fea89a0] [MocapTag] [0x00005f2f] [1647] , 5.85434, -0.0308407, -0.203406, -0.149845, -0.999701, 0.006253, 0.0112183, 0.0208207, 0, 0, 0, 0, 0, 0, 
[2025-02-03 17:53:10.858378] [0x0000007f5fea89a0] [MocapTag] [0x00005f2f] [1648] , 5.85434, -0.0308407, -0.203406, -0.149845, -0.999701, 0.006253, 0.0112183, 0.0208207, -0.00603133, -0.0431785, -0.0233864, -0.17457, 0.742609, -0.0740275, 
[2025-02-03 17:53:10.865801] [0x0000007f5fea89a0] [MocapTag] [0x00005f2f] [1649] , 5.86433, -0.0308407, -0.203406, -0.149845, -0.999701, 0.006253, 0.0112183, 0.0208207, 0, 0, 0, 0, 0, 0, 
[2025-02-03 17:53:10.866411] [0x0000007f5fea89a0] [MocapTag] [0x00005f2f] [1650] , 5.86433, -0.0306373, -0.202948, -0.149453, -0.999739, 0.0057983, 0.00668833, 0.0210388, 0, 0, 0, 0, 0, 0, 
[2025-02-03 17:53:10.867715] [0x0000007f5fea89a0] [MocapTag] [0x00005f2f] [1651] , 5.86433, -0.0306373, -0.202948, -0.149453, -0.999739, 0.0057983, 0.00668833, 0.0210388, 0.0203348, 0.0458672, 0.0391906, 0.109673, -0.90417, 0.0368677, 
[2025-02-03 17:53:10.870207] [0x0000007f5fea89a0] [MocapTag] [0x00005f2f] [1652] , 5.86433, -0.0306373, -0.202948, -0.149453, -0.999739, 0.0057983, 0.00668833, 0.0210388, 0, 0, 0, 0, 0, 0, 
[2025-02-03 17:53:10.872779] [0x0000007f5fea89a0] [MocapTag] [0x00005f2f] [1653] , 5.86433, -0.0308766, -0.203113, -0.149403, -0.999695, 0.00579144, 0.00997331, 0.0218171, 0, 0, 0, 0, 0, 0, 
[2025-02-03 17:53:10.875827] [0x0000007f5fea89a0] [MocapTag] [0x00005f2f] [1654] , 5.87431, -0.0308766, -0.203113, -0.149403, -0.999695, 0.00579144, 0.00997331, 0.0218171, -0.0239273, -0.0165861, 0.00492038, 0, 0.655953, 0.159845, 
[2025-02-03 17:53:10.880093] [0x0000007f5fea89a0] [MocapTag] [0x00005f2f] [1655] , 5.87431, -0.0308766, -0.203113, -0.149403, -0.999695, 0.00579144, 0.00997331, 0.0218171, 0, 0, 0, 0, 0, 0, 
[2025-02-03 17:53:10.882798] [0x0000007f5fea89a0] [MocapTag] [0x00005f2f] [1656] , 5.87431, -0.0308766, -0.203113, -0.149403, -0.999695, 0.00579144, 0.00997331, 0.0218171, 0, 0, 0, 0, 0, 0, 
[2025-02-03 17:53:10.886857] [0x0000007f5fea89a0] [MocapTag] [0x00005f2f] [1657] , 5.88433, -0.0306143, -0.202665, -0.149395, -0.999727, 0.00567626, 0.00880168, 0.020892, 0, 0, 0, 0, 0, 0, 
[2025-02-03 17:53:10.888326] [0x0000007f5fea89a0] [MocapTag] [0x00005f2f] [1658] , 5.88433, -0.0306143, -0.202665, -0.149395, -0.999727, 0.00567626, 0.00880168, 0.020892, 0.0262328, 0.0448205, 0, 0, -0.232686, -0.18677, 
[2025-02-03 17:53:10.890936] [0x0000007f5fea89a0] [MocapTag] [0x00005f2f] [1659] , 5.88433, -0.0306143, -0.202665, -0.149395, -0.999727, 0.00567626, 0.00880168, 0.020892, 0, 0, 0, 0, 0, 0, 
[2025-02-03 17:53:10.894496] [0x0000007f5fea89a0] [MocapTag] [0x00005f2f] [1660] , 5.88433, -0.0308135, -0.203015, -0.149367, -0.99969, 0.00582286, 0.0101007, 0.0219883, 0, 0, 0, 0, 0, 0, 
[2025-02-03 17:53:10.897256] [0x0000007f5fea89a0] [MocapTag] [0x00005f2f] [1661] , 5.89434, -0.0308135, -0.203015, -0.149367, -0.99969, 0.00582286, 0.0101007, 0.0219883, -0.019926, -0.0350164, 0.00284418, -0.0369787, 0.257804, 0.221261, 
[2025-02-03 17:53:10.899794] [0x0000007f5fea89a0] [MocapTag] [0x00005f2f] [1662] , 5.89434, -0.0308135, -0.203015, -0.149367, -0.99969, 0.00582286, 0.0101007, 0.0219883, 0, 0, 0, 0, 0, 0, 
[2025-02-03 17:53:10.902407] [0x0000007f5fea89a0] [MocapTag] [0x00005f2f] [1663] , 5.89434, -0.0308135, -0.203015, -0.149367, -0.99969, 0.00582286, 0.0101007, 0.0219883, 0, 0, 0, 0, 0, 0, 
[2025-02-03 17:53:10.905290] [0x0000007f5fea89a0] [MocapTag] [0x00005f2f] [1664] , 5.90431, -0.0307011, -0.202685, -0.149681, -0.99973, 0.00516699, 0.00864439, 0.0209489, 0, 0, 0, 0, 0, 0, 
[2025-02-03 17:53:10.909742] [0x0000007f5fea89a0] [MocapTag] [0x00005f2f] [1665] , 5.90431, -0.0307011, -0.202685, -0.149681, -0.99973, 0.00516699, 0.00864439, 0.0209489, 0.0112476, 0.0330796, -0.0313792, 0.13938, -0.287185, -0.210948, 
[2025-02-03 17:53:10.912795] [0x0000007f5fea89a0] [MocapTag] [0x00005f2f] [1666] , 5.90431, -0.0307011, -0.202685, -0.149681, -0.99973, 0.00516699, 0.00864439, 0.0209489, 0, 0, 0, 0, 0, 0, 
[2025-02-03 17:53:10.915537] [0x0000007f5fea89a0] [MocapTag] [0x00005f2f] [1667] , 5.91432, -0.0306109, -0.203186, -0.149206, -0.999678, 0.00492558, 0.0107506, 0.0224592, 0, 0, 0, 0, 0, 0, 
[2025-02-03 17:53:10.917800] [0x0000007f5fea89a0] [MocapTag] [0x00005f2f] [1668] , 5.91432, -0.0306109, -0.203186, -0.149206, -0.999678, 0.00492558, 0.0107506, 0.0224592, 0.00901824, -0.0501071, 0.0474601, 0.0361681, 0.420628, 0.304095, 
[2025-02-03 17:53:10.920411] [0x0000007f5fea89a0] [MocapTag] [0x00005f2f] [1669] , 5.91432, -0.0306109, -0.203186, -0.149206, -0.999678, 0.00492558, 0.0107506, 0.0224592, 0, 0, 0, 0, 0, 0, 
[2025-02-03 17:53:10.923225] [0x0000007f5fea89a0] [MocapTag] [0x00005f2f] [1670] , 5.91432, -0.030317, -0.202986, -0.149322, -0.999715, 0.00479047, 0.0102112, 0.0210528, 0, 0, 0, 0, 0, 0, 
[2025-02-03 17:53:10.927742] [0x0000007f5fea89a0] [MocapTag] [0x00005f2f] [1671] , 5.92433, -0.030317, -0.202986, -0.149322, -0.999715, 0.00479047, 0.0102112, 0.0210528, 0.029387, 0.0199309, -0.0115864, 0, -0.105838, -0.282261, 
[2025-02-03 17:53:10.929566] [0x0000007f5fea89a0] [MocapTag] [0x00005f2f] [1672] , 5.92433, -0.030317, -0.202986, -0.149322, -0.999715, 0.00479047, 0.0102112, 0.0210528, 0, 0, 0, 0, 0, 0, 
[2025-02-03 17:53:10.932404] [0x0000007f5fea89a0] [MocapTag] [0x00005f2f] [1673] , 5.92433, -0.030317, -0.202986, -0.149322, -0.999715, 0.00479047, 0.0102112, 0.0210528, 0, 0, 0, 0, 0, 0, 
[2025-02-03 17:53:10.934639] [0x0000007f5fea89a0] [MocapTag] [0x00005f2f] [1674] , 5.93434, -0.0307201, -0.203206, -0.14954, -0.999683, 0.00530333, 0.010182, 0.0223851, 0, 0, 0, 0, 0, 0, 
[2025-02-03 17:53:10.938123] [0x0000007f5fea89a0] [MocapTag] [0x00005f2f] [1675] , 5.93434, -0.0307201, -0.203206, -0.14954, -0.999683, 0.00530333, 0.010182, 0.0223851, -0.0403051, -0.0219437, -0.021785, -0.105119, 0, 0.267556, 
[2025-02-03 17:53:10.942191] [0x0000007f5fea89a0] [MocapTag] [0x00005f2f] [1676] , 5.93434, -0.0307201, -0.203206, -0.14954, -0.999683, 0.00530333, 0.010182, 0.0223851, 0, 0, 0, 0, 0, 0, 
[2025-02-03 17:53:10.944718] [0x0000007f5fea89a0] [MocapTag] [0x00005f2f] [1677] , 5.94434, -0.0307384, -0.203199, -0.149238, -0.999682, 0.00502102, 0.0109626, 0.0221502, 0, 0, 0, 0, 0, 0, 
[2025-02-03 17:53:10.947718] [0x0000007f5fea89a0] [MocapTag] [0x00005f2f] [1678] , 5.94434, -0.0307384, -0.203199, -0.149238, -0.999682, 0.00502102, 0.0109626, 0.0221502, 0, 0, 0.030178, 0.0534534, 0.157613, -0.0466675, 
[2025-02-03 17:53:10.950287] [0x0000007f5fea89a0] [MocapTag] [0x00005f2f] [1679] , 5.94434, -0.0307384, -0.203199, -0.149238, -0.999682, 0.00502102, 0.0109626, 0.0221502, 0, 0, 0, 0, 0, 0, 
[2025-02-03 17:53:10.953065] [0x0000007f5fea89a0] [MocapTag] [0x00005f2f] [1680] , 5.94434, -0.0308679, -0.203171, -0.149484, -0.9997, 0.00498697, 0.00922945, 0.0221451, 0, 0, 0, 0, 0, 0, 
[2025-02-03 17:53:10.957607] [0x0000007f5fea89a0] [MocapTag] [0x00005f2f] [1681] , 5.95431, -0.0308679, -0.203171, -0.149484, -0.9997, 0.00498697, 0.00922945, 0.0221451, -0.0129531, 0.0028534, -0.0245593, 0, -0.346407, 0, 
[2025-02-03 17:53:10.960217] [0x0000007f5fea89a0] [MocapTag] [0x00005f2f] [1682] , 5.95431, -0.0308679, -0.203171, -0.149484, -0.9997, 0.00498697, 0.00922945, 0.0221451, 0, 0, 0, 0, 0, 0, 
[2025-02-03 17:53:10.962802] [0x0000007f5fea89a0] [MocapTag] [0x00005f2f] [1683] , 5.95431, -0.0308679, -0.203171, -0.149484, -0.9997, 0.00498697, 0.00922945, 0.0221451, 0, 0, 0, 0, 0, 0, 
[2025-02-03 17:53:10.968123] [0x0000007f5fea89a0] [MocapTag] [0x00005f2f] [1684] , 5.96433, -0.0307834, -0.203219, -0.149181, -0.999682, 0.00484839, 0.0106961, 0.0222928, 0, 0, 0, 0, 0, 0, 
[2025-02-03 17:53:10.968735] [0x0000007f5fea89a0] [MocapTag] [0x00005f2f] [1685] , 5.96433, -0.0307834, -0.203219, -0.149181, -0.999682, 0.00484839, 0.0106961, 0.0222928, 0.00845923, -0.00482504, 0.0302316, 0, 0.293728, 0, 
[2025-02-03 17:53:10.971080] [0x0000007f5fea89a0] [MocapTag] [0x00005f2f] [1686] , 5.96433, -0.0307834, -0.203219, -0.149181, -0.999682, 0.00484839, 0.0106961, 0.0222928, 0, 0, 0, 0, 0, 0, 
[2025-02-03 17:53:10.974769] [0x0000007f5fea89a0] [MocapTag] [0x00005f2f] [1687] , 5.97432, -0.0308253, -0.202892, -0.149312, -0.999692, 0.00500699, 0.0101078, 0.0220828, 0, 0, 0, 0, 0, 0, 
[2025-02-03 17:53:10.977391] [0x0000007f5fea89a0] [MocapTag] [0x00005f2f] [1688] , 5.97432, -0.0308253, -0.202892, -0.149312, -0.999692, 0.00500699, 0.0101078, 0.0220828, -0.00419203, 0.0327177, -0.0130367, 0, -0.118126, -0.0423461, 
[2025-02-03 17:53:10.979818] [0x0000007f5fea89a0] [MocapTag] [0x00005f2f] [1689] , 5.97432, -0.0308253, -0.202892, -0.149312, -0.999692, 0.00500699, 0.0101078, 0.0220828, 0, 0, 0, 0, 0, 0, 
[2025-02-03 17:53:10.982546] [0x0000007f5fea89a0] [MocapTag] [0x00005f2f] [1690] , 5.97432, -0.0308253, -0.202892, -0.149312, -0.999692, 0.00500699, 0.0101078, 0.0220828, 0, 0, 0, 0, 0, 0, 
[2025-02-03 17:53:10.985771] [0x0000007f5fea89a0] [MocapTag] [0x00005f2f] [1691] , 5.98434, -0.0305572, -0.203138, -0.149157, -0.999675, 0.00483559, 0.0110064, 0.0224885, 0, 0, 0, 0, 0, 0, 
[2025-02-03 17:53:10.989983] [0x0000007f5fea89a0] [MocapTag] [0x00005f2f] [1692] , 5.98434, -0.0305572, -0.203138, -0.149157, -0.999675, 0.00483559, 0.0110064, 0.0224885, 0.0268035, -0.0246292, 0.0154425, 0, 0.180029, 0.0818212, 
[2025-02-03 17:53:10.992115] [0x0000007f5fea89a0] [MocapTag] [0x00005f2f] [1693] , 5.98434, -0.0305572, -0.203138, -0.149157, -0.999675, 0.00483559, 0.0110064, 0.0224885, 0, 0, 0, 0, 0, 0, 
[2025-02-03 17:53:10.995631] [0x0000007f5fea89a0] [MocapTag] [0x00005f2f] [1694] , 5.99434, -0.0307235, -0.20301, -0.149308, -0.999699, 0.00468611, 0.0100196, 0.0218909, 0, 0, 0, 0, 0, 0, 
[2025-02-03 17:53:10.997582] [0x0000007f5fea89a0] [MocapTag] [0x00005f2f] [1695] , 5.99434, -0.0307235, -0.20301, -0.149308, -0.999699, 0.00468611, 0.0100196, 0.0218909, -0.0166234, 0.0128147, -0.0150988, 0.0355482, -0.196057, -0.12095, 
[2025-02-03 17:53:11.000034] [0x0000007f5fea89a0] [MocapTag] [0x00005f2f] [1696] , 5.99434, -0.0307235, -0.20301, -0.149308, -0.999699, 0.00468611, 0.0100196, 0.0218909, 0, 0, 0, 0, 0, 0, 
[2025-02-03 17:53:11.004684] [0x0000007f5fea89a0] [MocapTag] [0x00005f2f] [1697] , 6.00434, -0.0307235, -0.20301, -0.149308, -0.999699, 0.00468611, 0.0100196, 0.0218909, 0, 0, 0, 0, 0, 0, 
[2025-02-03 17:53:11.007625] [0x0000007f5fea89a0] [MocapTag] [0x00005f2f] [1698] , 6.00434, -0.0307882, -0.203196, -0.149347, -0.999692, 0.00483981, 0.00974897, 0.0223134, 0, 0, 0, 0, 0, 0, 
[2025-02-03 17:53:11.010046] [0x0000007f5fea89a0] [MocapTag] [0x00005f2f] [1699] , 6.00434, -0.0307882, -0.203196, -0.149347, -0.999692, 0.00483981, 0.00974897, 0.0223134, -0.0064684, -0.0185983, -0.00387537, 0, -0.0552097, 0.0845358, 
[2025-02-03 17:53:11.012848] [0x0000007f5fea89a0] [MocapTag] [0x00005f2f] [1700] , 6.00434, -0.0307882, -0.203196, -0.149347, -0.999692, 0.00483981, 0.00974897, 0.0223134, 0, 0, 0, 0, 0, 0, 
[2025-02-03 17:53:11.015579] [0x0000007f5fea89a0] [MocapTag] [0x00005f2f] [1701] , 6.01433, -0.0306044, -0.203333, -0.149445, -0.999684, 0.00462662, 0.0116933, 0.0217703, 0, 0, 0, 0, 0, 0, 
[2025-02-03 17:53:11.020597] [0x0000007f5fea89a0] [MocapTag] [0x00005f2f] [1702] , 6.01433, -0.0306044, -0.203333, -0.149445, -0.999684, 0.00462662, 0.0116933, 0.0217703, 0.0183718, -0.0137334, -0.00980537, 0.0351667, 0.390276, -0.107005, 
[2025-02-03 17:53:11.023288] [0x0000007f5fea89a0] [MocapTag] [0x00005f2f] [1703] , 6.01433, -0.0307596, -0.203001, -0.149225, -0.999696, 0.00459922, 0.00977175, 0.02215, 0, 0, 0, 0, 0, 0, 
[2025-02-03 17:53:11.026139] [0x0000007f5fea89a0] [MocapTag] [0x00005f2f] [1704] , 6.02433, -0.0307596, -0.203001, -0.149225, -0.999696, 0.00459922, 0.00977175, 0.02215, -0.015516, 0.0332242, 0.0219954, 0, -0.384488, 0.0738669, 
[2025-02-03 17:53:11.028850] [0x0000007f5fea89a0] [MocapTag] [0x00005f2f] [1705] , 6.02433, -0.0307596, -0.203001, -0.149225, -0.999696, 0.00459922, 0.00977175, 0.02215, 0, 0, 0, 0, 0, 0, 
[2025-02-03 17:53:11.031518] [0x0000007f5fea89a0] [MocapTag] [0x00005f2f] [1706] , 6.02433, -0.0307596, -0.203001, -0.149225, -0.999696, 0.00459922, 0.00977175, 0.02215, 0, 0, 0, 0, 0, 0, 
[2025-02-03 17:53:11.036049] [0x0000007f5fea89a0] [MocapTag] [0x00005f2f] [1707] , 6.03433, -0.0306488, -0.203205, -0.149186, -0.999686, 0.00492013, 0.010822, 0.0220576, 0, 0, 0, 0, 0, 0, 
[2025-02-03 17:53:11.038749] [0x0000007f5fea89a0] [MocapTag] [0x00005f2f] [1708] , 6.03433, -0.0306488, -0.203205, -0.149186, -0.999686, 0.00492013, 0.010822, 0.0220576, 0.011085, -0.020455, 0.00392065, -0.0686646, 0.208671, 0, 
[2025-02-03 17:53:11.041648] [0x0000007f5fea89a0] [MocapTag] [0x00005f2f] [1709] , 6.03433, -0.0306488, -0.203205, -0.149186, -0.999686, 0.00492013, 0.010822, 0.0220576, 0, 0, 0, 0, 0, 0, 
[2025-02-03 17:53:11.044581] [0x0000007f5fea89a0] [MocapTag] [0x00005f2f] [1710] , 6.03433, -0.0309302, -0.20268, -0.149656, -0.999721, 0.005423, 0.00830932, 0.0214497, 0, 0, 0, 0, 0, 0, 
[2025-02-03 17:53:11.046980] [0x0000007f5fea89a0] [MocapTag] [0x00005f2f] [1711] , 6.04434, -0.0309302, -0.20268, -0.149656, -0.999721, 0.005423, 0.00830932, 0.0214497, -0.0281484, 0.0525884, -0.047069, -0.0884056, -0.503963, -0.123582, 
[2025-02-03 17:53:11.051664] [0x0000007f5fea89a0] [MocapTag] [0x00005f2f] [1712] , 6.04434, -0.0309302, -0.20268, -0.149656, -0.999721, 0.005423, 0.00830932, 0.0214497, 0, 0, 0, 0, 0, 0, 
[2025-02-03 17:53:11.054190] [0x0000007f5fea89a0] [MocapTag] [0x00005f2f] [1713] , 6.04434, -0.0306256, -0.203209, -0.149433, -0.999674, 0.00533888, 0.0108067, 0.0225065, 0, 0, 0, 0, 0, 0, 
[2025-02-03 17:53:11.057262] [0x0000007f5fea89a0] [MocapTag] [0x00005f2f] [1714] , 6.05434, -0.0306256, -0.203209, -0.149433, -0.999674, 0.00533888, 0.0108067, 0.0225065, 0.0304669, -0.0529816, 0.022378, 0, 0.498556, 0.214279, 
[2025-02-03 17:53:11.059666] [0x0000007f5fea89a0] [MocapTag] [0x00005f2f] [1715] , 6.05434, -0.0306256, -0.203209, -0.149433, -0.999674, 0.00533888, 0.0108067, 0.0225065, 0, 0, 0, 0, 0, 0, 
[2025-02-03 17:53:11.062346] [0x0000007f5fea89a0] [MocapTag] [0x00005f2f] [1716] , 6.05434, -0.0306256, -0.203209, -0.149433, -0.999674, 0.00533888, 0.0108067, 0.0225065, 0, 0, 0, 0, 0, 0, 
[2025-02-03 17:53:11.064878] [0x0000007f5fea89a0] [MocapTag] [0x00005f2f] [1717] , 6.06432, -0.0307464, -0.203219, -0.149188, -0.999679, 0.004872, 0.0109236, 0.0223196, 0, 0, 0, 0, 0, 0, 
[2025-02-03 17:53:11.068923] [0x0000007f5fea89a0] [MocapTag] [0x00005f2f] [1718] , 6.06432, -0.0307464, -0.203219, -0.149188, -0.999679, 0.004872, 0.0109236, 0.0223196, -0.0120882, 0, 0.0244442, 0.0932217, 0, -0.0382528, 
[2025-02-03 17:53:11.071523] [0x0000007f5fea89a0] [MocapTag] [0x00005f2f] [1719] , 6.06432, -0.0307464, -0.203219, -0.149188, -0.999679, 0.004872, 0.0109236, 0.0223196, 0, 0, 0, 0, 0, 0, 
[2025-02-03 17:53:11.074159] [0x0000007f5fea89a0] [MocapTag] [0x00005f2f] [1720] , 6.06432, -0.0308681, -0.203162, -0.149411, -0.999703, 0.00473936, 0.00900628, 0.0221607, 0, 0, 0, 0, 0, 0, 
[2025-02-03 17:53:11.077288] [0x0000007f5fea89a0] [MocapTag] [0x00005f2f] [1721] , 6.07434, -0.0308681, -0.203162, -0.149411, -0.999703, 0.00473936, 0.00900628, 0.0221607, -0.0121636, 0.00570198, -0.0222962, 0.035429, -0.382625, 0, 
[2025-02-03 17:53:11.079676] [0x0000007f5fea89a0] [MocapTag] [0x00005f2f] [1722] , 6.07434, -0.0308681, -0.203162, -0.149411, -0.999703, 0.00473936, 0.00900628, 0.0221607, 0, 0, 0, 0, 0, 0, 
[2025-02-03 17:53:11.084026] [0x0000007f5fea89a0] [MocapTag] [0x00005f2f] [1723] , 6.07434, -0.0308681, -0.203162, -0.149411, -0.999703, 0.00473936, 0.00900628, 0.0221607, 0, 0, 0, 0, 0, 0, 
[2025-02-03 17:53:11.086610] [0x0000007f5fea89a0] [MocapTag] [0x00005f2f] [1724] , 6.08433, -0.0305151, -0.203237, -0.14913, -0.999698, 0.00507588, 0.0104326, 0.0216591, 0, 0, 0, 0, 0, 0, 
[2025-02-03 17:53:11.089547] [0x0000007f5fea89a0] [MocapTag] [0x00005f2f] [1725] , 6.08433, -0.0305151, -0.203237, -0.14913, -0.999698, 0.00507588, 0.0104326, 0.0216591, 0.0352993, -0.00753922, 0.0280998, -0.0726223, 0.284239, -0.0981186, 
[2025-02-03 17:53:11.092294] [0x0000007f5fea89a0] [MocapTag] [0x00005f2f] [1726] , 6.08433, -0.0305151, -0.203237, -0.14913, -0.999698, 0.00507588, 0.0104326, 0.0216591, 0, 0, 0, 0, 0, 0, 
[2025-02-03 17:53:11.095748] [0x0000007f5fea89a0] [MocapTag] [0x00005f2f] [1727] , 6.09432, -0.0308437, -0.202972, -0.149333, -0.999693, 0.00502437, 0.0101149, 0.022036, 0, 0, 0, 0, 0, 0, 
[2025-02-03 17:53:11.099360] [0x0000007f5fea89a0] [MocapTag] [0x00005f2f] [1728] , 6.09432, -0.0308437, -0.202972, -0.149333, -0.999693, 0.00502437, 0.0101149, 0.022036, -0.0328585, 0.0264988, -0.0202514, 0, -0.063695, 0.0749383, 
[2025-02-03 17:53:11.102058] [0x0000007f5fea89a0] [MocapTag] [0x00005f2f] [1729] , 6.09432, -0.0308437, -0.202972, -0.149333, -0.999693, 0.00502437, 0.0101149, 0.022036, 0, 0, 0, 0, 0, 0, 
[2025-02-03 17:53:11.104709] [0x0000007f5fea89a0] [MocapTag] [0x00005f2f] [1730] , 6.10434, -0.0302936, -0.203208, -0.149244, -0.999693, 0.00494404, 0.0109405, 0.0216543, 0, 0, 0, 0, 0, 0, 
[2025-02-03 17:53:11.108310] [0x0000007f5fea89a0] [MocapTag] [0x00005f2f] [1731] , 6.10434, -0.0302936, -0.203208, -0.149244, -0.999693, 0.00494404, 0.0109405, 0.0216543, 0.0550087, -0.0235632, 0.00888141, 0, 0.16584, -0.0756036, 
[2025-02-03 17:53:11.110948] [0x0000007f5fea89a0] [MocapTag] [0x00005f2f] [1732] , 6.10434, -0.0302936, -0.203208, -0.149244, -0.999693, 0.00494404, 0.0109405, 0.0216543, 0, 0, 0, 0, 0, 0, 
[2025-02-03 17:53:11.115447] [0x0000007f5fea89a0] [MocapTag] [0x00005f2f] [1733] , 6.11433, -0.0307797, -0.203042, -0.149306, -0.999696, 0.00475346, 0.00995489, 0.0220635, 0, 0, 0, 0, 0, 0, 
[2025-02-03 17:53:11.118042] [0x0000007f5fea89a0] [MocapTag] [0x00005f2f] [1734] , 6.11433, -0.0307797, -0.203042, -0.149306, -0.999696, 0.00475346, 0.00995489, 0.0220635, -0.0486073, 0.0165978, -0.00617753, 0.0416279, -0.196669, 0.0803761, 
[2025-02-03 17:53:11.123068] [0x0000007f5fea89a0] [MocapTag] [0x00005f2f] [1735] , 6.11433, -0.0307797, -0.203042, -0.149306, -0.999696, 0.00475346, 0.00995489, 0.0220635, 0, 0, 0, 0, 0, 0, 
[2025-02-03 17:53:11.123609] [0x0000007f5fea89a0] [MocapTag] [0x00005f2f] [1736] , 6.11433, -0.0308465, -0.203144, -0.14941, -0.999699, 0.00491496, 0.00924597, 0.0221882, 0, 0, 0, 0, 0, 0, 
[2025-02-03 17:53:11.125973] [0x0000007f5fea89a0] [MocapTag] [0x00005f2f] [1737] , 6.12433, -0.0308465, -0.203144, -0.14941, -0.999699, 0.00491496, 0.00924597, 0.0221882, -0.00668611, -0.0102118, -0.0104445, 0, -0.142597, 0, 
[2025-02-03 17:53:11.130338] [0x0000007f5fea89a0] [MocapTag] [0x00005f2f] [1738] , 6.12433, -0.0308465, -0.203144, -0.14941, -0.999699, 0.00491496, 0.00924597, 0.0221882, 0, 0, 0, 0, 0, 0, 
[2025-02-03 17:53:11.133559] [0x0000007f5fea89a0] [MocapTag] [0x00005f2f] [1739] , 6.12433, -0.0308784, -0.203273, -0.149217, -0.999683, 0.00500863, 0.0109081, 0.0221513, 0, 0, 0, 0, 0, 0, 
[2025-02-03 17:53:11.136009] [0x0000007f5fea89a0] [MocapTag] [0x00005f2f] [1740] , 6.13432, -0.0308784, -0.203273, -0.149217, -0.999683, 0.00500863, 0.0109081, 0.0221513, -0.00318464, -0.0129139, 0.019299, 0, 0.331987, 0, 
[2025-02-03 17:53:11.139721] [0x0000007f5fea89a0] [MocapTag] [0x00005f2f] [1741] , 6.13432, -0.0308784, -0.203273, -0.149217, -0.999683, 0.00500863, 0.0109081, 0.0221513, 0, 0, 0, 0, 0, 0, 
[2025-02-03 17:53:11.141309] [0x0000007f5fea89a0] [MocapTag] [0x00005f2f] [1742] , 6.13432, -0.0308784, -0.203273, -0.149217, -0.999683, 0.00500863, 0.0109081, 0.0221513, 0, 0, 0, 0, 0, 0, 
[2025-02-03 17:53:11.145746] [0x0000007f5fea89a0] [MocapTag] [0x00005f2f] [1743] , 6.14433, -0.0308687, -0.202942, -0.149302, -0.999693, 0.00504619, 0.0101513, 0.0220228, 0, 0, 0, 0, 0, 0, 
[2025-02-03 17:53:11.148689] [0x0000007f5fea89a0] [MocapTag] [0x00005f2f] [1744] , 6.14433, -0.0308687, -0.202942, -0.149302, -0.999693, 0.00504619, 0.0101513, 0.0220228, 0, 0.033103, -0.00848179, 0, -0.151375, 0, 
[2025-02-03 17:53:11.151640] [0x0000007f5fea89a0] [MocapTag] [0x00005f2f] [1745] , 6.14433, -0.0308687, -0.202942, -0.149302, -0.999693, 0.00504619, 0.0101513, 0.0220228, 0, 0, 0, 0, 0, 0, 
[2025-02-03 17:53:11.154209] [0x0000007f5fea89a0] [MocapTag] [0x00005f2f] [1746] , 6.14433, -0.0303381, -0.203104, -0.149063, -0.999692, 0.00519592, 0.0105836, 0.0218392, 0, 0, 0, 0, 0, 0, 
[2025-02-03 17:53:11.157031] [0x0000007f5fea89a0] [MocapTag] [0x00005f2f] [1747] , 6.15433, -0.0303381, -0.203104, -0.149063, -0.999692, 0.00519592, 0.0105836, 0.0218392, 0.0530572, -0.0162, 0.0238517, 0, 0.0859898, -0.0359245, 
[2025-02-03 17:53:11.161084] [0x0000007f5fea89a0] [MocapTag] [0x00005f2f] [1748] , 6.15433, -0.0303381, -0.203104, -0.149063, -0.999692, 0.00519592, 0.0105836, 0.0218392, 0, 0, 0, 0, 0, 0, 
[2025-02-03 17:53:11.163792] [0x0000007f5fea89a0] [MocapTag] [0x00005f2f] [1749] , 6.15433, -0.030794, -0.203043, -0.149321, -0.999696, 0.00482133, 0.00995474, 0.0220278, 0, 0, 0, 0, 0, 0, 
[2025-02-03 17:53:11.166629] [0x0000007f5fea89a0] [MocapTag] [0x00005f2f] [1750] , 6.16433, -0.030794, -0.203043, -0.149321, -0.999696, 0.00482133, 0.00995474, 0.0220278, -0.0455889, 0.00611924, -0.0257052, 0.0772953, -0.124299, 0.0362616, 
[2025-02-03 17:53:11.169676] [0x0000007f5fea89a0] [MocapTag] [0x00005f2f] [1751] , 6.16433, -0.030794, -0.203043, -0.149321, -0.999696, 0.00482133, 0.00995474, 0.0220278, 0, 0, 0, 0, 0, 0, 
[2025-02-03 17:53:11.171935] [0x0000007f5fea89a0] [MocapTag] [0x00005f2f] [1752] , 6.16433, -0.030794, -0.203043, -0.149321, -0.999696, 0.00482133, 0.00995474, 0.0220278, 0, 0, 0, 0, 0, 0, 
[2025-02-03 17:53:11.176257] [0x0000007f5fea89a0] [MocapTag] [0x00005f2f] [1753] , 6.17433, -0.0306174, -0.203032, -0.149662, -0.999726, 0.00570186, 0.00868225, 0.0209899, 0, 0, 0, 0, 0, 0, 
[2025-02-03 17:53:11.179086] [0x0000007f5fea89a0] [MocapTag] [0x00005f2f] [1754] , 6.17433, -0.0306174, -0.203032, -0.149662, -0.999726, 0.00570186, 0.00868225, 0.0209899, 0.0176617, 0, -0.0341572, -0.168657, -0.25711, -0.207521, 
[2025-02-03 17:53:11.182066] [0x0000007f5fea89a0] [MocapTag] [0x00005f2f] [1755] , 6.17433, -0.0306174, -0.203032, -0.149662, -0.999726, 0.00570186, 0.00868225, 0.0209899, 0, 0, 0, 0, 0, 0, 
[2025-02-03 17:53:11.184476] [0x0000007f5fea89a0] [MocapTag] [0x00005f2f] [1756] , 6.17433, -0.0309309, -0.203136, -0.149399, -0.999696, 0.005892, 0.0101745, 0.0216819, 0, 0, 0, 0, 0, 0, 
[2025-02-03 17:53:11.187497] [0x0000007f5fea89a0] [MocapTag] [0x00005f2f] [1757] , 6.18432, -0.0309309, -0.203136, -0.149399, -0.999696, 0.005892, 0.0101745, 0.0216819, -0.0313487, -0.010432, 0.0263497, -0.0457287, 0.296754, 0.140703, 
[2025-02-03 17:53:11.191718] [0x0000007f5fea89a0] [MocapTag] [0x00005f2f] [1758] , 6.18432, -0.0309309, -0.203136, -0.149399, -0.999696, 0.005892, 0.0101745, 0.0216819, 0, 0, 0, 0, 0, 0, 
[2025-02-03 17:53:11.194881] [0x0000007f5fea89a0] [MocapTag] [0x00005f2f] [1759] , 6.19432, -0.0309346, -0.202759, -0.149535, -0.999711, 0.00565285, 0.00911667, 0.0215333, 0, 0, 0, 0, 0, 0, 
[2025-02-03 17:53:11.197318] [0x0000007f5fea89a0] [MocapTag] [0x00005f2f] [1760] , 6.19432, -0.0309346, -0.202759, -0.149535, -0.999711, 0.00565285, 0.00911667, 0.0215333, 0, 0.037678, -0.0136393, 0.0527143, -0.210316, 0, 
[2025-02-03 17:53:11.199970] [0x0000007f5fea89a0] [MocapTag] [0x00005f2f] [1761] , 6.19432, -0.0309346, -0.202759, -0.149535, -0.999711, 0.00565285, 0.00911667, 0.0215333, 0, 0, 0, 0, 0, 0, 
[2025-02-03 17:53:11.202533] [0x0000007f5fea89a0] [MocapTag] [0x00005f2f] [1762] , 6.19432, -0.0309346, -0.202759, -0.149535, -0.999711, 0.00565285, 0.00911667, 0.0215333, 0, 0, 0, 0, 0, 0, 
[2025-02-03 17:53:11.207135] [0x0000007f5fea89a0] [MocapTag] [0x00005f2f] [1763] , 6.20433, -0.0305953, -0.203199, -0.149184, -0.999678, 0.0048338, 0.0107033, 0.0224795, 0, 0, 0, 0, 0, 0, 
[2025-02-03 17:53:11.210070] [0x0000007f5fea89a0] [MocapTag] [0x00005f2f] [1764] , 6.20433, -0.0305953, -0.203199, -0.149184, -0.999678, 0.0048338, 0.0107033, 0.0224795, 0.0339305, -0.0439773, 0.0351112, 0.154901, 0.319843, 0.189579, 
[2025-02-03 17:53:11.212897] [0x0000007f5fea89a0] [MocapTag] [0x00005f2f] [1765] , 6.20433, -0.0305953, -0.203199, -0.149184, -0.999678, 0.0048338, 0.0107033, 0.0224795, 0, 0, 0, 0, 0, 0, 
[2025-02-03 17:53:11.215647] [0x0000007f5fea89a0] [MocapTag] [0x00005f2f] [1766] , 6.21433, -0.0304362, -0.203366, -0.149148, -0.999688, 0.00442621, 0.0112887, 0.021822, 0, 0, 0, 0, 0, 0, 
[2025-02-03 17:53:11.218371] [0x0000007f5fea89a0] [MocapTag] [0x00005f2f] [1767] , 6.21433, -0.0304362, -0.203366, -0.149148, -0.999688, 0.00442621, 0.0112887, 0.021822, 0.0159115, -0.016742, 0.00360838, 0.0803471, 0.119514, -0.131807, 
[2025-02-03 17:53:11.223413] [0x0000007f5fea89a0] [MocapTag] [0x00005f2f] [1768] , 6.21433, -0.0304362, -0.203366, -0.149148, -0.999688, 0.00442621, 0.0112887, 0.021822, 0, 0, 0, 0, 0, 0, 
[2025-02-03 17:53:11.226461] [0x0000007f5fea89a0] [MocapTag] [0x00005f2f] [1769] , 6.22433, -0.0309255, -0.202882, -0.149398, -0.999719, 0.00610612, 0.00748163, 0.0216602, 0, 0, 0, 0, 0, 0, 
[2025-02-03 17:53:11.229583] [0x0000007f5fea89a0] [MocapTag] [0x00005f2f] [1770] , 6.22433, -0.0309255, -0.202882, -0.149398, -0.999719, 0.00610612, 0.00748163, 0.0216602, -0.048925, 0.0484048, -0.0250351, -0.31898, -0.768409, 0, 
[2025-02-03 17:53:11.232059] [0x0000007f5fea89a0] [MocapTag] [0x00005f2f] [1771] , 6.22433, -0.0309255, -0.202882, -0.149398, -0.999719, 0.00610612, 0.00748163, 0.0216602, 0, 0, 0, 0, 0, 0, 
[2025-02-03 17:53:11.234664] [0x0000007f5fea89a0] [MocapTag] [0x00005f2f] [1772] , 6.23433, -0.0309061, -0.203095, -0.149385, -0.999698, 0.00572457, 0.00993878, 0.0217564, 0, 0, 0, 0, 0, 0, 
[2025-02-03 17:53:11.238631] [0x0000007f5fea89a0] [MocapTag] [0x00005f2f] [1773] , 6.23433, -0.0309061, -0.203095, -0.149385, -0.999698, 0.00572457, 0.00993878, 0.0217564, 0, -0.0213122, 0, 0.0653744, 0.492866, 0, 
[2025-02-03 17:53:11.240787] [0x0000007f5fea89a0] [MocapTag] [0x00005f2f] [1774] , 6.23433, -0.0309061, -0.203095, -0.149385, -0.999698, 0.00572457, 0.00993878, 0.0217564, 0, 0, 0, 0, 0, 0, 
[2025-02-03 17:53:11.243473] [0x0000007f5fea89a0] [MocapTag] [0x00005f2f] [1775] , 6.23433, -0.0307489, -0.202902, -0.149327, -0.999699, 0.00498751, 0.0101113, 0.0217769, 0, 0, 0, 0, 0, 0, 
[2025-02-03 17:53:11.246351] [0x0000007f5fea89a0] [MocapTag] [0x00005f2f] [1776] , 6.24433, -0.0307489, -0.202902, -0.149327, -0.999699, 0.00498751, 0.0101113, 0.0217769, 0.0157226, 0.0192978, 0.00580992, 0.146604, 0.0376971, 0, 
[2025-02-03 17:53:11.249088] [0x0000007f5fea89a0] [MocapTag] [0x00005f2f] [1777] , 6.24433, -0.0307489, -0.202902, -0.149327, -0.999699, 0.00498751, 0.0101113, 0.0217769, 0, 0, 0, 0, 0, 0, 
[2025-02-03 17:53:11.253420] [0x0000007f5fea89a0] [MocapTag] [0x00005f2f] [1778] , 6.24433, -0.0307489, -0.202902, -0.149327, -0.999699, 0.00498751, 0.0101113, 0.0217769, 0, 0, 0, 0, 0, 0, 
[2025-02-03 17:53:11.255867] [0x0000007f5fea89a0] [MocapTag] [0x00005f2f] [1779] , 6.25433, -0.0307181, -0.203192, -0.149177, -0.999682, 0.00480515, 0.0103738, 0.0224712, 0, 0, 0, 0, 0, 0, 
[2025-02-03 17:53:11.258693] [0x0000007f5fea89a0] [MocapTag] [0x00005f2f] [1780] , 6.25433, -0.0307181, -0.203192, -0.149177, -0.999682, 0.00480515, 0.0103738, 0.0224712, 0.00307283, -0.0289882, 0.0149815, 0, 0.0525841, 0.138847, 
[2025-02-03 17:53:11.261393] [0x0000007f5fea89a0] [MocapTag] [0x00005f2f] [1781] , 6.25433, -0.0307181, -0.203192, -0.149177, -0.999682, 0.00480515, 0.0103738, 0.0224712, 0, 0, 0, 0, 0, 0, 
[2025-02-03 17:53:11.264676] [0x0000007f5fea89a0] [MocapTag] [0x00005f2f] [1782] , 6.26434, -0.0307521, -0.203253, -0.149166, -0.999678, 0.00499566, 0.0110455, 0.0223083, 0, 0, 0, 0, 0, 0, 
[2025-02-03 17:53:11.268969] [0x0000007f5fea89a0] [MocapTag] [0x00005f2f] [1783] , 6.26434, -0.0307521, -0.203253, -0.149166, -0.999678, 0.00499566, 0.0110455, 0.0223083, -0.0033905, -0.00605022, 0, -0.0407934, 0.133623, 0, 
[2025-02-03 17:53:11.273856] [0x0000007f5fea89a0] [MocapTag] [0x00005f2f] [1784] , 6.26434, -0.0307521, -0.203253, -0.149166, -0.999678, 0.00499566, 0.0110455, 0.0223083, 0, 0, 0, 0, 0, 0, 
[2025-02-03 17:53:11.274426] [0x0000007f5fea89a0] [MocapTag] [0x00005f2f] [1785] , 6.26434, -0.0308836, -0.203211, -0.149492, -0.999703, 0.00500563, 0.00909235, 0.022065, 0, 0, 0, 0, 0, 0, 
[2025-02-03 17:53:11.277052] [0x0000007f5fea89a0] [MocapTag] [0x00005f2f] [1786] , 6.27433, -0.0308836, -0.203211, -0.149492, -0.999703, 0.00500563, 0.00909235, 0.022065, -0.0131515, 0.00414841, -0.0326243, 0, -0.39034, -0.0508811, 
[2025-02-03 17:53:11.279832] [0x0000007f5fea89a0] [MocapTag] [0x00005f2f] [1787] , 6.27433, -0.0308836, -0.203211, -0.149492, -0.999703, 0.00500563, 0.00909235, 0.022065, 0, 0, 0, 0, 0, 0, 
[2025-02-03 17:53:11.283657] [0x0000007f5fea89a0] [MocapTag] [0x00005f2f] [1788] , 6.27433, -0.0308836, -0.203211, -0.149492, -0.999703, 0.00500563, 0.00909235, 0.022065, 0, 0, 0, 0, 0, 0, 
[2025-02-03 17:53:11.286368] [0x0000007f5fea89a0] [MocapTag] [0x00005f2f] [1789] , 6.28434, -0.0307936, -0.203249, -0.149207, -0.999681, 0.00498832, 0.0106685, 0.0223285, 0, 0, 0, 0, 0, 0, 
[2025-02-03 17:53:11.289174] [0x0000007f5fea89a0] [MocapTag] [0x00005f2f] [1790] , 6.28434, -0.0307936, -0.203249, -0.149207, -0.999681, 0.00498832, 0.0106685, 0.0223285, 0.00899396, -0.00378617, 0.0285589, 0, 0.314961, 0.0544604, 
[2025-02-03 17:53:11.291989] [0x0000007f5fea89a0] [MocapTag] [0x00005f2f] [1791] , 6.28434, -0.0307936, -0.203249, -0.149207, -0.999681, 0.00498832, 0.0106685, 0.0223285, 0, 0, 0, 0, 0, 0, 
[2025-02-03 17:53:11.294658] [0x0000007f5fea89a0] [MocapTag] [0x00005f2f] [1792] , 6.29434, -0.0308226, -0.201984, -0.149907, -0.999726, 0.00599258, 0.00766798, 0.0212838, 0, 0, 0, 0, 0, 0, 
[2025-02-03 17:53:11.298954] [0x0000007f5fea89a0] [MocapTag] [0x00005f2f] [1793] , 6.29434, -0.0308226, -0.201984, -0.149907, -0.999726, 0.00599258, 0.00766798, 0.0212838, -0.00289876, 0.126481, -0.0699909, -0.185752, -0.603173, -0.210844, 
[2025-02-03 17:53:11.301698] [0x0000007f5fea89a0] [MocapTag] [0x00005f2f] [1794] , 6.29434, -0.0308226, -0.201984, -0.149907, -0.999726, 0.00599258, 0.00766798, 0.0212838, 0, 0, 0, 0, 0, 0, 
[2025-02-03 17:53:11.304279] [0x0000007f5fea89a0] [MocapTag] [0x00005f2f] [1795] , 6.29434, -0.0308276, -0.203167, -0.149497, -0.999696, 0.00590582, 0.0097334, 0.0218694, 0, 0, 0, 0, 0, 0, 
[2025-02-03 17:53:11.307098] [0x0000007f5fea89a0] [MocapTag] [0x00005f2f] [1796] , 6.30434, -0.0308276, -0.203167, -0.149497, -0.999696, 0.00590582, 0.0097334, 0.0218694, 0, -0.118243, 0.0409868, 0, 0.412651, 0.119698, 
[2025-02-03 17:53:11.309720] [0x0000007f5fea89a0] [MocapTag] [0x00005f2f] [1797] , 6.30434, -0.0308276, -0.203167, -0.149497, -0.999696, 0.00590582, 0.0097334, 0.0218694, 0, 0, 0, 0, 0, 0, 
[2025-02-03 17:53:11.314502] [0x0000007f5fea89a0] [MocapTag] [0x00005f2f] [1798] , 6.30434, -0.0308276, -0.203167, -0.149497, -0.999696, 0.00590582, 0.0097334, 0.0218694, 0, 0, 0, 0, 0, 0, 
[2025-02-03 17:53:11.316840] [0x0000007f5fea89a0] [MocapTag] [0x00005f2f] [1799] , 6.31433, -0.0308922, -0.20311, -0.149445, -0.999691, 0.00602934, 0.0103877, 0.0217509, 0, 0, 0, 0, 0, 0, 
[2025-02-03 17:53:11.320046] [0x0000007f5fea89a0] [MocapTag] [0x00005f2f] [1800] , 6.31433, -0.0308922, -0.20311, -0.149445, -0.999691, 0.00602934, 0.0103877, 0.0217509, -0.00646026, 0.00572154, 0.0051415, 0, 0.130442, 0, 
[2025-02-03 17:53:11.322578] [0x0000007f5fea89a0] [MocapTag] [0x00005f2f] [1801] , 6.31433, -0.0308922, -0.20311, -0.149445, -0.999691, 0.00602934, 0.0103877, 0.0217509, 0, 0, 0, 0, 0, 0, 
[2025-02-03 17:53:11.325002] [0x0000007f5fea89a0] [MocapTag] [0x00005f2f] [1802] , 6.32433, -0.0308666, -0.202901, -0.149566, -0.999709, 0.00564414, 0.0090827, 0.0216121, 0, 0, 0, 0, 0, 0, 
[2025-02-03 17:53:11.329222] [0x0000007f5fea89a0] [MocapTag] [0x00005f2f] [1803] , 6.32433, -0.0308666, -0.202901, -0.149566, -0.999709, 0.00564414, 0.0090827, 0.0216121, 0.00255915, 0.0208977, -0.0120298, 0.0829935, -0.259107, 0, 
[2025-02-03 17:53:11.331932] [0x0000007f5fea89a0] [MocapTag] [0x00005f2f] [1804] , 6.32433, -0.0308666, -0.202901, -0.149566, -0.999709, 0.00564414, 0.0090827, 0.0216121, 0, 0, 0, 0, 0, 0, 
[2025-02-03 17:53:11.334547] [0x0000007f5fea89a0] [MocapTag] [0x00005f2f] [1805] , 6.32433, -0.0307861, -0.203002, -0.149333, -0.99969, 0.00569798, 0.00993967, 0.0221062, 0, 0, 0, 0, 0, 0, 
[2025-02-03 17:53:11.337507] [0x0000007f5fea89a0] [MocapTag] [0x00005f2f] [1806] , 6.33434, -0.0307861, -0.203002, -0.149333, -0.99969, 0.00569798, 0.00993967, 0.0221062, 0.00804358, -0.0101328, 0.0232178, 0, 0.170541, 0.100027, 
[2025-02-03 17:53:11.340045] [0x0000007f5fea89a0] [MocapTag] [0x00005f2f] [1807] , 6.33434, -0.0307861, -0.203002, -0.149333, -0.99969, 0.00569798, 0.00993967, 0.0221062, 0, 0, 0, 0, 0, 0, 
[2025-02-03 17:53:11.344634] [0x0000007f5fea89a0] [MocapTag] [0x00005f2f] [1808] , 6.33434, -0.0307861, -0.203002, -0.149333, -0.99969, 0.00569798, 0.00993967, 0.0221062, 0, 0, 0, 0, 0, 0, 
[2025-02-03 17:53:11.348685] [0x0000007f5fea89a0] [MocapTag] [0x00005f2f] [1809] , 6.34432, -0.030607, -0.202536, -0.14955, -0.999739, 0.00567385, 0.00803085, 0.0206398, 0, 0, 0, 0, 0, 0, 
[2025-02-03 17:53:11.349936] [0x0000007f5fea89a0] [MocapTag] [0x00005f2f] [1810] , 6.34432, -0.030607, -0.202536, -0.14955, -0.999739, 0.00567385, 0.00803085, 0.0206398, 0.0179084, 0.0465472, -0.021656, 0, -0.379857, -0.29581, 
[2025-02-03 17:53:11.352534] [0x0000007f5fea89a0] [MocapTag] [0x00005f2f] [1811] , 6.34432, -0.030607, -0.202536, -0.14955, -0.999739, 0.00567385, 0.00803085, 0.0206398, 0, 0, 0, 0, 0, 0, 
[2025-02-03 17:53:11.355063] [0x0000007f5fea89a0] [MocapTag] [0x00005f2f] [1812] , 6.35433, -0.0308795, -0.203134, -0.14952, -0.999698, 0.00589017, 0.00949703, 0.0218793, 0, 0, 0, 0, 0, 0, 
[2025-02-03 17:53:11.357837] [0x0000007f5fea89a0] [MocapTag] [0x00005f2f] [1813] , 6.35433, -0.0308795, -0.203134, -0.14952, -0.999698, 0.00589017, 0.00949703, 0.0218793, -0.027246, -0.0597334, 0.00295066, -0.0516891, 0.290773, 0.250207, 
[2025-02-03 17:53:11.361338] [0x0000007f5fea89a0] [MocapTag] [0x00005f2f] [1814] , 6.35433, -0.0308795, -0.203134, -0.14952, -0.999698, 0.00589017, 0.00949703, 0.0218793, 0, 0, 0, 0, 0, 0, 
[2025-02-03 17:53:11.363795] [0x0000007f5fea89a0] [MocapTag] [0x00005f2f] [1815] , 6.35433, -0.0307188, -0.203125, -0.149444, -0.999702, 0.00594886, 0.0105484, 0.0211753, 0, 0, 0, 0, 0, 0, 
[2025-02-03 17:53:11.366760] [0x0000007f5fea89a0] [MocapTag] [0x00005f2f] [1816] , 6.36434, -0.0307188, -0.203125, -0.149444, -0.999702, 0.00594886, 0.0105484, 0.0211753, 0.0160724, 0, 0.00763264, 0, 0.210849, -0.13934, 
[2025-02-03 17:53:11.370544] [0x0000007f5fea89a0] [MocapTag] [0x00005f2f] [1817] , 6.36434, -0.0307188, -0.203125, -0.149444, -0.999702, 0.00594886, 0.0105484, 0.0211753, 0, 0, 0, 0, 0, 0, 
[2025-02-03 17:53:11.372229] [0x0000007f5fea89a0] [MocapTag] [0x00005f2f] [1818] , 6.36434, -0.0307188, -0.203125, -0.149444, -0.999702, 0.00594886, 0.0105484, 0.0211753, 0, 0, 0, 0, 0, 0, 
[2025-02-03 17:53:11.376535] [0x0000007f5fea89a0] [MocapTag] [0x00005f2f] [1819] , 6.37433, -0.0308971, -0.202921, -0.149558, -0.999708, 0.00566986, 0.00917044, 0.0216328, 0, 0, 0, 0, 0, 0, 
[2025-02-03 17:53:11.379236] [0x0000007f5fea89a0] [MocapTag] [0x00005f2f] [1820] , 6.37433, -0.0308971, -0.202921, -0.149558, -0.999708, 0.00566986, 0.00917044, 0.0216328, -0.0178269, 0.0203859, -0.0114204, 0.0608444, -0.274898, 0.0892151, 
[2025-02-03 17:53:11.381938] [0x0000007f5fea89a0] [MocapTag] [0x00005f2f] [1821] , 6.37433, -0.0308971, -0.202921, -0.149558, -0.999708, 0.00566986, 0.00917044, 0.0216328, 0, 0, 0, 0, 0, 0, 
[2025-02-03 17:53:11.385766] [0x0000007f5fea89a0] [MocapTag] [0x00005f2f] [1822] , 6.38433, -0.0306084, -0.20317, -0.149191, -0.999676, 0.00493324, 0.0107764, 0.0225117, 0, 0, 0, 0, 0, 0, 
[2025-02-03 17:53:11.387450] [0x0000007f5fea89a0] [MocapTag] [0x00005f2f] [1823] , 6.38433, -0.0306084, -0.20317, -0.149191, -0.999676, 0.00493324, 0.0107764, 0.0225117, 0.0288647, -0.0248657, 0.0367308, 0.138426, 0.323407, 0.176303, 
[2025-02-03 17:53:11.389918] [0x0000007f5fea89a0] [MocapTag] [0x00005f2f] [1824] , 6.38433, -0.0306084, -0.20317, -0.149191, -0.999676, 0.00493324, 0.0107764, 0.0225117, 0, 0, 0, 0, 0, 0, 
[2025-02-03 17:53:11.393156] [0x0000007f5fea89a0] [MocapTag] [0x00005f2f] [1825] , 6.38433, -0.0306084, -0.20317, -0.149191, -0.999676, 0.00493324, 0.0107764, 0.0225117, 0, 0, 0, 0, 0, 0, 
[2025-02-03 17:53:11.395846] [0x0000007f5fea89a0] [MocapTag] [0x00005f2f] [1826] , 6.39433, -0.0307369, -0.2028, -0.149659, -0.999732, 0.00537397, 0.00818732, 0.0209801, 0, 0, 0, 0, 0, 0, 
[2025-02-03 17:53:11.398737] [0x0000007f5fea89a0] [MocapTag] [0x00005f2f] [1827] , 6.39433, -0.0307369, -0.2028, -0.149659, -0.999732, 0.00537397, 0.00818732, 0.0209801, -0.0128489, 0.03703, -0.04679, -0.0739098, -0.51798, -0.308597, 
[2025-02-03 17:53:11.401725] [0x0000007f5fea89a0] [MocapTag] [0x00005f2f] [1828] , 6.39433, -0.0307369, -0.2028, -0.149659, -0.999732, 0.00537397, 0.00818732, 0.0209801, 0, 0, 0, 0, 0, 0, 
[2025-02-03 17:53:11.404282] [0x0000007f5fea89a0] [MocapTag] [0x00005f2f] [1829] , 6.39433, -0.0307656, -0.203251, -0.149747, -0.999719, 0.00548668, 0.00910634, 0.0211956, 0, 0, 0, 0, 0, 0, 
[2025-02-03 17:53:11.408784] [0x0000007f5fea89a0] [MocapTag] [0x00005f2f] [1830] , 6.40434, -0.0307656, -0.203251, -0.149747, -0.999719, 0.00548668, 0.00910634, 0.0211956, -0.00286873, -0.0451347, -0.0087891, 0, 0.183048, 0.0443999, 
[2025-02-03 17:53:11.411712] [0x0000007f5fea89a0] [MocapTag] [0x00005f2f] [1831] , 6.40434, -0.0307656, -0.203251, -0.149747, -0.999719, 0.00548668, 0.00910634, 0.0211956, 0, 0, 0, 0, 0, 0, 
[2025-02-03 17:53:11.414279] [0x0000007f5fea89a0] [MocapTag] [0x00005f2f] [1832] , 6.40434, -0.0307147, -0.203227, -0.149598, -0.9997, 0.0053409, 0.0108245, 0.0212886, 0, 0, 0, 0, 0, 0, 
[2025-02-03 17:53:11.419654] [0x0000007f5fea89a0] [MocapTag] [0x00005f2f] [1833] , 6.41435, -0.0307147, -0.203227, -0.149598, -0.9997, 0.0053409, 0.0108245, 0.0212886, 0.00509091, 0.00243497, 0.0148778, 0, 0.344082, 0, 
[2025-02-03 17:53:11.420220] [0x0000007f5fea89a0] [MocapTag] [0x00005f2f] [1834] , 6.41435, -0.0307147, -0.203227, -0.149598, -0.9997, 0.0053409, 0.0108245, 0.0212886, 0, 0, 0, 0, 0, 0, 
[2025-02-03 17:53:11.424084] [0x0000007f5fea89a0] [MocapTag] [0x00005f2f] [1835] , 6.41435, -0.0307147, -0.203227, -0.149598, -0.9997, 0.0053409, 0.0108245, 0.0212886, 0, 0, 0, 0, 0, 0, 
[2025-02-03 17:53:11.427471] [0x0000007f5fea89a0] [MocapTag] [0x00005f2f] [1836] , 6.42434, -0.0308948, -0.202892, -0.149555, -0.999712, 0.00568238, 0.00895454, 0.0215329, 0, 0, 0, 0, 0, 0, 
[2025-02-03 17:53:11.430043] [0x0000007f5fea89a0] [MocapTag] [0x00005f2f] [1837] , 6.42434, -0.0308948, -0.202892, -0.149555, -0.999712, 0.00568238, 0.00895454, 0.0215329, -0.018015, 0.0334986, 0.00429875, -0.0607014, -0.375664, 0.0472635, 
[2025-02-03 17:53:11.432650] [0x0000007f5fea89a0] [MocapTag] [0x00005f2f] [1838] , 6.42434, -0.0308948, -0.202892, -0.149555, -0.999712, 0.00568238, 0.00895454, 0.0215329, 0, 0, 0, 0, 0, 0, 
[2025-02-03 17:53:11.435475] [0x0000007f5fea89a0] [MocapTag] [0x00005f2f] [1839] , 6.43433, -0.0308073, -0.203155, -0.149474, -0.999697, 0.00585544, 0.0098212, 0.0218049, 0, 0, 0, 0, 0, 0, 
[2025-02-03 17:53:11.439580] [0x0000007f5fea89a0] [MocapTag] [0x00005f2f] [1840] , 6.43433, -0.0308073, -0.203155, -0.149474, -0.999697, 0.00585544, 0.0098212, 0.0218049, 0.0087495, -0.0263362, 0.00812891, -0.0389099, 0.172218, 0.0558447, 
[2025-02-03 17:53:11.442530] [0x0000007f5fea89a0] [MocapTag] [0x00005f2f] [1841] , 6.43433, -0.0308073, -0.203155, -0.149474, -0.999697, 0.00585544, 0.0098212, 0.0218049, 0, 0, 0, 0, 0, 0, 
[2025-02-03 17:53:11.445143] [0x0000007f5fea89a0] [MocapTag] [0x00005f2f] [1842] , 6.44432, -0.0308274, -0.203018, -0.149413, -0.9997, 0.00474994, 0.009611, 0.0220259, 0, 0, 0, 0, 0, 0, 
[2025-02-03 17:53:11.448337] [0x0000007f5fea89a0] [MocapTag] [0x00005f2f] [1843] , 6.44432, -0.0308274, -0.203018, -0.149413, -0.9997, 0.00474994, 0.009611, 0.0220259, -0.00200571, 0.0137168, 0.0060748, 0.221586, -0.0374168, 0.0418298, 
[2025-02-03 17:53:11.450572] [0x0000007f5fea89a0] [MocapTag] [0x00005f2f] [1844] , 6.44432, -0.0308274, -0.203018, -0.149413, -0.9997, 0.00474994, 0.009611, 0.0220259, 0, 0, 0, 0, 0, 0, 
[2025-02-03 17:53:11.454665] [0x0000007f5fea89a0] [MocapTag] [0x00005f2f] [1845] , 6.45434, -0.0309173, -0.203276, -0.149518, -0.9997, 0.00490914, 0.00910409, 0.0221923, 0, 0, 0, 0, 0, 0, 
[2025-02-03 17:53:11.457609] [0x0000007f5fea89a0] [MocapTag] [0x00005f2f] [1846] , 6.45434, -0.0309173, -0.203276, -0.149518, -0.9997, 0.00490914, 0.00910409, 0.0221923, -0.00898757, -0.0257685, -0.010534, 0, -0.102234, 0, 
[2025-02-03 17:53:11.460160] [0x0000007f5fea89a0] [MocapTag] [0x00005f2f] [1847] , 6.45434, -0.0309173, -0.203276, -0.149518, -0.9997, 0.00490914, 0.00910409, 0.0221923, 0, 0, 0, 0, 0, 0, 
[2025-02-03 17:53:11.462903] [0x0000007f5fea89a0] [MocapTag] [0x00005f2f] [1848] , 6.45434, -0.0309173, -0.203276, -0.149518, -0.9997, 0.00490914, 0.00910409, 0.0221923, 0, 0, 0, 0, 0, 0, 
[2025-02-03 17:53:11.465638] [0x0000007f5fea89a0] [MocapTag] [0x00005f2f] [1849] , 6.46432, -0.0308108, -0.203045, -0.148901, -0.99969, 0.00534403, 0.00968575, 0.0223207, 0, 0, 0, 0, 0, 0, 
[2025-02-03 17:53:11.469807] [0x0000007f5fea89a0] [MocapTag] [0x00005f2f] [1850] , 6.46432, -0.0308108, -0.203045, -0.148901, -0.99969, 0.00534403, 0.00968575, 0.0223207, 0.0106425, 0.0230125, 0.0617664, -0.0898123, 0.114229, 0, 
[2025-02-03 17:53:11.475390] [0x0000007f5fea89a0] [MocapTag] [0x00005f2f] [1851] , 6.4743, -0.0308108, -0.203045, -0.148901, -0.99969, 0.00534403, 0.00968575, 0.0223207, 0, 0, 0, 0, 0, 0, 
[2025-02-03 17:53:11.476111] [0x0000007f5fea89a0] [MocapTag] [0x00005f2f] [1852] , 6.4743, -0.0307074, -0.203208, -0.149193, -0.999676, 0.00555452, 0.0112669, 0.0221323, 0, 0, 0, 0, 0, 0, 
[2025-02-03 17:53:11.478404] [0x0000007f5fea89a0] [MocapTag] [0x00005f2f] [1853] , 6.4743, -0.0307074, -0.203208, -0.149193, -0.999676, 0.00555452, 0.0112669, 0.0221323, 0.0103399, -0.0162224, -0.029259, -0.0488043, 0.315445, -0.0353198, 
[2025-02-03 17:53:11.481076] [0x0000007f5fea89a0] [MocapTag] [0x00005f2f] [1854] , 6.4743, -0.0307074, -0.203208, -0.149193, -0.999676, 0.00555452, 0.0112669, 0.0221323, 0, 0, 0, 0, 0, 0, 
[2025-02-03 17:53:11.484875] [0x0000007f5fea89a0] [MocapTag] [0x00005f2f] [1855] , 6.48432, -0.0305024, -0.203352, -0.149297, -0.999692, 0.0050602, 0.0107032, 0.0217915, 0, 0, 0, 0, 0, 0, 
[2025-02-03 17:53:11.487866] [0x0000007f5fea89a0] [MocapTag] [0x00005f2f] [1856] , 6.48432, -0.0305024, -0.203352, -0.149297, -0.999692, 0.0050602, 0.0107032, 0.0217915, 0.0204991, -0.0144199, -0.0103311, 0.102091, -0.110167, -0.0699352, 
[2025-02-03 17:53:11.491962] [0x0000007f5fea89a0] [MocapTag] [0x00005f2f] [1857] , 6.48432, -0.0305024, -0.203352, -0.149297, -0.999692, 0.0050602, 0.0107032, 0.0217915, 0, 0, 0, 0, 0, 0, 
[2025-02-03 17:53:11.493024] [0x0000007f5fea89a0] [MocapTag] [0x00005f2f] [1858] , 6.48432, -0.0308479, -0.203027, -0.149431, -0.999694, 0.00502134, 0.0102754, 0.0219434, 0, 0, 0, 0, 0, 0, 
[2025-02-03 17:53:11.495905] [0x0000007f5fea89a0] [MocapTag] [0x00005f2f] [1859] , 6.49434, -0.0308479, -0.203027, -0.149431, -0.999694, 0.00502134, 0.0102754, 0.0219434, -0.0345478, 0.0324613, -0.013464, 0, -0.0855422, 0, 
[2025-02-03 17:53:11.499730] [0x0000007f5fea89a0] [MocapTag] [0x00005f2f] [1860] , 6.49434, -0.0308479, -0.203027, -0.149431, -0.999694, 0.00502134, 0.0102754, 0.0219434, 0, 0, 0, 0, 0, 0, 
[2025-02-03 17:53:11.502449] [0x0000007f5fea89a0] [MocapTag] [0x00005f2f] [1861] , 6.49434, -0.0308479, -0.203027, -0.149431, -0.999694, 0.00502134, 0.0102754, 0.0219434, 0, 0, 0, 0, 0, 0, 
[2025-02-03 17:53:11.505077] [0x0000007f5fea89a0] [MocapTag] [0x00005f2f] [1862] , 6.50433, -0.030768, -0.203054, -0.149358, -0.999695, 0.00485547, 0.00990193, 0.0221047, 0, 0, 0, 0, 0, 0, 
[2025-02-03 17:53:11.507839] [0x0000007f5fea89a0] [MocapTag] [0x00005f2f] [1863] , 6.50433, -0.030768, -0.203054, -0.149358, -0.999695, 0.00485547, 0.00990193, 0.0221047, 0.00799511, -0.00267684, 0.00728407, 0, -0.074104, 0, 
[2025-02-03 17:53:11.510439] [0x0000007f5fea89a0] [MocapTag] [0x00005f2f] [1864] , 6.50433, -0.030768, -0.203054, -0.149358, -0.999695, 0.00485547, 0.00990193, 0.0221047, 0, 0, 0, 0, 0, 0, 
[2025-02-03 17:53:11.514331] [0x0000007f5fea89a0] [MocapTag] [0x00005f2f] [1865] , 6.50433, -0.0307743, -0.203209, -0.149238, -0.999681, 0.0049891, 0.0107397, 0.0223283, 0, 0, 0, 0, 0, 0, 
[2025-02-03 17:53:11.517997] [0x0000007f5fea89a0] [MocapTag] [0x00005f2f] [1866] , 6.51434, -0.0307743, -0.203209, -0.149238, -0.999681, 0.0049891, 0.0107397, 0.0223283, 0, -0.0155329, 0.0120435, 0, 0.166695, 0.0459611, 
[2025-02-03 17:53:11.519804] [0x0000007f5fea89a0] [MocapTag] [0x00005f2f] [1867] , 6.51434, -0.0307743, -0.203209, -0.149238, -0.999681, 0.0049891, 0.0107397, 0.0223283, 0, 0, 0, 0, 0, 0, 
[2025-02-03 17:53:11.522562] [0x0000007f5fea89a0] [MocapTag] [0x00005f2f] [1868] , 6.51434, -0.0307743, -0.203209, -0.149238, -0.999681, 0.0049891, 0.0107397, 0.0223283, 0, 0, 0, 0, 0, 0, 
[2025-02-03 17:53:11.525403] [0x0000007f5fea89a0] [MocapTag] [0x00005f2f] [1869] , 6.52432, -0.0308395, -0.202915, -0.149285, -0.999695, 0.00487498, 0.0101816, 0.021973, 0, 0, 0, 0, 0, 0, 
[2025-02-03 17:53:11.529966] [0x0000007f5fea89a0] [MocapTag] [0x00005f2f] [1870] , 6.52432, -0.0308395, -0.202915, -0.149285, -0.999695, 0.00487498, 0.0101816, 0.021973, -0.00652006, 0.0294162, -0.00474405, 0, -0.110729, -0.0719626, 
[2025-02-03 17:53:11.532562] [0x0000007f5fea89a0] [MocapTag] [0x00005f2f] [1871] , 6.52432, -0.0308395, -0.202915, -0.149285, -0.999695, 0.00487498, 0.0101816, 0.021973, 0, 0, 0, 0, 0, 0, 
[2025-02-03 17:53:11.535366] [0x0000007f5fea89a0] [MocapTag] [0x00005f2f] [1872] , 6.53432, -0.0306091, -0.203416, -0.149464, -0.999691, 0.00483273, 0.0107708, 0.0218561, 0, 0, 0, 0, 0, 0, 
[2025-02-03 17:53:11.538084] [0x0000007f5fea89a0] [MocapTag] [0x00005f2f] [1873] , 6.53432, -0.0306091, -0.203416, -0.149464, -0.999691, 0.00483273, 0.0107708, 0.0218561, 0.0230368, -0.05008, -0.0178466, 0, 0.118127, 0, 
[2025-02-03 17:53:11.540677] [0x0000007f5fea89a0] [MocapTag] [0x00005f2f] [1874] , 6.53432, -0.0306091, -0.203416, -0.149464, -0.999691, 0.00483273, 0.0107708, 0.0218561, 0, 0, 0, 0, 0, 0, 
[2025-02-03 17:53:11.544676] [0x0000007f5fea89a0] [MocapTag] [0x00005f2f] [1875] , 6.54432, -0.0307582, -0.203311, -0.149091, -0.99968, 0.00481083, 0.0110034, 0.0222676, 0, 0, 0, 0, 0, 0, 
[2025-02-03 17:53:11.547596] [0x0000007f5fea89a0] [MocapTag] [0x00005f2f] [1876] , 6.54432, -0.0307582, -0.203311, -0.149091, -0.99968, 0.00481083, 0.0110034, 0.0222676, -0.0149079, 0.010463, 0.03728, 0, 0.0461884, 0.0825427, 
[2025-02-03 17:53:11.550087] [0x0000007f5fea89a0] [MocapTag] [0x00005f2f] [1877] , 6.54432, -0.0307582, -0.203311, -0.149091, -0.99968, 0.00481083, 0.0110034, 0.0222676, 0, 0, 0, 0, 0, 0, 
[2025-02-03 17:53:11.552670] [0x0000007f5fea89a0] [MocapTag] [0x00005f2f] [1878] , 6.54432, -0.0307582, -0.203311, -0.149091, -0.99968, 0.00481083, 0.0110034, 0.0222676, 0, 0, 0, 0, 0, 0, 
[2025-02-03 17:53:11.555424] [0x0000007f5fea89a0] [MocapTag] [0x00005f2f] [1879] , 6.55434, -0.0307556, -0.203055, -0.149369, -0.999695, 0.00491562, 0.00992238, 0.022097, 0, 0, 0, 0, 0, 0, 
[2025-02-03 17:53:11.811399] [0x0000007f5fea89a0] [MocapTag] [0x00005f2f] [1880] , 6.8043, -0.0307556, -0.203055, -0.149369, -0.999695, 0.00491562, 0.00992238, 0.022097, 0, 0.0256066, -0.0277872, 0, -0.216449, -0.0351053, 
[2025-02-03 17:53:11.812079] [0x0000007f5fea89a0] [MocapTag] [0x00005f2f] [1881] , 6.8043, -0.0307556, -0.203055, -0.149369, -0.999695, 0.00491562, 0.00992238, 0.022097, 0, 0, 0, 0, 0, 0, 
[2025-02-03 17:53:11.812660] [0x0000007f5fea89a0] [MocapTag] [0x00005f2f] [1882] , 6.8043, -0.0306422, -0.203223, -0.149248, -0.999679, 0.00495333, 0.0106284, 0.0224461, 0, 0, 0, 0, 0, 0, 
[2025-02-03 17:53:11.813251] [0x0000007f5fea89a0] [MocapTag] [0x00005f2f] [1883] , 6.8043, -0.0306422, -0.203223, -0.149248, -0.999679, 0.00495333, 0.0106284, 0.0224461, 0.0113327, -0.016771, 0.0121239, 0, 0.140648, 0.0707112, 
[2025-02-03 17:53:11.813847] [0x0000007f5fea89a0] [MocapTag] [0x00005f2f] [1884] , 6.8043, -0.0306422, -0.203223, -0.149248, -0.999679, 0.00495333, 0.0106284, 0.0224461, 0, 0, 0, 0, 0, 0, 
[2025-02-03 17:53:11.814412] [0x0000007f5fea89a0] [MocapTag] [0x00005f2f] [1885] , 6.8043, -0.0306934, -0.20276, -0.149852, -0.999734, 0.00496731, 0.0084765, 0.0208651, 0, 0, 0, 0, 0, 0, 
[2025-02-03 17:53:11.814990] [0x0000007f5fea89a0] [MocapTag] [0x00005f2f] [1886] , 6.81434, -0.0306934, -0.20276, -0.149852, -0.999734, 0.00496731, 0.0084765, 0.0208651, -0.00511869, 0.0462801, -0.060431, 0, -0.428722, -0.318693, 
[2025-02-03 17:53:11.815598] [0x0000007f5fea89a0] [MocapTag] [0x00005f2f] [1887] , 6.81434, -0.0306934, -0.20276, -0.149852, -0.999734, 0.00496731, 0.0084765, 0.0208651, 0, 0, 0, 0, 0, 0, 
[2025-02-03 17:53:11.816146] [0x0000007f5fea89a0] [MocapTag] [0x00005f2f] [1888] , 6.81434, -0.0307591, -0.203173, -0.149588, -0.99971, 0.00594879, 0.00931227, 0.0213944, 0, 0, 0, 0, 0, 0, 
[2025-02-03 17:53:11.816669] [0x0000007f5fea89a0] [MocapTag] [0x00005f2f] [1889] , 6.81434, -0.0307591, -0.203173, -0.149588, -0.99971, 0.00594879, 0.00931227, 0.0213944, -0.00656326, -0.041283, 0.026431, -0.200748, 0.162366, 0.108621, 
[2025-02-03 17:53:11.817277] [0x0000007f5fea89a0] [MocapTag] [0x00005f2f] [1890] , 6.81434, -0.0307591, -0.203173, -0.149588, -0.99971, 0.00594879, 0.00931227, 0.0213944, 0, 0, 0, 0, 0, 0, 
[2025-02-03 17:53:11.817845] [0x0000007f5fea89a0] [MocapTag] [0x00005f2f] [1891] , 6.81434, -0.030758, -0.203165, -0.149159, -0.999682, 0.00489182, 0.0106168, 0.0223598, 0, 0, 0, 0, 0, 0, 
[2025-02-03 17:53:11.818468] [0x0000007f5fea89a0] [MocapTag] [0x00005f2f] [1892] , 6.81434, -0.030758, -0.203165, -0.149159, -0.999682, 0.00489182, 0.0106168, 0.0223598, 0, 0, 0.0428352, 0.203729, 0.264389, 0.192674, 
[2025-02-03 17:53:11.819039] [0x0000007f5fea89a0] [MocapTag] [0x00005f2f] [1893] , 6.81434, -0.030758, -0.203165, -0.149159, -0.999682, 0.00489182, 0.0106168, 0.0223598, 0, 0, 0, 0, 0, 0, 
[2025-02-03 17:53:11.819591] [0x0000007f5fea89a0] [MocapTag] [0x00005f2f] [1894] , 6.81434, -0.030758, -0.203165, -0.149159, -0.999682, 0.00489182, 0.0106168, 0.0223598, 0, 0, 0, 0, 0, 0, 
[2025-02-03 17:53:11.820153] [0x0000007f5fea89a0] [MocapTag] [0x00005f2f] [1895] , 6.81434, -0.0306485, -0.202836, -0.149618, -0.999723, 0.00574931, 0.00902917, 0.0209824, 0, 0, 0, 0, 0, 0, 
[2025-02-03 17:53:11.820718] [0x0000007f5fea89a0] [MocapTag] [0x00005f2f] [1896] , 6.81434, -0.0306485, -0.202836, -0.149618, -0.999723, 0.00574931, 0.00902917, 0.0209824, 0.0109433, 0.0329077, -0.045873, -0.161886, -0.319653, -0.275806, 
[2025-02-03 17:53:11.821268] [0x0000007f5fea89a0] [MocapTag] [0x00005f2f] [1897] , 6.81434, -0.0306485, -0.202836, -0.149618, -0.999723, 0.00574931, 0.00902917, 0.0209824, 0, 0, 0, 0, 0, 0, 
[2025-02-03 17:53:11.821899] [0x0000007f5fea89a0] [MocapTag] [0x00005f2f] [1898] , 6.81434, -0.0308353, -0.203202, -0.149464, -0.999692, 0.00595857, 0.00988929, 0.0219537, 0, 0, 0, 0, 0, 0, 
[2025-02-03 17:53:11.822528] [0x0000007f5fea89a0] [MocapTag] [0x00005f2f] [1899] , 6.81434, -0.0308353, -0.203202, -0.149464, -0.999692, 0.00595857, 0.00988929, 0.0219537, -0.0186801, -0.0366431, 0.0154503, -0.0473738, 0.16991, 0.195811, 
[2025-02-03 17:53:11.823155] [0x0000007f5fea89a0] [MocapTag] [0x00005f2f] [1900] , 6.81434, -0.0308353, -0.203202, -0.149464, -0.999692, 0.00595857, 0.00988929, 0.0219537, 0, 0, 0, 0, 0, 0, 
[2025-02-03 17:53:11.823773] [0x0000007f5fea89a0] [MocapTag] [0x00005f2f] [1901] , 6.81434, -0.0309421, -0.202811, -0.149653, -0.999715, 0.00558225, 0.00881705, 0.0214703, 0, 0, 0, 0, 0, 0, 
[2025-02-03 17:53:11.824335] [0x0000007f5fea89a0] [MocapTag] [0x00005f2f] [1902] , 6.81434, -0.0309421, -0.202811, -0.149653, -0.999715, 0.00558225, 0.00881705, 0.0214703, -0.0106803, 0.0391575, -0.0189272, 0.0808239, -0.212186, -0.0987642, 
[2025-02-03 17:53:11.824800] [0x0000007f5fea89a0] [MocapTag] [0x00005f2f] [1903] , 6.82435, -0.0309421, -0.202811, -0.149653, -0.999715, 0.00558225, 0.00881705, 0.0214703, 0, 0, 0, 0, 0, 0, 
[2025-02-03 17:53:11.825406] [0x0000007f5fea89a0] [MocapTag] [0x00005f2f] [1904] , 6.82435, -0.0309421, -0.202811, -0.149653, -0.999715, 0.00558225, 0.00881705, 0.0214703, 0, 0, 0, 0, 0, 0, 
[2025-02-03 17:53:11.826209] [0x0000007f5fea89a0] [MocapTag] [0x00005f2f] [1905] , 6.82435, -0.0308699, -0.203017, -0.149538, -0.999705, 0.0056506, 0.00938824, 0.0216927, 0, 0, 0, 0, 0, 0, 
[2025-02-03 17:53:11.826781] [0x0000007f5fea89a0] [MocapTag] [0x00005f2f] [1906] , 6.82435, -0.0308699, -0.203017, -0.149538, -0.999705, 0.0056506, 0.00938824, 0.0216927, 0.00722566, -0.0205643, 0.011497, 0, 0.113659, 0.0453189, 
[2025-02-03 17:53:11.827437] [0x0000007f5fea89a0] [MocapTag] [0x00005f2f] [1907] , 6.82435, -0.0308699, -0.203017, -0.149538, -0.999705, 0.0056506, 0.00938824, 0.0216927, 0, 0, 0, 0, 0, 0, 
[2025-02-03 17:53:11.828005] [0x0000007f5fea89a0] [MocapTag] [0x00005f2f] [1908] , 6.82435, -0.0307226, -0.203254, -0.149259, -0.999681, 0.00500859, 0.0106425, 0.0223694, 0, 0, 0, 0, 0, 0, 
[2025-02-03 17:53:11.828595] [0x0000007f5fea89a0] [MocapTag] [0x00005f2f] [1909] , 6.82435, -0.0307226, -0.203254, -0.149259, -0.999681, 0.00500859, 0.0106425, 0.0223694, 0.014726, -0.0237337, 0.0279108, 0.121474, 0.252894, 0.135621, 
[2025-02-03 17:53:11.829205] [0x0000007f5fea89a0] [MocapTag] [0x00005f2f] [1910] , 6.82435, -0.0307226, -0.203254, -0.149259, -0.999681, 0.00500859, 0.0106425, 0.0223694, 0, 0, 0, 0, 0, 0, 
[2025-02-03 17:53:11.829775] [0x0000007f5fea89a0] [MocapTag] [0x00005f2f] [1911] , 6.82435, -0.0308723, -0.202538, -0.149246, -0.999719, 0.00612794, 0.00803464, 0.0214308, 0, 0, 0, 0, 0, 0, 
[2025-02-03 17:53:11.830351] [0x0000007f5fea89a0] [MocapTag] [0x00005f2f] [1912] , 6.82435, -0.0308723, -0.202538, -0.149246, -0.999719, 0.00612794, 0.00803464, 0.0214308, -0.0149658, 0.0715419, 0, -0.210595, -0.525299, -0.188933, 
[2025-02-03 17:53:11.830878] [0x0000007f5fea89a0] [MocapTag] [0x00005f2f] [1913] , 6.82435, -0.0308723, -0.202538, -0.149246, -0.999719, 0.00612794, 0.00803464, 0.0214308, 0, 0, 0, 0, 0, 0, 
[2025-02-03 17:53:11.831436] [0x0000007f5fea89a0] [MocapTag] [0x00005f2f] [1914] , 6.82435, -0.0308536, -0.203192, -0.149521, -0.999696, 0.00596794, 0.00964476, 0.0218952, 0, 0, 0, 0, 0, 0, 
[2025-02-03 17:53:11.832013] [0x0000007f5fea89a0] [MocapTag] [0x00005f2f] [1915] , 6.82435, -0.0308536, -0.203192, -0.149521, -0.999696, 0.00596794, 0.00964476, 0.0218952, 0, -0.065378, -0.0275135, 0, 0.322069, 0.0947606, 
[2025-02-03 17:53:11.832589] [0x0000007f5fea89a0] [MocapTag] [0x00005f2f] [1916] , 6.82435, -0.0308536, -0.203192, -0.149521, -0.999696, 0.00596794, 0.00964476, 0.0218952, 0, 0, 0, 0, 0, 0, 
[2025-02-03 17:53:11.833164] [0x0000007f5fea89a0] [MocapTag] [0x00005f2f] [1917] , 6.82435, -0.0308536, -0.203192, -0.149521, -0.999696, 0.00596794, 0.00964476, 0.0218952, 0, 0, 0, 0, 0, 0, 
[2025-02-03 17:53:11.833820] [0x0000007f5fea89a0] [MocapTag] [0x00005f2f] [1918] , 6.82435, -0.0308453, -0.203033, -0.14926, -0.9997, 0.00458542, 0.00986921, 0.0219416, 0, 0, 0, 0, 0, 0, 
[2025-02-03 17:53:11.834406] [0x0000007f5fea89a0] [MocapTag] [0x00005f2f] [1919] , 6.82435, -0.0308453, -0.203033, -0.14926, -0.9997, 0.00458542, 0.00986921, 0.0219416, 0, 0.0159203, 0.0260863, 0.275397, 0.0509053, 0, 
[2025-02-03 17:53:11.835000] [0x0000007f5fea89a0] [MocapTag] [0x00005f2f] [1920] , 6.83435, -0.0308453, -0.203033, -0.14926, -0.9997, 0.00458542, 0.00986921, 0.0219416, 0, 0, 0, 0, 0, 0, 
[2025-02-03 17:53:11.835623] [0x0000007f5fea89a0] [MocapTag] [0x00005f2f] [1921] , 6.83435, -0.0308593, -0.202944, -0.149468, -0.999704, 0.00475479, 0.0092567, 0.0220027, 0, 0, 0, 0, 0, 0, 
[2025-02-03 17:53:11.836194] [0x0000007f5fea89a0] [MocapTag] [0x00005f2f] [1922] , 6.83435, -0.0308593, -0.202944, -0.149468, -0.999704, 0.00475479, 0.0092567, 0.0220027, 0, 0.0089216, -0.0208009, 0, -0.123282, 0, 
[2025-02-03 17:53:11.836786] [0x0000007f5fea89a0] [MocapTag] [0x00005f2f] [1923] , 6.83435, -0.0308593, -0.202944, -0.149468, -0.999704, 0.00475479, 0.0092567, 0.0220027, 0, 0, 0, 0, 0, 0, 
[2025-02-03 17:53:11.837321] [0x0000007f5fea89a0] [MocapTag] [0x00005f2f] [1924] , 6.83435, -0.0306109, -0.20321, -0.149227, -0.999677, 0.00488046, 0.0107747, 0.0224973, 0, 0, 0, 0, 0, 0, 
[2025-02-03 17:53:11.837888] [0x0000007f5fea89a0] [MocapTag] [0x00005f2f] [1925] , 6.83435, -0.0306109, -0.20321, -0.149227, -0.999677, 0.00488046, 0.0107747, 0.0224973, 0.0248431, -0.0266012, 0.0241199, 0, 0.302482, 0.100868, 
[2025-02-03 17:53:11.838463] [0x0000007f5fea89a0] [MocapTag] [0x00005f2f] [1926] , 6.83435, -0.0306109, -0.20321, -0.149227, -0.999677, 0.00488046, 0.0107747, 0.0224973, 0, 0, 0, 0, 0, 0, 
[2025-02-03 17:53:11.839070] [0x0000007f5fea89a0] [MocapTag] [0x00005f2f] [1927] , 6.83435, -0.0305538, -0.202951, -0.14935, -0.999706, 0.0048976, 0.010156, 0.0214651, 0, 0, 0, 0, 0, 0, 
[2025-02-03 17:53:11.839631] [0x0000007f5fea89a0] [MocapTag] [0x00005f2f] [1928] , 6.83435, -0.0305538, -0.202951, -0.14935, -0.999706, 0.0048976, 0.010156, 0.0214651, 0.00570297, 0.0259133, -0.0122979, 0, -0.122735, -0.207169, 
[2025-02-03 17:53:11.840286] [0x0000007f5fea89a0] [MocapTag] [0x00005f2f] [1929] , 6.83435, -0.0305538, -0.202951, -0.14935, -0.999706, 0.0048976, 0.010156, 0.0214651, 0, 0, 0, 0, 0, 0, 
[2025-02-03 17:53:11.840898] [0x0000007f5fea89a0] [MocapTag] [0x00005f2f] [1930] , 6.83435, -0.0305538, -0.202951, -0.14935, -0.999706, 0.0048976, 0.010156, 0.0214651, 0, 0, 0, 0, 0, 0, 
[2025-02-03 17:53:11.841409] [0x0000007f5fea89a0] [MocapTag] [0x00005f2f] [1931] , 6.83435, -0.030857, -0.203368, -0.149375, -0.999686, 0.00503505, 0.0100489, 0.0223888, 0, 0, 0, 0, 0, 0, 
[2025-02-03 17:53:11.842044] [0x0000007f5fea89a0] [MocapTag] [0x00005f2f] [1932] , 6.83435, -0.030857, -0.203368, -0.149375, -0.999686, 0.00503505, 0.0100489, 0.0223888, -0.0303188, -0.0417308, -0.00247454, 0, 0, 0.184957, 
[2025-02-03 17:53:11.842608] [0x0000007f5fea89a0] [MocapTag] [0x00005f2f] [1933] , 6.83435, -0.030857, -0.203368, -0.149375, -0.999686, 0.00503505, 0.0100489, 0.0223888, 0, 0, 0, 0, 0, 0, 
[2025-02-03 17:53:11.843182] [0x0000007f5fea89a0] [MocapTag] [0x00005f2f] [1934] , 6.83435, -0.0306519, -0.203288, -0.149186, -0.99968, 0.00487102, 0.0110474, 0.0222297, 0, 0, 0, 0, 0, 0, 
[2025-02-03 17:53:11.843717] [0x0000007f5fea89a0] [MocapTag] [0x00005f2f] [1935] , 6.83435, -0.0306519, -0.203288, -0.149186, -0.99968, 0.00487102, 0.0110474, 0.0222297, 0.0205151, 0.00800334, 0.018882, 0, 0.20054, 0, 
[2025-02-03 17:53:11.844279] [0x0000007f5fea89a0] [MocapTag] [0x00005f2f] [1936] , 6.83435, -0.0306519, -0.203288, -0.149186, -0.99968, 0.00487102, 0.0110474, 0.0222297, 0, 0, 0, 0, 0, 0, 
[2025-02-03 17:53:11.844773] [0x0000007f5fea89a0] [MocapTag] [0x00005f2f] [1937] , 6.84435, -0.0307778, -0.203017, -0.149408, -0.999698, 0.0049302, 0.00975473, 0.0220057, 0, 0, 0, 0, 0, 0, 
[2025-02-03 17:53:11.845420] [0x0000007f5fea89a0] [MocapTag] [0x00005f2f] [1938] , 6.84435, -0.0307778, -0.203017, -0.149408, -0.999698, 0.0049302, 0.00975473, 0.0220057, -0.0125892, 0.0270578, -0.0222098, 0, -0.258506, -0.0461433, 
[2025-02-03 17:53:11.846021] [0x0000007f5fea89a0] [MocapTag] [0x00005f2f] [1939] , 6.84435, -0.0307778, -0.203017, -0.149408, -0.999698, 0.0049302, 0.00975473, 0.0220057, 0, 0, 0, 0, 0, 0, 
[2025-02-03 17:53:11.846577] [0x0000007f5fea89a0] [MocapTag] [0x00005f2f] [1940] , 6.84435, -0.0307778, -0.203017, -0.149408, -0.999698, 0.0049302, 0.00975473, 0.0220057, 0, 0, 0, 0, 0, 0, 
[2025-02-03 17:53:11.847136] [0x0000007f5fea89a0] [MocapTag] [0x00005f2f] [1941] , 6.84435, -0.0307165, -0.203286, -0.149248, -0.99968, 0.00483294, 0.0105527, 0.0224731, 0, 0, 0, 0, 0, 0, 
[2025-02-03 17:53:11.847717] [0x0000007f5fea89a0] [MocapTag] [0x00005f2f] [1942] , 6.84435, -0.0307165, -0.203286, -0.149248, -0.99968, 0.00483294, 0.0105527, 0.0224731, 0.00612075, -0.0268235, 0.0159678, 0, 0.159509, 0.0942048, 
[2025-02-03 17:53:11.848317] [0x0000007f5fea89a0] [MocapTag] [0x00005f2f] [1943] , 6.84435, -0.0307165, -0.203286, -0.149248, -0.99968, 0.00483294, 0.0105527, 0.0224731, 0, 0, 0, 0, 0, 0, 
[2025-02-03 17:53:11.848854] [0x0000007f5fea89a0] [MocapTag] [0x00005f2f] [1944] , 6.84435, -0.0308036, -0.202644, -0.149596, -0.999729, 0.00519589, 0.00833535, 0.0210942, 0, 0, 0, 0, 0, 0, 
[2025-02-03 17:53:11.849276] [0x0000007f5fea89a0] [MocapTag] [0x00005f2f] [1945] , 6.84435, -0.0308036, -0.202644, -0.149596, -0.999729, 0.00519589, 0.00833535, 0.0210942, -0.00870853, 0.0641152, -0.0347818, -0.0602961, -0.443514, -0.277704, 
[2025-02-03 17:53:11.849979] [0x0000007f5fea89a0] [MocapTag] [0x00005f2f] [1946] , 6.84435, -0.0308036, -0.202644, -0.149596, -0.999729, 0.00519589, 0.00833535, 0.0210942, 0, 0, 0, 0, 0, 0, 
[2025-02-03 17:53:11.850458] [0x0000007f5fea89a0] [MocapTag] [0x00005f2f] [1947] , 6.84435, -0.0309698, -0.203117, -0.149589, -0.999706, 0.00581073, 0.00897659, 0.0217683, 0, 0, 0, 0, 0, 0, 
[2025-02-03 17:53:11.850844] [0x0000007f5fea89a0] [MocapTag] [0x00005f2f] [1948] , 6.84435, -0.0309698, -0.203117, -0.149589, -0.999706, 0.00581073, 0.00897659, 0.0217683, -0.0166122, -0.0472863, 0, -0.126863, 0.12481, 0.136703, 
[2025-02-03 17:53:11.851212] [0x0000007f5fea89a0] [MocapTag] [0x00005f2f] [1949] , 6.84435, -0.0309698, -0.203117, -0.149589, -0.999706, 0.00581073, 0.00897659, 0.0217683, 0, 0, 0, 0, 0, 0, 
[2025-02-03 17:53:11.851577] [0x0000007f5fea89a0] [MocapTag] [0x00005f2f] [1950] , 6.84435, -0.0309698, -0.203117, -0.149589, -0.999706, 0.00581073, 0.00897659, 0.0217683, 0, 0, 0, 0, 0, 0, 
[2025-02-03 17:53:11.852077] [0x0000007f5fea89a0] [MocapTag] [0x00005f2f] [1951] , 6.84435, -0.0305167, -0.202987, -0.149362, -0.999704, 0.0058386, 0.0103189, 0.0212661, 0, 0, 0, 0, 0, 0, 
[2025-02-03 17:53:11.852553] [0x0000007f5fea89a0] [MocapTag] [0x00005f2f] [1952] , 6.84435, -0.0305167, -0.202987, -0.149362, -0.999704, 0.0058386, 0.0103189, 0.0212661, 0.0453019, 0.0129811, 0.0226192, 0, 0.268886, -0.0986904, 
[2025-02-03 17:53:11.853030] [0x0000007f5fea89a0] [MocapTag] [0x00005f2f] [1953] , 6.84435, -0.0305167, -0.202987, -0.149362, -0.999704, 0.0058386, 0.0103189, 0.0212661, 0, 0, 0, 0, 0, 0, 
[2025-02-03 17:53:11.853421] [0x0000007f5fea89a0] [MocapTag] [0x00005f2f] [1954] , 6.84435, -0.0309469, -0.202598, -0.149605, -0.999717, 0.00586363, 0.00879924, 0.0213158, 0, 0, 0, 0, 0, 0, 
[2025-02-03 17:53:11.853799] [0x0000007f5fea89a0] [MocapTag] [0x00005f2f] [1955] , 6.84435, -0.0309469, -0.202598, -0.149605, -0.999717, 0.00586363, 0.00879924, 0.0213158, -0.0430131, 0.0389066, -0.0242716, 0, -0.30403, 0, 
[2025-02-03 17:53:11.854166] [0x0000007f5fea89a0] [MocapTag] [0x00005f2f] [1956] , 6.84435, -0.0309469, -0.202598, -0.149605, -0.999717, 0.00586363, 0.00879924, 0.0213158, 0, 0, 0, 0, 0, 0, 
[2025-02-03 17:53:11.854580] [0x0000007f5fea89a0] [MocapTag] [0x00005f2f] [1957] , 6.84435, -0.0308243, -0.203173, -0.149453, -0.999692, 0.00594116, 0.00997298, 0.0219327, 0, 0, 0, 0, 0, 0, 
[2025-02-03 17:53:11.855133] [0x0000007f5fea89a0] [MocapTag] [0x00005f2f] [1958] , 6.85434, -0.0308243, -0.203173, -0.149453, -0.999692, 0.00594116, 0.00997298, 0.0219327, 0.0122543, -0.0574508, 0.0151913, 0, 0.233607, 0.125098, 
[2025-02-03 17:53:11.855663] [0x0000007f5fea89a0] [MocapTag] [0x00005f2f] [1959] , 6.85434, -0.0308243, -0.203173, -0.149453, -0.999692, 0.00594116, 0.00997298, 0.0219327, 0, 0, 0, 0, 0, 0, 
[2025-02-03 17:53:11.856154] [0x0000007f5fea89a0] [MocapTag] [0x00005f2f] [1960] , 6.85434, -0.0307249, -0.202837, -0.149595, -0.999725, 0.00550804, 0.00873213, 0.0210468, 0, 0, 0, 0, 0, 0, 
[2025-02-03 17:53:11.856565] [0x0000007f5fea89a0] [MocapTag] [0x00005f2f] [1961] , 6.85434, -0.0307249, -0.202837, -0.149595, -0.999725, 0.00550804, 0.00873213, 0.0210468, 0.00994066, 0.0335476, -0.0141908, 0.093627, -0.2452, -0.179606, 
[2025-02-03 17:53:11.857011] [0x0000007f5fea89a0] [MocapTag] [0x00005f2f] [1962] , 6.85434, -0.0307249, -0.202837, -0.149595, -0.999725, 0.00550804, 0.00873213, 0.0210468, 0, 0, 0, 0, 0, 0, 
[2025-02-03 17:53:11.857512] [0x0000007f5fea89a0] [MocapTag] [0x00005f2f] [1963] , 6.85434, -0.0307249, -0.202837, -0.149595, -0.999725, 0.00550804, 0.00873213, 0.0210468, 0, 0, 0, 0, 0, 0, 
[2025-02-03 17:53:11.857929] [0x0000007f5fea89a0] [MocapTag] [0x00005f2f] [1964] , 6.85434, -0.0306511, -0.203064, -0.149648, -0.999716, 0.00532436, 0.00961372, 0.0211505, 0, 0, 0, 0, 0, 0, 
[2025-02-03 17:53:11.858462] [0x0000007f5fea89a0] [MocapTag] [0x00005f2f] [1965] , 6.85434, -0.0306511, -0.203064, -0.149648, -0.999716, 0.00532436, 0.00961372, 0.0211505, 0.00738002, -0.0227024, -0.00524373, 0, 0.176943, 0, 
[2025-02-03 17:53:11.858984] [0x0000007f5fea89a0] [MocapTag] [0x00005f2f] [1966] , 6.85434, -0.0306511, -0.203064, -0.149648, -0.999716, 0.00532436, 0.00961372, 0.0211505, 0, 0, 0, 0, 0, 0, 
[2025-02-03 17:53:11.859384] [0x0000007f5fea89a0] [MocapTag] [0x00005f2f] [1967] , 6.85434, -0.0307467, -0.203064, -0.148981, -0.999687, 0.00547148, 0.00985915, 0.0223428, 0, 0, 0, 0, 0, 0, 
[2025-02-03 17:53:11.859750] [0x0000007f5fea89a0] [MocapTag] [0x00005f2f] [1968] , 6.85434, -0.0307467, -0.203064, -0.148981, -0.999687, 0.00547148, 0.00985915, 0.0223428, -0.0095613, 0, 0.0666132, 0, 0.0470959, 0.239109, 
[2025-02-03 17:53:11.860110] [0x0000007f5fea89a0] [MocapTag] [0x00005f2f] [1969] , 6.85434, -0.0307467, -0.203064, -0.148981, -0.999687, 0.00547148, 0.00985915, 0.0223428, 0, 0, 0, 0, 0, 0, 
[2025-02-03 17:53:11.860463] [0x0000007f5fea89a0] [MocapTag] [0x00005f2f] [1970] , 6.85434, -0.0308466, -0.202937, -0.149281, -0.999693, 0.00484659, 0.0102747, 0.0220103, 0, 0, 0, 0, 0, 0, 
[2025-02-03 17:53:11.860828] [0x0000007f5fea89a0] [MocapTag] [0x00005f2f] [1971] , 6.85434, -0.0308466, -0.202937, -0.149281, -0.999693, 0.00484659, 0.0102747, 0.0220103, -0.00998508, 0.0126863, -0.0299558, 0.123763, 0.0862204, -0.0672732, 
[2025-02-03 17:53:11.861269] [0x0000007f5fea89a0] [MocapTag] [0x00005f2f] [1972] , 6.85434, -0.0308466, -0.202937, -0.149281, -0.999693, 0.00484659, 0.0102747, 0.0220103, 0, 0, 0, 0, 0, 0, 
[2025-02-03 17:53:11.861783] [0x0000007f5fea89a0] [MocapTag] [0x00005f2f] [1973] , 6.85434, -0.0308025, -0.203312, -0.149304, -0.999684, 0.0049938, 0.0101623, 0.0224253, 0, 0, 0, 0, 0, 0, 
[2025-02-03 17:53:11.862295] [0x0000007f5fea89a0] [MocapTag] [0x00005f2f] [1974] , 6.85434, -0.0308025, -0.203312, -0.149304, -0.999684, 0.0049938, 0.0101623, 0.0224253, 0.00440288, -0.0374631, -0.00230301, 0, 0, 0.0831988, 
[2025-02-03 17:53:11.862714] [0x0000007f5fea89a0] [MocapTag] [0x00005f2f] [1975] , 6.85434, -0.0308025, -0.203312, -0.149304, -0.999684, 0.0049938, 0.0101623, 0.0224253, 0, 0, 0, 0, 0, 0, 
[2025-02-03 17:53:11.863083] [0x0000007f5fea89a0] [MocapTag] [0x00005f2f] [1976] , 6.85434, -0.0308025, -0.203312, -0.149304, -0.999684, 0.0049938, 0.0101623, 0.0224253, 0, 0, 0, 0, 0, 0, 
[2025-02-03 17:53:11.863439] [0x0000007f5fea89a0] [MocapTag] [0x00005f2f] [1977] , 6.85434, -0.030754, -0.203295, -0.149125, -0.999678, 0.0049195, 0.0111187, 0.0222805, 0, 0, 0, 0, 0, 0, 
[2025-02-03 17:53:11.863936] [0x0000007f5fea89a0] [MocapTag] [0x00005f2f] [1978] , 6.85434, -0.030754, -0.203295, -0.149125, -0.999678, 0.0049195, 0.0111187, 0.0222805, 0.00485317, 0, 0.0178686, 0, 0.191728, 0, 
[2025-02-03 17:53:11.864592] [0x0000007f5fea89a0] [MocapTag] [0x00005f2f] [1979] , 6.85434, -0.030754, -0.203295, -0.149125, -0.999678, 0.0049195, 0.0111187, 0.0222805, 0, 0, 0, 0, 0, 0, 
[2025-02-03 17:53:11.865202] [0x0000007f5fea89a0] [MocapTag] [0x00005f2f] [1980] , 6.86433, -0.0308755, -0.202849, -0.149532, -0.999711, 0.00551564, 0.00899688, 0.0215924, 0, 0, 0, 0, 0, 0, 
[2025-02-03 17:53:11.867459] [0x0000007f5fea89a0] [MocapTag] [0x00005f2f] [1981] , 6.86433, -0.0308755, -0.202849, -0.149532, -0.999711, 0.00551564, 0.00899688, 0.0215924, -0.0121434, 0.044623, -0.0406631, -0.10848, -0.426155, -0.138979, 
[2025-02-03 17:53:12.118658] [0x0000007f5fea89a0] [MocapTag] [0x00005f2f] [1982] , 7.1143, -0.0308755, -0.202849, -0.149532, -0.999711, 0.00551564, 0.00899688, 0.0215924, 0, 0, 0, 0, 0, 0, 
[2025-02-03 17:53:12.119333] [0x0000007f5fea89a0] [MocapTag] [0x00005f2f] [1983] , 7.1143, -0.0303794, -0.203152, -0.149181, -0.999691, 0.00494901, 0.0107102, 0.0218876, 0, 0, 0, 0, 0, 0, 
[2025-02-03 17:53:12.119953] [0x0000007f5fea89a0] [MocapTag] [0x00005f2f] [1984] , 7.1143, -0.0303794, -0.203152, -0.149181, -0.999691, 0.00494901, 0.0107102, 0.0218876, 0.0496039, -0.0303291, 0.0351024, 0.105238, 0.344736, 0.059972, 
[2025-02-03 17:53:12.120536] [0x0000007f5fea89a0] [MocapTag] [0x00005f2f] [1985] , 7.1143, -0.0303794, -0.203152, -0.149181, -0.999691, 0.00494901, 0.0107102, 0.0218876, 0, 0, 0, 0, 0, 0, 
[2025-02-03 17:53:12.121057] [0x0000007f5fea89a0] [MocapTag] [0x00005f2f] [1986] , 7.1143, -0.0303794, -0.203152, -0.149181, -0.999691, 0.00494901, 0.0107102, 0.0218876, 0, 0, 0, 0, 0, 0, 
[2025-02-03 17:53:12.121794] [0x0000007f5fea89a0] [MocapTag] [0x00005f2f] [1987] , 7.1143, -0.0307154, -0.202698, -0.149742, -0.999735, 0.00474172, 0.00840274, 0.0208981, 0, 0, 0, 0, 0, 0, 
[2025-02-03 17:53:12.122294] [0x0000007f5fea89a0] [MocapTag] [0x00005f2f] [1988] , 7.1143, -0.0307154, -0.202698, -0.149742, -0.999735, 0.00474172, 0.00840274, 0.0208981, -0.0335999, 0.0453728, -0.0560632, 0.0532627, -0.459507, -0.200865, 
[2025-02-03 17:53:12.122822] [0x0000007f5fea89a0] [MocapTag] [0x00005f2f] [1989] , 7.1143, -0.0307154, -0.202698, -0.149742, -0.999735, 0.00474172, 0.00840274, 0.0208981, 0, 0, 0, 0, 0, 0, 
[2025-02-03 17:53:12.123364] [0x0000007f5fea89a0] [MocapTag] [0x00005f2f] [1990] , 7.1143, -0.0309726, -0.203355, -0.149868, -0.999696, 0.00644389, 0.0104331, 0.0213705, 0, 0, 0, 0, 0, 0, 
[2025-02-03 17:53:12.123920] [0x0000007f5fea89a0] [MocapTag] [0x00005f2f] [1991] , 7.1143, -0.0309726, -0.203355, -0.149868, -0.999696, 0.00644389, 0.0104331, 0.0213705, -0.0257172, -0.0656786, -0.0126557, -0.349927, 0.39824, 0.100169, 
[2025-02-03 17:53:12.124455] [0x0000007f5fea89a0] [MocapTag] [0x00005f2f] [1992] , 7.1143, -0.0309726, -0.203355, -0.149868, -0.999696, 0.00644389, 0.0104331, 0.0213705, 0, 0, 0, 0, 0, 0, 
[2025-02-03 17:53:12.125138] [0x0000007f5fea89a0] [MocapTag] [0x00005f2f] [1993] , 7.12433, -0.0308996, -0.203086, -0.149399, -0.999695, 0.0058266, 0.00996357, 0.0218188, 0, 0, 0, 0, 0, 0, 
[2025-02-03 17:53:12.125761] [0x0000007f5fea89a0] [MocapTag] [0x00005f2f] [1994] , 7.12433, -0.0308996, -0.203086, -0.149399, -0.999695, 0.0058266, 0.00996357, 0.0218188, 0.00730299, 0.0269337, 0.0468713, 0.124598, -0.0917913, 0.0878308, 
[2025-02-03 17:53:12.126408] [0x0000007f5fea89a0] [MocapTag] [0x00005f2f] [1995] , 7.12433, -0.0308996, -0.203086, -0.149399, -0.999695, 0.0058266, 0.00996357, 0.0218188, 0, 0, 0, 0, 0, 0, 
[2025-02-03 17:53:12.127015] [0x0000007f5fea89a0] [MocapTag] [0x00005f2f] [1996] , 7.12433, -0.0308996, -0.203086, -0.149399, -0.999695, 0.0058266, 0.00996357, 0.0218188, 0, 0, 0, 0, 0, 0, 
[2025-02-03 17:53:12.127646] [0x0000007f5fea89a0] [MocapTag] [0x00005f2f] [1997] , 7.12433, -0.0308798, -0.202891, -0.149563, -0.999709, 0.00569558, 0.00911024, 0.0216061, 0, 0, 0, 0, 0, 0, 
[2025-02-03 17:53:12.128263] [0x0000007f5fea89a0] [MocapTag] [0x00005f2f] [1998] , 7.12433, -0.0308798, -0.202891, -0.149563, -0.999709, 0.00569558, 0.00911024, 0.0216061, 0, 0.0194845, -0.0163408, 0, -0.169806, -0.0439025, 
[2025-02-03 17:53:12.128816] [0x0000007f5fea89a0] [MocapTag] [0x00005f2f] [1999] , 7.12433, -0.0308798, -0.202891, -0.149563, -0.999709, 0.00569558, 0.00911024, 0.0216061, 0, 0, 0, 0, 0, 0, 
[2025-02-03 17:53:12.129287] [0x0000007f5fea89a0] [MocapTag] [0x00005f2f] [2000] , 7.12433, -0.0307047, -0.203122, -0.149461, -0.999698, 0.00598172, 0.0100157, 0.0216343, 0, 0, 0, 0, 0, 0, 
[2025-02-03 17:53:12.129797] [0x0000007f5fea89a0] [MocapTag] [0x00005f2f] [2001] , 7.12433, -0.0307047, -0.203122, -0.149461, -0.999698, 0.00598172, 0.0100157, 0.0216343, 0.017514, -0.0230803, 0.0101396, -0.0612259, 0.179788, 0, 
[2025-02-03 17:53:12.130308] [0x0000007f5fea89a0] [MocapTag] [0x00005f2f] [2002] , 7.12433, -0.0307047, -0.203122, -0.149461, -0.999698, 0.00598172, 0.0100157, 0.0216343, 0, 0, 0, 0, 0, 0, 
[2025-02-03 17:53:12.130852] [0x0000007f5fea89a0] [MocapTag] [0x00005f2f] [2003] , 7.12433, -0.0307611, -0.202994, -0.149354, -0.999696, 0.00482833, 0.00981584, 0.0220858, 0, 0, 0, 0, 0, 0, 
[2025-02-03 17:53:12.131420] [0x0000007f5fea89a0] [MocapTag] [0x00005f2f] [2004] , 7.12433, -0.0307611, -0.202994, -0.149354, -0.999696, 0.00482833, 0.00981584, 0.0220858, -0.00564184, 0.0127679, 0.0107246, 0.23067, -0.035424, 0.0878271, 
[2025-02-03 17:53:12.132025] [0x0000007f5fea89a0] [MocapTag] [0x00005f2f] [2005] , 7.12433, -0.0307611, -0.202994, -0.149354, -0.999696, 0.00482833, 0.00981584, 0.0220858, 0, 0, 0, 0, 0, 0, 
[2025-02-03 17:53:12.132593] [0x0000007f5fea89a0] [MocapTag] [0x00005f2f] [2006] , 7.12433, -0.0304232, -0.203095, -0.149318, -0.999703, 0.00496272, 0.0104451, 0.0214288, 0, 0, 0, 0, 0, 0, 
[2025-02-03 17:53:12.133196] [0x0000007f5fea89a0] [MocapTag] [0x00005f2f] [2007] , 7.12433, -0.0304232, -0.203095, -0.149318, -0.999703, 0.00496272, 0.0104451, 0.0214288, 0.0337934, -0.010121, 0.00365405, 0, 0.12591, -0.130478, 
[2025-02-03 17:53:12.133801] [0x0000007f5fea89a0] [MocapTag] [0x00005f2f] [2008] , 7.12433, -0.0304232, -0.203095, -0.149318, -0.999703, 0.00496272, 0.0104451, 0.0214288, 0, 0, 0, 0, 0, 0, 
[2025-02-03 17:53:12.134371] [0x0000007f5fea89a0] [MocapTag] [0x00005f2f] [2009] , 7.12433, -0.0304232, -0.203095, -0.149318, -0.999703, 0.00496272, 0.0104451, 0.0214288, 0, 0, 0, 0, 0, 0, 
[2025-02-03 17:53:12.134891] [0x0000007f5fea89a0] [MocapTag] [0x00005f2f] [2010] , 7.13434, -0.0307357, -0.203211, -0.149215, -0.99968, 0.00501355, 0.010834, 0.022323, 0, 0, 0, 0, 0, 0, 
[2025-02-03 17:53:12.135561] [0x0000007f5fea89a0] [MocapTag] [0x00005f2f] [2011] , 7.13434, -0.0307357, -0.203211, -0.149215, -0.99968, 0.00501355, 0.010834, 0.022323, -0.0312494, -0.0115377, 0.0102914, 0, 0.0766151, 0.179463, 
[2025-02-03 17:53:12.136157] [0x0000007f5fea89a0] [MocapTag] [0x00005f2f] [2012] , 7.13434, -0.0307357, -0.203211, -0.149215, -0.99968, 0.00501355, 0.010834, 0.022323, 0, 0, 0, 0, 0, 0, 
[2025-02-03 17:53:12.136758] [0x0000007f5fea89a0] [MocapTag] [0x00005f2f] [2013] , 7.13434, -0.0309493, -0.202585, -0.149518, -0.999718, 0.00572549, 0.0087329, 0.0213283, 0, 0, 0, 0, 0, 0, 
[2025-02-03 17:53:12.137317] [0x0000007f5fea89a0] [MocapTag] [0x00005f2f] [2014] , 7.13434, -0.0309493, -0.202585, -0.149518, -0.999718, 0.00572549, 0.0087329, 0.0213283, -0.0213629, 0.0625154, -0.0302945, -0.131226, -0.422142, -0.200157, 
[2025-02-03 17:53:12.137857] [0x0000007f5fea89a0] [MocapTag] [0x00005f2f] [2015] , 7.13434, -0.0309493, -0.202585, -0.149518, -0.999718, 0.00572549, 0.0087329, 0.0213283, 0, 0, 0, 0, 0, 0, 
[2025-02-03 17:53:12.138457] [0x0000007f5fea89a0] [MocapTag] [0x00005f2f] [2016] , 7.13434, -0.0306555, -0.203176, -0.149416, -0.999711, 0.00574011, 0.00915507, 0.0214845, 0, 0, 0, 0, 0, 0, 
[2025-02-03 17:53:12.139054] [0x0000007f5fea89a0] [MocapTag] [0x00005f2f] [2017] , 7.13434, -0.0306555, -0.203176, -0.149416, -0.999711, 0.00574011, 0.00915507, 0.0214845, 0.0293828, -0.0590784, 0.0101833, 0, 0.0841683, 0, 
[2025-02-03 17:53:12.139662] [0x0000007f5fea89a0] [MocapTag] [0x00005f2f] [2018] , 7.13434, -0.0306555, -0.203176, -0.149416, -0.999711, 0.00574011, 0.00915507, 0.0214845, 0, 0, 0, 0, 0, 0, 
[2025-02-03 17:53:12.140210] [0x0000007f5fea89a0] [MocapTag] [0x00005f2f] [2019] , 7.13434, -0.0306466, -0.203179, -0.149504, -0.999702, 0.00581529, 0.01069, 0.0211484, 0, 0, 0, 0, 0, 0, 
[2025-02-03 17:53:12.140803] [0x0000007f5fea89a0] [MocapTag] [0x00005f2f] [2020] , 7.13434, -0.0306466, -0.203179, -0.149504, -0.999702, 0.00581529, 0.01069, 0.0211484, 0, 0, -0.00878406, 0, 0.30701, -0.0651337, 
[2025-02-03 17:53:12.141339] [0x0000007f5fea89a0] [MocapTag] [0x00005f2f] [2021] , 7.13434, -0.0306466, -0.203179, -0.149504, -0.999702, 0.00581529, 0.01069, 0.0211484, 0, 0, 0, 0, 0, 0, 
[2025-02-03 17:53:12.141911] [0x0000007f5fea89a0] [MocapTag] [0x00005f2f] [2022] , 7.13434, -0.0306466, -0.203179, -0.149504, -0.999702, 0.00581529, 0.01069, 0.0211484, 0, 0, 0, 0, 0, 0, 
[2025-02-03 17:53:12.142477] [0x0000007f5fea89a0] [MocapTag] [0x00005f2f] [2023] , 7.13434, -0.0305788, -0.202956, -0.149688, -0.99972, 0.00528843, 0.00970151, 0.0209375, 0, 0, 0, 0, 0, 0, 
[2025-02-03 17:53:12.143016] [0x0000007f5fea89a0] [MocapTag] [0x00005f2f] [2024] , 7.13434, -0.0305788, -0.202956, -0.149688, -0.99972, 0.00528843, 0.00970151, 0.0209375, 0.00677802, 0.0222978, -0.0184616, 0.109982, -0.195198, -0.0444666, 
[2025-02-03 17:53:12.143475] [0x0000007f5fea89a0] [MocapTag] [0x00005f2f] [2025] , 7.13434, -0.0305788, -0.202956, -0.149688, -0.99972, 0.00528843, 0.00970151, 0.0209375, 0, 0, 0, 0, 0, 0, 
[2025-02-03 17:53:12.143887] [0x0000007f5fea89a0] [MocapTag] [0x00005f2f] [2026] , 7.13434, -0.0307921, -0.203205, -0.149215, -0.99968, 0.00500599, 0.0107597, 0.0223543, 0, 0, 0, 0, 0, 0, 
[2025-02-03 17:53:12.144325] [0x0000007f5fea89a0] [MocapTag] [0x00005f2f] [2027] , 7.13434, -0.0307921, -0.203205, -0.149215, -0.99968, 0.00500599, 0.0107597, 0.0223543, -0.0213298, -0.0248413, 0.0473251, 0.048995, 0.211295, 0.284122, 
[2025-02-03 17:53:12.145146] [0x0000007f5fea89a0] [MocapTag] [0x00005f2f] [2028] , 7.14436, -0.0307921, -0.203205, -0.149215, -0.99968, 0.00500599, 0.0107597, 0.0223543, 0, 0, 0, 0, 0, 0, 
[2025-02-03 17:53:12.145770] [0x0000007f5fea89a0] [MocapTag] [0x00005f2f] [2029] , 7.14436, -0.0309428, -0.202639, -0.149711, -0.999724, 0.0054419, 0.00821212, 0.0213115, 0, 0, 0, 0, 0, 0, 
[2025-02-03 17:53:12.146379] [0x0000007f5fea89a0] [MocapTag] [0x00005f2f] [2030] , 7.14436, -0.0309428, -0.202639, -0.149711, -0.999724, 0.0054419, 0.00821212, 0.0213115, -0.0150606, 0.0565817, -0.04956, -0.0740051, -0.510179, -0.210804, 
[2025-02-03 17:53:12.146949] [0x0000007f5fea89a0] [MocapTag] [0x00005f2f] [2031] , 7.14436, -0.0309428, -0.202639, -0.149711, -0.999724, 0.0054419, 0.00821212, 0.0213115, 0, 0, 0, 0, 0, 0, 
[2025-02-03 17:53:12.147521] [0x0000007f5fea89a0] [MocapTag] [0x00005f2f] [2032] , 7.14436, -0.0309428, -0.202639, -0.149711, -0.999724, 0.0054419, 0.00821212, 0.0213115, 0, 0, 0, 0, 0, 0, 
[2025-02-03 17:53:12.148107] [0x0000007f5fea89a0] [MocapTag] [0x00005f2f] [2033] , 7.14436, -0.0309231, -0.203132, -0.149552, -0.999701, 0.00585454, 0.0093038, 0.0218417, 0, 0, 0, 0, 0, 0, 
[2025-02-03 17:53:12.148689] [0x0000007f5fea89a0] [MocapTag] [0x00005f2f] [2034] , 7.14436, -0.0309231, -0.203132, -0.149552, -0.999701, 0.00585454, 0.0093038, 0.0218417, 0, -0.0492661, 0.0158558, -0.088191, 0.215885, 0.108146, 
[2025-02-03 17:53:12.149173] [0x0000007f5fea89a0] [MocapTag] [0x00005f2f] [2035] , 7.14436, -0.0309231, -0.203132, -0.149552, -0.999701, 0.00585454, 0.0093038, 0.0218417, 0, 0, 0, 0, 0, 0, 
[2025-02-03 17:53:12.149703] [0x0000007f5fea89a0] [MocapTag] [0x00005f2f] [2036] , 7.14436, -0.0309263, -0.203132, -0.149407, -0.999697, 0.00579069, 0.0100781, 0.021696, 0, 0, 0, 0, 0, 0, 
[2025-02-03 17:53:12.150192] [0x0000007f5fea89a0] [MocapTag] [0x00005f2f] [2037] , 7.14436, -0.0309263, -0.203132, -0.149407, -0.999697, 0.00579069, 0.0100781, 0.021696, 0, 0, 0.0144823, 0, 0.155276, 0, 
[2025-02-03 17:53:12.150641] [0x0000007f5fea89a0] [MocapTag] [0x00005f2f] [2038] , 7.14436, -0.0309263, -0.203132, -0.149407, -0.999697, 0.00579069, 0.0100781, 0.021696, 0, 0, 0, 0, 0, 0, 
[2025-02-03 17:53:12.151013] [0x0000007f5fea89a0] [MocapTag] [0x00005f2f] [2039] , 7.14436, -0.0305028, -0.202885, -0.14957, -0.999719, 0.0059895, 0.0092018, 0.0210153, 0, 0, 0, 0, 0, 0, 
[2025-02-03 17:53:12.151383] [0x0000007f5fea89a0] [MocapTag] [0x00005f2f] [2040] , 7.14436, -0.0305028, -0.202885, -0.14957, -0.999719, 0.0059895, 0.0092018, 0.0210153, 0.0423511, 0.0247656, -0.0162671, 0, -0.17524, -0.136938, 
[2025-02-03 17:53:12.151982] [0x0000007f5fea89a0] [MocapTag] [0x00005f2f] [2041] , 7.14436, -0.0305028, -0.202885, -0.14957, -0.999719, 0.0059895, 0.0092018, 0.0210153, 0, 0, 0, 0, 0, 0, 
[2025-02-03 17:53:12.152530] [0x0000007f5fea89a0] [MocapTag] [0x00005f2f] [2042] , 7.14436, -0.0305028, -0.202885, -0.14957, -0.999719, 0.0059895, 0.0092018, 0.0210153, 0, 0, 0, 0, 0, 0, 
[2025-02-03 17:53:12.153081] [0x0000007f5fea89a0] [MocapTag] [0x00005f2f] [2043] , 7.14436, -0.0306311, -0.203222, -0.149228, -0.999679, 0.00492327, 0.0106612, 0.0224574, 0, 0, 0, 0, 0, 0, 
[2025-02-03 17:53:12.153652] [0x0000007f5fea89a0] [MocapTag] [0x00005f2f] [2044] , 7.14436, -0.0306311, -0.203222, -0.149228, -0.999679, 0.00492327, 0.0106612, 0.0224574, -0.0128279, -0.0337523, 0.0341576, 0.204015, 0.294828, 0.288211, 
[2025-02-03 17:53:12.154207] [0x0000007f5fea89a0] [MocapTag] [0x00005f2f] [2045] , 7.14436, -0.0306311, -0.203222, -0.149228, -0.999679, 0.00492327, 0.0106612, 0.0224574, 0, 0, 0, 0, 0, 0, 
[2025-02-03 17:53:12.154678] [0x0000007f5fea89a0] [MocapTag] [0x00005f2f] [2046] , 7.15435, -0.0306423, -0.202987, -0.149374, -0.999705, 0.00483775, 0.00984168, 0.0216659, 0, 0, 0, 0, 0, 0, 
[2025-02-03 17:53:12.155387] [0x0000007f5fea89a0] [MocapTag] [0x00005f2f] [2047] , 7.15435, -0.0306423, -0.202987, -0.149374, -0.999705, 0.00483775, 0.00984168, 0.0216659, 0, 0.0234838, -0.0145745, 0, -0.16268, -0.159445, 
[2025-02-03 17:53:12.156017] [0x0000007f5fea89a0] [MocapTag] [0x00005f2f] [2048] , 7.15435, -0.0306423, -0.202987, -0.149374, -0.999705, 0.00483775, 0.00984168, 0.0216659, 0, 0, 0, 0, 0, 0, 
[2025-02-03 17:53:12.156633] [0x0000007f5fea89a0] [MocapTag] [0x00005f2f] [2049] , 7.15435, -0.0309554, -0.203069, -0.149607, -0.999709, 0.0057551, 0.00873687, 0.0217291, 0, 0, 0, 0, 0, 0, 
[2025-02-03 17:53:12.157242] [0x0000007f5fea89a0] [MocapTag] [0x00005f2f] [2050] , 7.15435, -0.0309554, -0.203069, -0.149607, -0.999709, 0.0057551, 0.00873687, 0.0217291, -0.0313111, -0.00811164, -0.0232991, -0.178742, -0.224975, 0, 
[2025-02-03 17:53:12.157780] [0x0000007f5fea89a0] [MocapTag] [0x00005f2f] [2051] , 7.15435, -0.0309554, -0.203069, -0.149607, -0.999709, 0.0057551, 0.00873687, 0.0217291, 0, 0, 0, 0, 0, 0, 
[2025-02-03 17:53:12.158372] [0x0000007f5fea89a0] [MocapTag] [0x00005f2f] [2052] , 7.15435, -0.0308585, -0.203053, -0.149371, -0.999695, 0.00579658, 0.00999145, 0.0218147, 0, 0, 0, 0, 0, 0, 
[2025-02-03 17:53:12.158942] [0x0000007f5fea89a0] [MocapTag] [0x00005f2f] [2053] , 7.15435, -0.0308585, -0.203053, -0.149371, -0.999695, 0.00579658, 0.00999145, 0.0218147, 0.00968877, 0, 0.0236114, 0, 0.250578, 0, 
[2025-02-03 17:53:12.159500] [0x0000007f5fea89a0] [MocapTag] [0x00005f2f] [2054] , 7.15435, -0.0308585, -0.203053, -0.149371, -0.999695, 0.00579658, 0.00999145, 0.0218147, 0, 0, 0, 0, 0, 0, 
[2025-02-03 17:53:12.160003] [0x0000007f5fea89a0] [MocapTag] [0x00005f2f] [2055] , 7.15435, -0.0309099, -0.202666, -0.149601, -0.999714, 0.00577174, 0.00896428, 0.0214213, 0, 0, 0, 0, 0, 0, 
[2025-02-03 17:53:12.160516] [0x0000007f5fea89a0] [MocapTag] [0x00005f2f] [2056] , 7.15435, -0.0309099, -0.202666, -0.149601, -0.999714, 0.00577174, 0.00896428, 0.0214213, -0.00513412, 0.0386526, -0.0230385, 0, -0.204812, -0.0800662, 
[2025-02-03 17:53:12.161039] [0x0000007f5fea89a0] [MocapTag] [0x00005f2f] [2057] , 7.15435, -0.0309099, -0.202666, -0.149601, -0.999714, 0.00577174, 0.00896428, 0.0214213, 0, 0, 0, 0, 0, 0, 
[2025-02-03 17:53:12.161558] [0x0000007f5fea89a0] [MocapTag] [0x00005f2f] [2058] , 7.15435, -0.0309099, -0.202666, -0.149601, -0.999714, 0.00577174, 0.00896428, 0.0214213, 0, 0, 0, 0, 0, 0, 
[2025-02-03 17:53:12.162194] [0x0000007f5fea89a0] [MocapTag] [0x00005f2f] [2059] , 7.15435, -0.0308099, -0.203129, -0.149452, -0.999693, 0.00590849, 0.00988344, 0.021918, 0, 0, 0, 0, 0, 0, 
[2025-02-03 17:53:12.162734] [0x0000007f5fea89a0] [MocapTag] [0x00005f2f] [2060] , 7.15435, -0.0308099, -0.203129, -0.149452, -0.999693, 0.00590849, 0.00988344, 0.021918, 0.00999799, -0.0462506, 0.0149062, 0, 0.182599, 0.100806, 
[2025-02-03 17:53:12.163289] [0x0000007f5fea89a0] [MocapTag] [0x00005f2f] [2061] , 7.15435, -0.0308099, -0.203129, -0.149452, -0.999693, 0.00590849, 0.00988344, 0.021918, 0, 0, 0, 0, 0, 0, 
[2025-02-03 17:53:12.163834] [0x0000007f5fea89a0] [MocapTag] [0x00005f2f] [2062] , 7.15435, -0.0308319, -0.202722, -0.14929, -0.999715, 0.00613726, 0.00833149, 0.0215353, 0, 0, 0, 0, 0, 0, 
[2025-02-03 17:53:12.164421] [0x0000007f5fea89a0] [MocapTag] [0x00005f2f] [2063] , 7.15435, -0.0308319, -0.202722, -0.14929, -0.999715, 0.00613726, 0.00833149, 0.0215353, -0.00220577, 0.0407038, 0.0162658, -0.0382662, -0.310842, -0.0781998, 
[2025-02-03 17:53:12.165013] [0x0000007f5fea89a0] [MocapTag] [0x00005f2f] [2064] , 7.16433, -0.0308319, -0.202722, -0.14929, -0.999715, 0.00613726, 0.00833149, 0.0215353, 0, 0, 0, 0, 0, 0, 
[2025-02-03 17:53:12.165534] [0x0000007f5fea89a0] [MocapTag] [0x00005f2f] [2065] , 7.16433, -0.0308319, -0.202722, -0.14929, -0.999715, 0.00613726, 0.00833149, 0.0215353, 0, 0, 0, 0, 0, 0, 
[2025-02-03 17:53:12.165932] [0x0000007f5fea89a0] [MocapTag] [0x00005f2f] [2066] , 7.16433, -0.0309746, -0.203047, -0.149682, -0.999716, 0.00560141, 0.00809617, 0.0216905, 0, 0, 0, 0, 0, 0, 
[2025-02-03 17:53:12.166299] [0x0000007f5fea89a0] [MocapTag] [0x00005f2f] [2067] , 7.16433, -0.0309746, -0.203047, -0.149682, -0.999716, 0.00560141, 0.00809617, 0.0216905, -0.0142677, -0.0325685, -0.0392685, 0.107932, -0.0449201, 0, 
[2025-02-03 17:53:12.166661] [0x0000007f5fea89a0] [MocapTag] [0x00005f2f] [2068] , 7.16433, -0.0309746, -0.203047, -0.149682, -0.999716, 0.00560141, 0.00809617, 0.0216905, 0, 0, 0, 0, 0, 0, 
[2025-02-03 17:53:12.167341] [0x0000007f5fea89a0] [MocapTag] [0x00005f2f] [2069] , 7.16433, -0.0307984, -0.203033, -0.149383, -0.999687, 0.00577547, 0.0100924, 0.0221337, 0, 0, 0, 0, 0, 0, 
[2025-02-03 17:53:12.167840] [0x0000007f5fea89a0] [MocapTag] [0x00005f2f] [2070] , 7.16433, -0.0307984, -0.203033, -0.149383, -0.999687, 0.00577547, 0.0100924, 0.0221337, 0.0176208, 0, 0.0299266, -0.0444174, 0.397863, 0.0914924, 
[2025-02-03 17:53:12.168227] [0x0000007f5fea89a0] [MocapTag] [0x00005f2f] [2071] , 7.16433, -0.0307984, -0.203033, -0.149383, -0.999687, 0.00577547, 0.0100924, 0.0221337, 0, 0, 0, 0, 0, 0, 
[2025-02-03 17:53:12.168744] [0x0000007f5fea89a0] [MocapTag] [0x00005f2f] [2072] , 7.16433, -0.0309791, -0.202653, -0.149577, -0.999716, 0.00570969, 0.00897043, 0.0213296, 0, 0, 0, 0, 0, 0, 
[2025-02-03 17:53:12.169247] [0x0000007f5fea89a0] [MocapTag] [0x00005f2f] [2073] , 7.16433, -0.0309791, -0.202653, -0.149577, -0.999716, 0.00570969, 0.00897043, 0.0213296, -0.0180724, 0.0379944, -0.0193721, 0, -0.223095, -0.162438, 
[2025-02-03 17:53:12.169745] [0x0000007f5fea89a0] [MocapTag] [0x00005f2f] [2074] , 7.16433, -0.0309791, -0.202653, -0.149577, -0.999716, 0.00570969, 0.00897043, 0.0213296, 0, 0, 0, 0, 0, 0, 
[2025-02-03 17:53:12.170235] [0x0000007f5fea89a0] [MocapTag] [0x00005f2f] [2075] , 7.16433, -0.0309791, -0.202653, -0.149577, -0.999716, 0.00570969, 0.00897043, 0.0213296, 0, 0, 0, 0, 0, 0, 
[2025-02-03 17:53:12.170657] [0x0000007f5fea89a0] [MocapTag] [0x00005f2f] [2076] , 7.16433, -0.0308807, -0.203159, -0.149465, -0.999696, 0.00585165, 0.0096918, 0.0218856, 0, 0, 0, 0, 0, 0, 
[2025-02-03 17:53:12.171031] [0x0000007f5fea89a0] [MocapTag] [0x00005f2f] [2077] , 7.16433, -0.0308807, -0.203159, -0.149465, -0.999696, 0.00585165, 0.0096918, 0.0218856, 0.00984091, -0.050564, 0.0111994, 0, 0.142964, 0.112423, 
[2025-02-03 17:53:12.171392] [0x0000007f5fea89a0] [MocapTag] [0x00005f2f] [2078] , 7.16433, -0.0308807, -0.203159, -0.149465, -0.999696, 0.00585165, 0.0096918, 0.0218856, 0, 0, 0, 0, 0, 0, 
[2025-02-03 17:53:12.171794] [0x0000007f5fea89a0] [MocapTag] [0x00005f2f] [2079] , 7.16433, -0.0306934, -0.203178, -0.149477, -0.999702, 0.00575961, 0.0107916, 0.0211262, 0, 0, 0, 0, 0, 0, 
[2025-02-03 17:53:12.172191] [0x0000007f5fea89a0] [MocapTag] [0x00005f2f] [2080] , 7.16433, -0.0306934, -0.203178, -0.149477, -0.999702, 0.00575961, 0.0107916, 0.0211262, 0.0187286, 0, 0, 0, 0.221235, -0.150691, 
[2025-02-03 17:53:12.172641] [0x0000007f5fea89a0] [MocapTag] [0x00005f2f] [2081] , 7.16433, -0.0306934, -0.203178, -0.149477, -0.999702, 0.00575961, 0.0107916, 0.0211262, 0, 0, 0, 0, 0, 0, 
[2025-02-03 17:53:12.173104] [0x0000007f5fea89a0] [MocapTag] [0x00005f2f] [2082] , 7.16433, -0.0308704, -0.20285, -0.149521, -0.999711, 0.00549369, 0.0090355, 0.0215952, 0, 0, 0, 0, 0, 0, 
[2025-02-03 17:53:12.431037] [0x0000007f5fea89a0] [MocapTag] [0x00005f2f] [2083] , 7.42431, -0.0308704, -0.20285, -0.149521, -0.999711, 0.00549369, 0.0090355, 0.0215952, -0.017697, 0.0327908, -0.00442555, 0.0598192, -0.350565, 0.0911072, 
[2025-02-03 17:53:12.431720] [0x0000007f5fea89a0] [MocapTag] [0x00005f2f] [2084] , 7.42431, -0.0308704, -0.20285, -0.149521, -0.999711, 0.00549369, 0.0090355, 0.0215952, 0, 0, 0, 0, 0, 0, 
[2025-02-03 17:53:12.432326] [0x0000007f5fea89a0] [MocapTag] [0x00005f2f] [2085] , 7.42431, -0.0305565, -0.203166, -0.149191, -0.999679, 0.00483902, 0.0108109, 0.022399, 0, 0, 0, 0, 0, 0, 
[2025-02-03 17:53:12.432937] [0x0000007f5fea89a0] [MocapTag] [0x00005f2f] [2086] , 7.42431, -0.0305565, -0.203166, -0.149191, -0.999679, 0.00483902, 0.0108109, 0.022399, 0.0313894, -0.031581, 0.0330461, 0.121474, 0.357029, 0.161598, 
[2025-02-03 17:53:12.433505] [0x0000007f5fea89a0] [MocapTag] [0x00005f2f] [2087] , 7.42431, -0.0305565, -0.203166, -0.149191, -0.999679, 0.00483902, 0.0108109, 0.022399, 0, 0, 0, 0, 0, 0, 
[2025-02-03 17:53:12.434093] [0x0000007f5fea89a0] [MocapTag] [0x00005f2f] [2088] , 7.42431, -0.0305565, -0.203166, -0.149191, -0.999679, 0.00483902, 0.0108109, 0.022399, 0, 0, 0, 0, 0, 0, 
[2025-02-03 17:53:12.434676] [0x0000007f5fea89a0] [MocapTag] [0x00005f2f] [2089] , 7.43435, -0.0306786, -0.202785, -0.149758, -0.999732, 0.0048937, 0.00864136, 0.0209286, 0, 0, 0, 0, 0, 0, 
[2025-02-03 17:53:12.435397] [0x0000007f5fea89a0] [MocapTag] [0x00005f2f] [2090] , 7.43435, -0.0306786, -0.202785, -0.149758, -0.999732, 0.0048937, 0.00864136, 0.0209286, -0.0122124, 0.0380863, -0.0566613, 0, -0.432565, -0.296463, 
[2025-02-03 17:53:12.436007] [0x0000007f5fea89a0] [MocapTag] [0x00005f2f] [2091] , 7.43435, -0.0306786, -0.202785, -0.149758, -0.999732, 0.0048937, 0.00864136, 0.0209286, 0, 0, 0, 0, 0, 0, 
[2025-02-03 17:53:12.436574] [0x0000007f5fea89a0] [MocapTag] [0x00005f2f] [2092] , 7.43435, -0.0306786, -0.202785, -0.149758, -0.999732, 0.0048937, 0.00864136, 0.0209286, 0, 0, 0, 0, 0, 0, 
[2025-02-03 17:53:12.437122] [0x0000007f5fea89a0] [MocapTag] [0x00005f2f] [2093] , 7.43435, -0.0307286, -0.203199, -0.14972, -0.999716, 0.00541489, 0.00930471, 0.0212679, 0, 0, 0, 0, 0, 0, 
[2025-02-03 17:53:12.437679] [0x0000007f5fea89a0] [MocapTag] [0x00005f2f] [2094] , 7.43435, -0.0307286, -0.203199, -0.14972, -0.999716, 0.00541489, 0.00930471, 0.0212679, -0.00499708, -0.0414027, 0.00373876, -0.107646, 0.130076, 0.0695597, 
[2025-02-03 17:53:12.438239] [0x0000007f5fea89a0] [MocapTag] [0x00005f2f] [2095] , 7.43435, -0.0307286, -0.203199, -0.14972, -0.999716, 0.00541489, 0.00930471, 0.0212679, 0, 0, 0, 0, 0, 0, 
[2025-02-03 17:53:12.438926] [0x0000007f5fea89a0] [MocapTag] [0x00005f2f] [2096] , 7.43435, -0.0306449, -0.202993, -0.14873, -0.99973, 0.00661374, 0.00697091, 0.0211652, 0, 0, 0, 0, 0, 0, 
[2025-02-03 17:53:12.439524] [0x0000007f5fea89a0] [MocapTag] [0x00005f2f] [2097] , 7.43435, -0.0306449, -0.202993, -0.14873, -0.99973, 0.00661374, 0.00697091, 0.0211652, 0.00836645, 0.020548, 0.0990606, -0.229597, -0.471633, 0, 
[2025-02-03 17:53:12.440144] [0x0000007f5fea89a0] [MocapTag] [0x00005f2f] [2098] , 7.43435, -0.0306449, -0.202993, -0.14873, -0.99973, 0.00661374, 0.00697091, 0.0211652, 0, 0, 0, 0, 0, 0, 
[2025-02-03 17:53:12.440769] [0x0000007f5fea89a0] [MocapTag] [0x00005f2f] [2099] , 7.43435, -0.0306299, -0.202926, -0.149744, -0.999724, 0.00529737, 0.0091457, 0.0209845, 0, 0, 0, 0, 0, 0, 
[2025-02-03 17:53:12.441326] [0x0000007f5fea89a0] [MocapTag] [0x00005f2f] [2100] , 7.43435, -0.0306299, -0.202926, -0.149744, -0.999724, 0.00529737, 0.0091457, 0.0209845, 0, 0.00678627, -0.101409, 0.254297, 0.440649, -0.0354201, 
[2025-02-03 17:53:12.441970] [0x0000007f5fea89a0] [MocapTag] [0x00005f2f] [2101] , 7.43435, -0.0306299, -0.202926, -0.149744, -0.999724, 0.00529737, 0.0091457, 0.0209845, 0, 0, 0, 0, 0, 0, 
[2025-02-03 17:53:12.442545] [0x0000007f5fea89a0] [MocapTag] [0x00005f2f] [2102] , 7.43435, -0.0306299, -0.202926, -0.149744, -0.999724, 0.00529737, 0.0091457, 0.0209845, 0, 0, 0, 0, 0, 0, 
[2025-02-03 17:53:12.443094] [0x0000007f5fea89a0] [MocapTag] [0x00005f2f] [2103] , 7.43435, -0.0304812, -0.20294, -0.149619, -0.999723, 0.00559973, 0.00911075, 0.0209507, 0, 0, 0, 0, 0, 0, 
[2025-02-03 17:53:12.443640] [0x0000007f5fea89a0] [MocapTag] [0x00005f2f] [2104] , 7.43435, -0.0304812, -0.20294, -0.149619, -0.999723, 0.00559973, 0.00911075, 0.0209507, 0.0148658, 0, 0.0124552, -0.0602484, 0, 0, 
[2025-02-03 17:53:12.444200] [0x0000007f5fea89a0] [MocapTag] [0x00005f2f] [2105] , 7.43435, -0.0304812, -0.20294, -0.149619, -0.999723, 0.00559973, 0.00911075, 0.0209507, 0, 0, 0, 0, 0, 0, 
[2025-02-03 17:53:12.444691] [0x0000007f5fea89a0] [MocapTag] [0x00005f2f] [2106] , 7.44434, -0.0308869, -0.202808, -0.149599, -0.999714, 0.00550562, 0.008883, 0.0215177, 0, 0, 0, 0, 0, 0, 
[2025-02-03 17:53:12.445422] [0x0000007f5fea89a0] [MocapTag] [0x00005f2f] [2107] , 7.44434, -0.0308869, -0.202808, -0.149599, -0.999714, 0.00550562, 0.008883, 0.0215177, -0.040567, 0.0131916, 0.00202221, 0, -0.04579, 0.112988, 
[2025-02-03 17:53:12.446090] [0x0000007f5fea89a0] [MocapTag] [0x00005f2f] [2108] , 7.44434, -0.0308869, -0.202808, -0.149599, -0.999714, 0.00550562, 0.008883, 0.0215177, 0, 0, 0, 0, 0, 0, 
[2025-02-03 17:53:12.446776] [0x0000007f5fea89a0] [MocapTag] [0x00005f2f] [2109] , 7.44434, -0.0308869, -0.202808, -0.149599, -0.999714, 0.00550562, 0.008883, 0.0215177, 0, 0, 0, 0, 0, 0, 
[2025-02-03 17:53:12.447628] [0x0000007f5fea89a0] [MocapTag] [0x00005f2f] [2110] , 7.44434, -0.0309686, -0.203075, -0.149578, -0.999711, 0.00564146, 0.00840329, 0.0217938, 0, 0, 0, 0, 0, 0, 
[2025-02-03 17:53:12.448235] [0x0000007f5fea89a0] [MocapTag] [0x00005f2f] [2111] , 7.44434, -0.0309686, -0.203075, -0.149578, -0.999711, 0.00564146, 0.00840329, 0.0217938, -0.00816397, -0.0267112, 0.00209345, 0, -0.0968292, 0.0548784, 
[2025-02-03 17:53:12.448837] [0x0000007f5fea89a0] [MocapTag] [0x00005f2f] [2112] , 7.44434, -0.0309686, -0.203075, -0.149578, -0.999711, 0.00564146, 0.00840329, 0.0217938, 0, 0, 0, 0, 0, 0, 
[2025-02-03 17:53:12.449422] [0x0000007f5fea89a0] [MocapTag] [0x00005f2f] [2113] , 7.44434, -0.0306262, -0.203066, -0.149355, -0.999708, 0.00557333, 0.00939346, 0.0215542, 0, 0, 0, 0, 0, 0, 
[2025-02-03 17:53:12.449972] [0x0000007f5fea89a0] [MocapTag] [0x00005f2f] [2114] , 7.44434, -0.0306262, -0.203066, -0.149355, -0.999708, 0.00557333, 0.00939346, 0.0215542, 0.0342365, 0, 0.0222834, 0, 0.198565, -0.0468329, 
[2025-02-03 17:53:12.450568] [0x0000007f5fea89a0] [MocapTag] [0x00005f2f] [2115] , 7.44434, -0.0306262, -0.203066, -0.149355, -0.999708, 0.00557333, 0.00939346, 0.0215542, 0, 0, 0, 0, 0, 0, 
[2025-02-03 17:53:12.451114] [0x0000007f5fea89a0] [MocapTag] [0x00005f2f] [2116] , 7.44434, -0.0306262, -0.203066, -0.149355, -0.999708, 0.00557333, 0.00939346, 0.0215542, 0, 0, 0, 0, 0, 0, 
[2025-02-03 17:53:12.451719] [0x0000007f5fea89a0] [MocapTag] [0x00005f2f] [2117] , 7.44434, -0.03071, -0.20271, -0.149799, -0.999731, 0.00535771, 0.00889408, 0.0207353, 0, 0, 0, 0, 0, 0, 
[2025-02-03 17:53:12.452296] [0x0000007f5fea89a0] [MocapTag] [0x00005f2f] [2118] , 7.44434, -0.03071, -0.20271, -0.149799, -0.999731, 0.00535771, 0.00889408, 0.0207353, -0.00837855, 0.0355886, -0.0444055, 0.04673, -0.0980139, -0.164822, 
[2025-02-03 17:53:12.452906] [0x0000007f5fea89a0] [MocapTag] [0x00005f2f] [2119] , 7.44434, -0.03071, -0.20271, -0.149799, -0.999731, 0.00535771, 0.00889408, 0.0207353, 0, 0, 0, 0, 0, 0, 
[2025-02-03 17:53:12.453514] [0x0000007f5fea89a0] [MocapTag] [0x00005f2f] [2120] , 7.44434, -0.0306355, -0.203517, -0.149961, -0.99969, 0.00626817, 0.0118665, 0.020952, 0, 0, 0, 0, 0, 0, 
[2025-02-03 17:53:12.454152] [0x0000007f5fea89a0] [MocapTag] [0x00005f2f] [2121] , 7.44434, -0.0306355, -0.203517, -0.149961, -0.99969, 0.00626817, 0.0118665, 0.020952, 0.00745072, -0.0806145, -0.0161526, -0.19505, 0.590307, 0.0490706, 
[2025-02-03 17:53:12.454688] [0x0000007f5fea89a0] [MocapTag] [0x00005f2f] [2122] , 7.45435, -0.0306355, -0.203517, -0.149961, -0.99969, 0.00626817, 0.0118665, 0.020952, 0, 0, 0, 0, 0, 0, 
[2025-02-03 17:53:12.455355] [0x0000007f5fea89a0] [MocapTag] [0x00005f2f] [2123] , 7.45435, -0.0310819, -0.203099, -0.149915, -0.999701, 0.00626938, 0.0105508, 0.0211637, 0, 0, 0, 0, 0, 0, 
[2025-02-03 17:53:12.455922] [0x0000007f5fea89a0] [MocapTag] [0x00005f2f] [2124] , 7.45435, -0.0310819, -0.203099, -0.149915, -0.999701, 0.00626938, 0.0105508, 0.0211637, -0.0446405, 0.0417526, 0.00459309, 0, -0.263367, 0.0405088, 
[2025-02-03 17:53:12.456476] [0x0000007f5fea89a0] [MocapTag] [0x00005f2f] [2125] , 7.45435, -0.0310819, -0.203099, -0.149915, -0.999701, 0.00626938, 0.0105508, 0.0211637, 0, 0, 0, 0, 0, 0, 
[2025-02-03 17:53:12.457015] [0x0000007f5fea89a0] [MocapTag] [0x00005f2f] [2126] , 7.45435, -0.0310819, -0.203099, -0.149915, -0.999701, 0.00626938, 0.0105508, 0.0211637, 0, 0, 0, 0, 0, 0, 
[2025-02-03 17:53:12.457550] [0x0000007f5fea89a0] [MocapTag] [0x00005f2f] [2127] , 7.45435, -0.0310456, -0.203031, -0.149927, -0.999707, 0.00599202, 0.0098189, 0.0213029, 0, 0, 0, 0, 0, 0, 
[2025-02-03 17:53:12.458083] [0x0000007f5fea89a0] [MocapTag] [0x00005f2f] [2128] , 7.45435, -0.0310456, -0.203031, -0.149927, -0.999707, 0.00599202, 0.0098189, 0.0213029, 0.00363044, 0.00675913, 0, 0.0583172, -0.145353, 0, 
[2025-02-03 17:53:12.458732] [0x0000007f5fea89a0] [MocapTag] [0x00005f2f] [2129] , 7.45435, -0.0310456, -0.203031, -0.149927, -0.999707, 0.00599202, 0.0098189, 0.0213029, 0, 0, 0, 0, 0, 0, 
[2025-02-03 17:53:12.459245] [0x0000007f5fea89a0] [MocapTag] [0x00005f2f] [2130] , 7.45435, -0.0308697, -0.203428, -0.14957, -0.999673, 0.00558182, 0.0117631, 0.0219945, 0, 0, 0, 0, 0, 0, 
[2025-02-03 17:53:12.459729] [0x0000007f5fea89a0] [MocapTag] [0x00005f2f] [2131] , 7.45435, -0.0308697, -0.203428, -0.14957, -0.999673, 0.00558182, 0.0117631, 0.0219945, 0.0175872, -0.0396726, 0.0356889, 0.0720739, 0.389704, 0.140016, 
[2025-02-03 17:53:12.460254] [0x0000007f5fea89a0] [MocapTag] [0x00005f2f] [2132] , 7.45435, -0.0308697, -0.203428, -0.14957, -0.999673, 0.00558182, 0.0117631, 0.0219945, 0, 0, 0, 0, 0, 0, 
[2025-02-03 17:53:12.460795] [0x0000007f5fea89a0] [MocapTag] [0x00005f2f] [2133] , 7.45435, -0.0310461, -0.202938, -0.149843, -0.999702, 0.0062042, 0.0103543, 0.0212045, 0, 0, 0, 0, 0, 0, 
[2025-02-03 17:53:12.461374] [0x0000007f5fea89a0] [MocapTag] [0x00005f2f] [2134] , 7.45435, -0.0310461, -0.202938, -0.149843, -0.999702, 0.0062042, 0.0103543, 0.0212045, -0.0176444, 0.049023, -0.0272908, -0.116611, -0.283416, -0.158551, 
[2025-02-03 17:53:12.462004] [0x0000007f5fea89a0] [MocapTag] [0x00005f2f] [2135] , 7.45435, -0.0310461, -0.202938, -0.149843, -0.999702, 0.0062042, 0.0103543, 0.0212045, 0, 0, 0, 0, 0, 0, 
[2025-02-03 17:53:12.462554] [0x0000007f5fea89a0] [MocapTag] [0x00005f2f] [2136] , 7.45435, -0.0306004, -0.202946, -0.149569, -0.999729, 0.00549548, 0.00835247, 0.0210456, 0, 0, 0, 0, 0, 0, 
[2025-02-03 17:53:12.463106] [0x0000007f5fea89a0] [MocapTag] [0x00005f2f] [2137] , 7.45435, -0.0306004, -0.202946, -0.149569, -0.999729, 0.00549548, 0.00835247, 0.0210456, 0.0445725, 0, 0.0273553, 0.150561, -0.397101, -0.0356771, 
[2025-02-03 17:53:12.463618] [0x0000007f5fea89a0] [MocapTag] [0x00005f2f] [2138] , 7.45435, -0.0306004, -0.202946, -0.149569, -0.999729, 0.00549548, 0.00835247, 0.0210456, 0, 0, 0, 0, 0, 0, 
[2025-02-03 17:53:12.464144] [0x0000007f5fea89a0] [MocapTag] [0x00005f2f] [2139] , 7.45435, -0.0306004, -0.202946, -0.149569, -0.999729, 0.00549548, 0.00835247, 0.0210456, 0, 0, 0, 0, 0, 0, 
[2025-02-03 17:53:12.464685] [0x0000007f5fea89a0] [MocapTag] [0x00005f2f] [2140] , 7.46436, -0.0308689, -0.202945, -0.149512, -0.999713, 0.00537322, 0.0090105, 0.0215292, 0, 0, 0, 0, 0, 0, 
[2025-02-03 17:53:12.465349] [0x0000007f5fea89a0] [MocapTag] [0x00005f2f] [2141] , 7.46436, -0.0308689, -0.202945, -0.149512, -0.999713, 0.00537322, 0.0090105, 0.0215292, -0.0268479, 0, 0.00571286, 0, 0.131558, 0.0973277, 
[2025-02-03 17:53:12.465931] [0x0000007f5fea89a0] [MocapTag] [0x00005f2f] [2142] , 7.46436, -0.0308689, -0.202945, -0.149512, -0.999713, 0.00537322, 0.0090105, 0.0215292, 0, 0, 0, 0, 0, 0, 
[2025-02-03 17:53:12.466470] [0x0000007f5fea89a0] [MocapTag] [0x00005f2f] [2143] , 7.46436, -0.0307519, -0.202887, -0.149568, -0.999713, 0.00558501, 0.00915072, 0.0214072, 0, 0, 0, 0, 0, 0, 
[2025-02-03 17:53:12.466971] [0x0000007f5fea89a0] [MocapTag] [0x00005f2f] [2144] , 7.46436, -0.0307519, -0.202887, -0.149568, -0.999713, 0.00558501, 0.00915072, 0.0214072, 0.0116957, 0.00577037, -0.0055918, -0.0427485, 0, 0, 
[2025-02-03 17:53:12.467391] [0x0000007f5fea89a0] [MocapTag] [0x00005f2f] [2145] , 7.46436, -0.0307519, -0.202887, -0.149568, -0.999713, 0.00558501, 0.00915072, 0.0214072, 0, 0, 0, 0, 0, 0, 
[2025-02-03 17:53:12.467764] [0x0000007f5fea89a0] [MocapTag] [0x00005f2f] [2146] , 7.46436, -0.0306376, -0.203232, -0.149203, -0.999679, 0.00489191, 0.0105998, 0.0224973, 0, 0, 0, 0, 0, 0, 
[2025-02-03 17:53:12.468129] [0x0000007f5fea89a0] [MocapTag] [0x00005f2f] [2147] , 7.46436, -0.0306376, -0.203232, -0.149203, -0.999679, 0.00489191, 0.0105998, 0.0224973, 0.0114319, -0.034511, 0.036492, 0.130081, 0.291624, 0.218444, 
[2025-02-03 17:53:12.468577] [0x0000007f5fea89a0] [MocapTag] [0x00005f2f] [2148] , 7.46436, -0.0306376, -0.203232, -0.149203, -0.999679, 0.00489191, 0.0105998, 0.0224973, 0, 0, 0, 0, 0, 0, 
[2025-02-03 17:53:12.469057] [0x0000007f5fea89a0] [MocapTag] [0x00005f2f] [2149] , 7.46436, -0.0309105, -0.202653, -0.149668, -0.999723, 0.00530679, 0.00822869, 0.0214107, 0, 0, 0, 0, 0, 0, 
[2025-02-03 17:53:12.469514] [0x0000007f5fea89a0] [MocapTag] [0x00005f2f] [2150] , 7.46436, -0.0309105, -0.202653, -0.149668, -0.999723, 0.00530679, 0.00822869, 0.0214107, -0.0272873, 0.0578784, -0.0464342, -0.0704765, -0.474802, -0.21933, 
[2025-02-03 17:53:12.470243] [0x0000007f5fea89a0] [MocapTag] [0x00005f2f] [2151] , 7.46436, -0.0309105, -0.202653, -0.149668, -0.999723, 0.00530679, 0.00822869, 0.0214107, 0, 0, 0, 0, 0, 0, 
[2025-02-03 17:53:12.470766] [0x0000007f5fea89a0] [MocapTag] [0x00005f2f] [2152] , 7.46436, -0.0309105, -0.202653, -0.149668, -0.999723, 0.00530679, 0.00822869, 0.0214107, 0, 0, 0, 0, 0, 0, 
[2025-02-03 17:53:12.471264] [0x0000007f5fea89a0] [MocapTag] [0x00005f2f] [2153] , 7.46436, -0.0307757, -0.20311, -0.149444, -0.999712, 0.00609988, 0.00891549, 0.0214407, 0, 0, 0, 0, 0, 0, 
[2025-02-03 17:53:12.471709] [0x0000007f5fea89a0] [MocapTag] [0x00005f2f] [2154] , 7.46436, -0.0307757, -0.20311, -0.149444, -0.999712, 0.00609988, 0.00891549, 0.0214407, 0.0134811, -0.045623, 0.0223506, -0.1616, 0.13389, 0, 
[2025-02-03 17:53:12.472137] [0x0000007f5fea89a0] [MocapTag] [0x00005f2f] [2155] , 7.46436, -0.0307757, -0.20311, -0.149444, -0.999712, 0.00609988, 0.00891549, 0.0214407, 0, 0, 0, 0, 0, 0, 
[2025-02-03 17:53:12.472627] [0x0000007f5fea89a0] [MocapTag] [0x00005f2f] [2156] , 7.46436, -0.0308438, -0.203042, -0.149389, -0.999691, 0.00585626, 0.010164, 0.021911, 0, 0, 0, 0, 0, 0, 
[2025-02-03 17:53:12.473143] [0x0000007f5fea89a0] [MocapTag] [0x00005f2f] [2157] , 7.46436, -0.0308438, -0.203042, -0.149389, -0.999691, 0.00585626, 0.010164, 0.021911, -0.00681049, 0.00674035, 0.00551943, 0.042367, 0.250129, 0.0952691, 
[2025-02-03 17:53:12.473647] [0x0000007f5fea89a0] [MocapTag] [0x00005f2f] [2158] , 7.46436, -0.0308438, -0.203042, -0.149389, -0.999691, 0.00585626, 0.010164, 0.021911, 0, 0, 0, 0, 0, 0, 
[2025-02-03 17:53:12.474094] [0x0000007f5fea89a0] [MocapTag] [0x00005f2f] [2159] , 7.46436, -0.0305028, -0.202769, -0.149606, -0.999729, 0.00578438, 0.00903398, 0.020675, 0, 0, 0, 0, 0, 0, 
[2025-02-03 17:53:12.474735] [0x0000007f5fea89a0] [MocapTag] [0x00005f2f] [2160] , 7.47435, -0.0305028, -0.202769, -0.149606, -0.999729, 0.00578438, 0.00903398, 0.020675, 0.0341018, 0.0273571, -0.0217352, 0, -0.224165, -0.248869, 
[2025-02-03 17:53:12.475428] [0x0000007f5fea89a0] [MocapTag] [0x00005f2f] [2161] , 7.47435, -0.0305028, -0.202769, -0.149606, -0.999729, 0.00578438, 0.00903398, 0.020675, 0, 0, 0, 0, 0, 0, 
[2025-02-03 17:53:12.475963] [0x0000007f5fea89a0] [MocapTag] [0x00005f2f] [2162] , 7.47435, -0.0305028, -0.202769, -0.149606, -0.999729, 0.00578438, 0.00903398, 0.020675, 0, 0, 0, 0, 0, 0, 
[2025-02-03 17:53:12.476356] [0x0000007f5fea89a0] [MocapTag] [0x00005f2f] [2163] , 7.47435, -0.0308854, -0.203403, -0.149823, -0.999675, 0.00672702, 0.0115027, 0.0217206, 0, 0, 0, 0, 0, 0, 
[2025-02-03 17:53:12.476727] [0x0000007f5fea89a0] [MocapTag] [0x00005f2f] [2164] , 7.47435, -0.0308854, -0.203403, -0.149823, -0.999675, 0.00672702, 0.0115027, 0.0217206, -0.0382597, -0.0634081, -0.0216513, -0.201201, 0.488289, 0.21452, 
[2025-02-03 17:53:12.477486] [0x0000007f5fea89a0] [MocapTag] [0x00005f2f] [2165] , 7.47435, -0.0308854, -0.203403, -0.149823, -0.999675, 0.00672702, 0.0115027, 0.0217206, 0, 0, 0, 0, 0, 0, 
[2025-02-03 17:53:12.478069] [0x0000007f5fea89a0] [MocapTag] [0x00005f2f] [2166] , 7.47435, -0.031085, -0.20301, -0.149935, -0.999704, 0.00625312, 0.0102097, 0.0211833, 0, 0, 0, 0, 0, 0, 
[2025-02-03 17:53:12.478593] [0x0000007f5fea89a0] [MocapTag] [0x00005f2f] [2167] , 7.47435, -0.031085, -0.20301, -0.149935, -0.999704, 0.00625312, 0.0102097, 0.0211833, -0.0199594, 0.0392258, -0.011247, 0.101519, -0.255789, -0.110373, 
[2025-02-03 17:53:12.479004] [0x0000007f5fea89a0] [MocapTag] [0x00005f2f] [2168] , 7.47435, -0.031085, -0.20301, -0.149935, -0.999704, 0.00625312, 0.0102097, 0.0211833, 0, 0, 0, 0, 0, 0, 
[2025-02-03 17:53:12.479373] [0x0000007f5fea89a0] [MocapTag] [0x00005f2f] [2169] , 7.47435, -0.0310711, -0.203388, -0.149995, -0.999698, 0.00643826, 0.00993196, 0.0215229, 0, 0, 0, 0, 0, 0, 
[2025-02-03 17:53:12.479748] [0x0000007f5fea89a0] [MocapTag] [0x00005f2f] [2170] , 7.47435, -0.0310711, -0.203388, -0.149995, -0.999698, 0.00643826, 0.00993196, 0.0215229, 0, -0.037767, -0.00594849, -0.0365019, -0.0567781, 0.067912, 
[2025-02-03 17:53:12.480255] [0x0000007f5fea89a0] [MocapTag] [0x00005f2f] [2171] , 7.47435, -0.0310711, -0.203388, -0.149995, -0.999698, 0.00643826, 0.00993196, 0.0215229, 0, 0, 0, 0, 0, 0, 
[2025-02-03 17:53:12.480771] [0x0000007f5fea89a0] [MocapTag] [0x00005f2f] [2172] , 7.47435, -0.0308691, -0.203443, -0.149534, -0.999674, 0.00560767, 0.0117666, 0.0219748, 0, 0, 0, 0, 0, 0, 
[2025-02-03 17:53:12.481240] [0x0000007f5fea89a0] [MocapTag] [0x00005f2f] [2173] , 7.47435, -0.0308691, -0.203443, -0.149534, -0.999674, 0.00560767, 0.0117666, 0.0219748, 0.0201906, -0.00554026, 0.0460904, 0.157094, 0.369913, 0.0911061, 
[2025-02-03 17:53:12.481654] [0x0000007f5fea89a0] [MocapTag] [0x00005f2f] [2174] , 7.47435, -0.0308691, -0.203443, -0.149534, -0.999674, 0.00560767, 0.0117666, 0.0219748, 0, 0, 0, 0, 0, 0, 
[2025-02-03 17:53:12.482124] [0x0000007f5fea89a0] [MocapTag] [0x00005f2f] [2175] , 7.47435, -0.0308691, -0.203443, -0.149534, -0.999674, 0.00560767, 0.0117666, 0.0219748, 0, 0, 0, 0, 0, 0, 
[2025-02-03 17:53:12.482548] [0x0000007f5fea89a0] [MocapTag] [0x00005f2f] [2176] , 7.47435, -0.0309564, -0.202361, -0.148004, -0.999741, 0.00734317, 0.00412937, 0.0211416, 0, 0, 0, 0, 0, 0, 
[2025-02-03 17:53:12.482938] [0x0000007f5fea89a0] [MocapTag] [0x00005f2f] [2177] , 7.47435, -0.0309564, -0.202361, -0.148004, -0.999741, 0.00734317, 0.00412937, 0.0211416, -0.00872083, 0.108206, 0.152961, -0.312591, -1.5335, -0.174651, 
[2025-02-03 17:53:12.483443] [0x0000007f5fea89a0] [MocapTag] [0x00005f2f] [2178] , 7.47435, -0.0309564, -0.202361, -0.148004, -0.999741, 0.00734317, 0.00412937, 0.0211416, 0, 0, 0, 0, 0, 0, 
[2025-02-03 17:53:12.484008] [0x0000007f5fea89a0] [MocapTag] [0x00005f2f] [2179] , 7.47435, -0.0308592, -0.202945, -0.148218, -0.999717, 0.00814508, 0.00512525, 0.0217329, 0, 0, 0, 0, 0, 0, 
[2025-02-03 17:53:12.486731] [0x0000007f5fea89a0] [MocapTag] [0x00005f2f] [2180] , 7.48433, -0.0308592, -0.202945, -0.148218, -0.999717, 0.00814508, 0.00512525, 0.0217329, 0.00971044, -0.0583551, -0.0213681, -0.165176, 0.194755, 0.12061, 
[2025-02-03 17:53:12.678904] [0x0000007f5fea89a0] [MocapTag] [0x00005f2f] [2181] , 7.67431, -0.0308592, -0.202945, -0.148218, -0.999717, 0.00814508, 0.00512525, 0.0217329, 0, 0, 0, 0, 0, 0, 
[2025-02-03 17:53:12.679729] [0x0000007f5fea89a0] [MocapTag] [0x00005f2f] [2182] , 7.67431, -0.0308927, -0.202698, -0.148259, -0.999733, 0.00781391, 0.00470038, 0.0212443, 0, 0, 0, 0, 0, 0, 
[2025-02-03 17:53:12.680318] [0x0000007f5fea89a0] [MocapTag] [0x00005f2f] [2183] , 7.67431, -0.0308927, -0.202698, -0.148259, -0.999733, 0.00781391, 0.00470038, 0.0212443, -0.00334934, 0.024737, -0.00407336, 0.0685215, -0.0827366, -0.0987761, 
[2025-02-03 17:53:12.680927] [0x0000007f5fea89a0] [MocapTag] [0x00005f2f] [2184] , 7.67431, -0.0308927, -0.202698, -0.148259, -0.999733, 0.00781391, 0.00470038, 0.0212443, 0, 0, 0, 0, 0, 0, 
[2025-02-03 17:53:12.681500] [0x0000007f5fea89a0] [MocapTag] [0x00005f2f] [2185] , 7.67431, -0.0308927, -0.202698, -0.148259, -0.999733, 0.00781391, 0.00470038, 0.0212443, 0, 0, 0, 0, 0, 0, 
[2025-02-03 17:53:12.682115] [0x0000007f5fea89a0] [MocapTag] [0x00005f2f] [2186] , 7.67431, -0.0308364, -0.202684, -0.148276, -0.99973, 0.00781327, 0.00466801, 0.0213932, 0, 0, 0, 0, 0, 0, 
[2025-02-03 17:53:12.682599] [0x0000007f5fea89a0] [MocapTag] [0x00005f2f] [2187] , 7.67431, -0.0308364, -0.202684, -0.148276, -0.99973, 0.00781327, 0.00466801, 0.0213932, 0.00563786, 0, 0, 0, 0, 0, 
[2025-02-03 17:53:12.683100] [0x0000007f5fea89a0] [MocapTag] [0x00005f2f] [2188] , 7.67431, -0.0308364, -0.202684, -0.148276, -0.99973, 0.00781327, 0.00466801, 0.0213932, 0, 0, 0, 0, 0, 0, 
[2025-02-03 17:53:12.683913] [0x0000007f5fea89a0] [MocapTag] [0x00005f2f] [2189] , 7.67431, -0.0306842, -0.202591, -0.148349, -0.999733, 0.00805155, 0.00446877, 0.0212078, 0, 0, 0, 0, 0, 0, 
[2025-02-03 17:53:12.685020] [0x0000007f5fea89a0] [MocapTag] [0x00005f2f] [2190] , 7.68434, -0.0306842, -0.202591, -0.148349, -0.999733, 0.00805155, 0.00446877, 0.0212078, 0.0152138, 0.00933488, -0.00728386, -0.0466347, -0.040557, -0.0371974, 
[2025-02-03 17:53:12.685695] [0x0000007f5fea89a0] [MocapTag] [0x00005f2f] [2191] , 7.68434, -0.0306842, -0.202591, -0.148349, -0.999733, 0.00805155, 0.00446877, 0.0212078, 0, 0, 0, 0, 0, 0, 
[2025-02-03 17:53:12.686503] [0x0000007f5fea89a0] [MocapTag] [0x00005f2f] [2192] , 7.68434, -0.0309236, -0.202556, -0.149176, -0.999716, 0.00603945, 0.00829824, 0.0214981, 0, 0, 0, 0, 0, 0, 
[2025-02-03 17:53:12.687030] [0x0000007f5fea89a0] [MocapTag] [0x00005f2f] [2193] , 7.68434, -0.0309236, -0.202556, -0.149176, -0.999716, 0.00603945, 0.00829824, 0.0214981, -0.0239389, 0.00349866, -0.0826876, 0.385547, 0.773906, 0.0612814, 
[2025-02-03 17:53:12.687457] [0x0000007f5fea89a0] [MocapTag] [0x00005f2f] [2194] , 7.68434, -0.0309236, -0.202556, -0.149176, -0.999716, 0.00603945, 0.00829824, 0.0214981, 0, 0, 0, 0, 0, 0, 
[2025-02-03 17:53:12.688770] [0x0000007f5fea89a0] [MocapTag] [0x00005f2f] [2195] , 7.68434, -0.0309542, -0.203164, -0.149496, -0.999699, 0.00591738, 0.00946092, 0.0218319, 0, 0, 0, 0, 0, 0, 
[2025-02-03 17:53:12.689419] [0x0000007f5fea89a0] [MocapTag] [0x00005f2f] [2196] , 7.68434, -0.0309542, -0.203164, -0.149496, -0.999699, 0.00591738, 0.00946092, 0.0218319, -0.00306127, -0.0608385, -0.0320637, 0, 0.232604, 0.0680897, 
[2025-02-03 17:53:12.689991] [0x0000007f5fea89a0] [MocapTag] [0x00005f2f] [2197] , 7.68434, -0.0309542, -0.203164, -0.149496, -0.999699, 0.00591738, 0.00946092, 0.0218319, 0, 0, 0, 0, 0, 0, 
[2025-02-03 17:53:12.690563] [0x0000007f5fea89a0] [MocapTag] [0x00005f2f] [2198] , 7.68434, -0.0309542, -0.203164, -0.149496, -0.999699, 0.00591738, 0.00946092, 0.0218319, 0, 0, 0, 0, 0, 0, 
[2025-02-03 17:53:12.691096] [0x0000007f5fea89a0] [MocapTag] [0x00005f2f] [2199] , 7.68434, -0.0307741, -0.203116, -0.149332, -0.999698, 0.00577473, 0.0102296, 0.021569, 0, 0, 0, 0, 0, 0, 
[2025-02-03 17:53:12.691702] [0x0000007f5fea89a0] [MocapTag] [0x00005f2f] [2200] , 7.68434, -0.0307741, -0.203116, -0.149332, -0.999698, 0.00577473, 0.0102296, 0.021569, 0.0180161, 0.00482439, 0.0164718, 0, 0.154641, -0.0518847, 
[2025-02-03 17:53:12.692285] [0x0000007f5fea89a0] [MocapTag] [0x00005f2f] [2201] , 7.68434, -0.0307741, -0.203116, -0.149332, -0.999698, 0.00577473, 0.0102296, 0.021569, 0, 0, 0, 0, 0, 0, 
[2025-02-03 17:53:12.692847] [0x0000007f5fea89a0] [MocapTag] [0x00005f2f] [2202] , 7.68434, -0.0308986, -0.202861, -0.149537, -0.999711, 0.00556193, 0.00903122, 0.0215819, 0, 0, 0, 0, 0, 0, 
[2025-02-03 17:53:12.693398] [0x0000007f5fea89a0] [MocapTag] [0x00005f2f] [2203] , 7.68434, -0.0308986, -0.202861, -0.149537, -0.999711, 0.00556193, 0.00903122, 0.0215819, -0.0124553, 0.0254452, -0.0205261, 0.0477552, -0.238718, 0, 
[2025-02-03 17:53:12.693950] [0x0000007f5fea89a0] [MocapTag] [0x00005f2f] [2204] , 7.68434, -0.0308986, -0.202861, -0.149537, -0.999711, 0.00556193, 0.00903122, 0.0215819, 0, 0, 0, 0, 0, 0, 
[2025-02-03 17:53:12.694509] [0x0000007f5fea89a0] [MocapTag] [0x00005f2f] [2205] , 7.68434, -0.0306804, -0.203192, -0.149172, -0.999679, 0.00484688, 0.0105285, 0.0225203, 0, 0, 0, 0, 0, 0, 
[2025-02-03 17:53:12.695191] [0x0000007f5fea89a0] [MocapTag] [0x00005f2f] [2206] , 7.69434, -0.0306804, -0.203192, -0.149172, -0.999679, 0.00484688, 0.0105285, 0.0225203, 0.0218179, -0.0330177, 0.0365171, 0.134516, 0.301544, 0.188123, 
[2025-02-03 17:53:12.695836] [0x0000007f5fea89a0] [MocapTag] [0x00005f2f] [2207] , 7.69434, -0.0306804, -0.203192, -0.149172, -0.999679, 0.00484688, 0.0105285, 0.0225203, 0, 0, 0, 0, 0, 0, 
[2025-02-03 17:53:12.696400] [0x0000007f5fea89a0] [MocapTag] [0x00005f2f] [2208] , 7.69434, -0.030737, -0.202659, -0.149509, -0.999728, 0.00558663, 0.00826533, 0.0210824, 0, 0, 0, 0, 0, 0, 
[2025-02-03 17:53:12.697020] [0x0000007f5fea89a0] [MocapTag] [0x00005f2f] [2209] , 7.69434, -0.030737, -0.202659, -0.149509, -0.999728, 0.00558663, 0.00826533, 0.0210824, -0.00565905, 0.0532516, -0.0336858, -0.135326, -0.454221, -0.288941, 
[2025-02-03 17:53:12.697617] [0x0000007f5fea89a0] [MocapTag] [0x00005f2f] [2210] , 7.69434, -0.030737, -0.202659, -0.149509, -0.999728, 0.00558663, 0.00826533, 0.0210824, 0, 0, 0, 0, 0, 0, 
[2025-02-03 17:53:12.698172] [0x0000007f5fea89a0] [MocapTag] [0x00005f2f] [2211] , 7.69434, -0.030737, -0.202659, -0.149509, -0.999728, 0.00558663, 0.00826533, 0.0210824, 0, 0, 0, 0, 0, 0, 
[2025-02-03 17:53:12.698795] [0x0000007f5fea89a0] [MocapTag] [0x00005f2f] [2212] , 7.69434, -0.030975, -0.203109, -0.149605, -0.999706, 0.00582049, 0.00892777, 0.0217822, 0, 0, 0, 0, 0, 0, 
[2025-02-03 17:53:12.699335] [0x0000007f5fea89a0] [MocapTag] [0x00005f2f] [2213] , 7.69434, -0.030975, -0.203109, -0.149605, -0.999706, 0.00582049, 0.00892777, 0.0217822, -0.0237943, -0.0450243, -0.00963981, -0.050807, 0.130632, 0.141219, 
[2025-02-03 17:53:12.699912] [0x0000007f5fea89a0] [MocapTag] [0x00005f2f] [2214] , 7.69434, -0.030975, -0.203109, -0.149605, -0.999706, 0.00582049, 0.00892777, 0.0217822, 0, 0, 0, 0, 0, 0, 
[2025-02-03 17:53:12.700441] [0x0000007f5fea89a0] [MocapTag] [0x00005f2f] [2215] , 7.69434, -0.0305188, -0.203063, -0.149402, -0.999709, 0.00581236, 0.0103213, 0.0210349, 0, 0, 0, 0, 0, 0, 
[2025-02-03 17:53:12.701030] [0x0000007f5fea89a0] [MocapTag] [0x00005f2f] [2216] , 7.69434, -0.0305188, -0.203063, -0.149402, -0.999709, 0.00581236, 0.0103213, 0.0210349, 0.0456203, 0.00465137, 0.0202798, 0, 0.279585, -0.147731, 
[2025-02-03 17:53:12.701563] [0x0000007f5fea89a0] [MocapTag] [0x00005f2f] [2217] , 7.69434, -0.0305188, -0.203063, -0.149402, -0.999709, 0.00581236, 0.0103213, 0.0210349, 0, 0, 0, 0, 0, 0, 
[2025-02-03 17:53:12.702182] [0x0000007f5fea89a0] [MocapTag] [0x00005f2f] [2218] , 7.69434, -0.0309505, -0.202674, -0.14959, -0.999714, 0.00577009, 0.0089384, 0.0214148, 0, 0, 0, 0, 0, 0, 
[2025-02-03 17:53:12.702727] [0x0000007f5fea89a0] [MocapTag] [0x00005f2f] [2219] , 7.69434, -0.0309505, -0.202674, -0.14959, -0.999714, 0.00577009, 0.0089384, 0.0214148, -0.043176, 0.0388882, -0.0187745, 0, -0.276802, 0.074162, 
[2025-02-03 17:53:12.703298] [0x0000007f5fea89a0] [MocapTag] [0x00005f2f] [2220] , 7.69434, -0.0309505, -0.202674, -0.14959, -0.999714, 0.00577009, 0.0089384, 0.0214148, 0, 0, 0, 0, 0, 0, 
[2025-02-03 17:53:12.703853] [0x0000007f5fea89a0] [MocapTag] [0x00005f2f] [2221] , 7.69434, -0.0309505, -0.202674, -0.14959, -0.999714, 0.00577009, 0.0089384, 0.0214148, 0, 0, 0, 0, 0, 0, 
[2025-02-03 17:53:12.704433] [0x0000007f5fea89a0] [MocapTag] [0x00005f2f] [2222] , 7.69434, -0.0308363, -0.203147, -0.149424, -0.999692, 0.0059138, 0.0100022, 0.0219292, 0, 0, 0, 0, 0, 0, 
[2025-02-03 17:53:12.705039] [0x0000007f5fea89a0] [MocapTag] [0x00005f2f] [2223] , 7.70435, -0.0308363, -0.203147, -0.149424, -0.999692, 0.0059138, 0.0100022, 0.0219292, 0.0114199, -0.0472673, 0.0165854, 0, 0.21147, 0.104544, 
[2025-02-03 17:53:12.705658] [0x0000007f5fea89a0] [MocapTag] [0x00005f2f] [2224] , 7.70435, -0.0308363, -0.203147, -0.149424, -0.999692, 0.0059138, 0.0100022, 0.0219292, 0, 0, 0, 0, 0, 0, 
[2025-02-03 17:53:12.706264] [0x0000007f5fea89a0] [MocapTag] [0x00005f2f] [2225] , 7.70435, -0.0308363, -0.203147, -0.149424, -0.999692, 0.0059138, 0.0100022, 0.0219292, 0, 0, 0, 0, 0, 0, 
[2025-02-03 17:53:12.706867] [0x0000007f5fea89a0] [MocapTag] [0x00005f2f] [2226] , 7.70435, -0.0305849, -0.20298, -0.149332, -0.999715, 0.00473976, 0.00912451, 0.0215523, 0, 0, 0, 0, 0, 0, 
[2025-02-03 17:53:12.707429] [0x0000007f5fea89a0] [MocapTag] [0x00005f2f] [2227] , 7.70435, -0.0305849, -0.20298, -0.149332, -0.999715, 0.00473976, 0.00912451, 0.0215523, 0.0251395, 0.0166751, 0.0091833, 0.239348, -0.169968, -0.0786573, 
[2025-02-03 17:53:12.707985] [0x0000007f5fea89a0] [MocapTag] [0x00005f2f] [2228] , 7.70435, -0.0305849, -0.20298, -0.149332, -0.999715, 0.00473976, 0.00912451, 0.0215523, 0, 0, 0, 0, 0, 0, 
[2025-02-03 17:53:12.708585] [0x0000007f5fea89a0] [MocapTag] [0x00005f2f] [2229] , 7.70435, -0.0308262, -0.203063, -0.14988, -0.999733, 0.00517831, 0.0078629, 0.02111, 0, 0, 0, 0, 0, 0, 
[2025-02-03 17:53:12.709124] [0x0000007f5fea89a0] [MocapTag] [0x00005f2f] [2230] , 7.70435, -0.0308262, -0.203063, -0.14988, -0.999733, 0.00517831, 0.0078629, 0.02111, -0.0241245, -0.00833416, -0.0547602, -0.0815392, -0.253689, -0.0891473, 
[2025-02-03 17:53:12.709668] [0x0000007f5fea89a0] [MocapTag] [0x00005f2f] [2231] , 7.70435, -0.0308262, -0.203063, -0.14988, -0.999733, 0.00517831, 0.0078629, 0.02111, 0, 0, 0, 0, 0, 0, 
[2025-02-03 17:53:12.710133] [0x0000007f5fea89a0] [MocapTag] [0x00005f2f] [2232] , 7.70435, -0.0305164, -0.203238, -0.149258, -0.999692, 0.0044808, 0.0112977, 0.0216396, 0, 0, 0, 0, 0, 0, 
[2025-02-03 17:53:12.710793] [0x0000007f5fea89a0] [MocapTag] [0x00005f2f] [2233] , 7.70435, -0.0305164, -0.203238, -0.149258, -0.999692, 0.0044808, 0.0112977, 0.0216396, 0.0309755, -0.0175161, 0.0621949, 0.123692, 0.689271, 0.10839, 
[2025-02-03 17:53:12.711227] [0x0000007f5fea89a0] [MocapTag] [0x00005f2f] [2234] , 7.70435, -0.0305164, -0.203238, -0.149258, -0.999692, 0.0044808, 0.0112977, 0.0216396, 0, 0, 0, 0, 0, 0, 
[2025-02-03 17:53:12.711643] [0x0000007f5fea89a0] [MocapTag] [0x00005f2f] [2235] , 7.70435, -0.0305164, -0.203238, -0.149258, -0.999692, 0.0044808, 0.0112977, 0.0216396, 0, 0, 0, 0, 0, 0, 
[2025-02-03 17:53:12.712110] [0x0000007f5fea89a0] [MocapTag] [0x00005f2f] [2236] , 7.70435, -0.0309707, -0.202665, -0.149521, -0.999714, 0.00564325, 0.00912579, 0.0213725, 0, 0, 0, 0, 0, 0, 
[2025-02-03 17:53:12.712507] [0x0000007f5fea89a0] [MocapTag] [0x00005f2f] [2237] , 7.70435, -0.0309707, -0.202665, -0.149521, -0.999714, 0.00564325, 0.00912579, 0.0213725, -0.0454289, 0.0573458, -0.0263015, -0.222516, -0.439019, -0.0535961, 
[2025-02-03 17:53:12.712917] [0x0000007f5fea89a0] [MocapTag] [0x00005f2f] [2238] , 7.70435, -0.0309707, -0.202665, -0.149521, -0.999714, 0.00564325, 0.00912579, 0.0213725, 0, 0, 0, 0, 0, 0, 
[2025-02-03 17:53:12.713407] [0x0000007f5fea89a0] [MocapTag] [0x00005f2f] [2239] , 7.70435, -0.0308826, -0.203157, -0.149448, -0.999696, 0.00588093, 0.00967049, 0.0219011, 0, 0, 0, 0, 0, 0, 
[2025-02-03 17:53:12.713934] [0x0000007f5fea89a0] [MocapTag] [0x00005f2f] [2240] , 7.70435, -0.0308826, -0.203157, -0.149448, -0.999696, 0.00588093, 0.00967049, 0.0219011, 0.00880803, -0.0492058, 0.00725579, -0.0508785, 0.107254, 0.106904, 
[2025-02-03 17:53:12.714364] [0x0000007f5fea89a0] [MocapTag] [0x00005f2f] [2241] , 7.70435, -0.0308826, -0.203157, -0.149448, -0.999696, 0.00588093, 0.00967049, 0.0219011, 0, 0, 0, 0, 0, 0, 
[2025-02-03 17:53:12.714794] [0x0000007f5fea89a0] [MocapTag] [0x00005f2f] [2242] , 7.71434, -0.0309201, -0.203105, -0.149405, -0.999689, 0.00606953, 0.010724, 0.0216755, 0, 0, 0, 0, 0, 0, 
[2025-02-03 17:53:12.715360] [0x0000007f5fea89a0] [MocapTag] [0x00005f2f] [2243] , 7.71434, -0.0309201, -0.203105, -0.149405, -0.999689, 0.00606953, 0.010724, 0.0216755, -0.00374999, 0.00522922, 0.00435741, -0.041914, 0.210116, -0.0433642, 
[2025-02-03 17:53:12.715769] [0x0000007f5fea89a0] [MocapTag] [0x00005f2f] [2244] , 7.71434, -0.0309201, -0.203105, -0.149405, -0.999689, 0.00606953, 0.010724, 0.0216755, 0, 0, 0, 0, 0, 0, 
[2025-02-03 17:53:12.716140] [0x0000007f5fea89a0] [MocapTag] [0x00005f2f] [2245] , 7.71434, -0.0308812, -0.202859, -0.149523, -0.999711, 0.00552148, 0.0090218, 0.0215938, 0, 0, 0, 0, 0, 0, 
[2025-02-03 17:53:12.716510] [0x0000007f5fea89a0] [MocapTag] [0x00005f2f] [2246] , 7.71434, -0.0308812, -0.202859, -0.149523, -0.999711, 0.00552148, 0.0090218, 0.0215938, 0.00389236, 0.0245511, -0.011806, 0.117207, -0.337896, 0, 
[2025-02-03 17:53:12.716869] [0x0000007f5fea89a0] [MocapTag] [0x00005f2f] [2247] , 7.71434, -0.0308812, -0.202859, -0.149523, -0.999711, 0.00552148, 0.0090218, 0.0215938, 0, 0, 0, 0, 0, 0, 
[2025-02-03 17:53:18.826643] [0x0000007f5fea89a0] [MocapTag] [0x00005f2f] [2629] , 13.8243, 2.3206, 0.272928, -0.465357, -0.998523, 0.0342591, 0.0358873, 0.0221427, 34.8697, -1.78609, 12.9661, -3.57563, 5.33031, 30.1985, 
[2025-02-03 17:53:18.835879] [0x0000007f5fea89a0] [MocapTag] [0x00005f2f] [2631] , 13.8343, 2.3311, 0.271508, -0.461586, -0.998377, 0.0342031, 0.0356761, 0.0282902, 0, 0, 0, 0, 0, 0, 
[2025-02-03 17:53:18.839270] [0x0000007f5fea89a0] [MocapTag] [0x00005f2f] [2633] , 13.8343, 2.3311, 0.271508, -0.461586, -0.998377, 0.0342031, 0.0356761, 0.0282902, 1.05054, -0.141982, 0.377096, 0, -0.0852369, 1.2294, 
[2025-02-03 17:53:18.842322] [0x0000007f5fea89a0] [MocapTag] [0x00005f2f] [2634] , 13.8343, 2.34137, 0.270141, -0.458035, -0.998153, 0.0344431, 0.0366708, 0.0340623, 0, 0, 0, 0, 0, 0, 
[2025-02-03 17:53:18.845216] [0x0000007f5fea89a0] [MocapTag] [0x00005f2f] [2635] , 13.8443, 2.34137, 0.270141, -0.458035, -0.998153, 0.0344431, 0.0366708, 0.0340623, 1.02678, -0.136689, 0.355125, -0.0956059, 0.156236, 1.16562, 
[2025-02-03 17:53:18.847238] [0x0000007f5fea89a0] [MocapTag] [0x00005f2f] [2636] , 13.8443, 2.34137, 0.270141, -0.458035, -0.998153, 0.0344431, 0.0366708, 0.0340623, 0, 0, 0, 0, 0, 0, 
[2025-02-03 17:53:18.859772] [0x0000007f5fea89a0] [MocapTag] [0x00005f2f] [2639] , 13.8543, 2.34137, 0.270141, -0.458035, -0.998153, 0.0344431, 0.0366708, 0.0340623, 0, 0, 0, 0, 0, 0, 
[2025-02-03 17:53:18.861717] [0x0000007f5fea89a0] [MocapTag] [0x00005f2f] [2640] , 13.8543, 2.35183, 0.268605, -0.454388, -0.997928, 0.0341437, 0.036417, 0.0405873, 0, 0, 0, 0, 0, 0, 
[2025-02-03 17:53:18.863278] [0x0000007f5fea89a0] [MocapTag] [0x00005f2f] [2641] , 13.8543, 2.35183, 0.268605, -0.454388, -0.997928, 0.0341437, 0.036417, 0.0405873, 1.04629, -0.153625, 0.364681, 0, -0.0950456, 1.30343, 
[2025-02-03 17:53:18.870406] [0x0000007f5fea89a0] [MocapTag] [0x00005f2f] [2643] , 13.8643, 2.36227, 0.267005, -0.450774, -0.997668, 0.033841, 0.0361359, 0.0469892, 0, 0, 0, 0, 0, 0, 
[2025-02-03 17:53:18.871645] [0x0000007f5fea89a0] [MocapTag] [0x00005f2f] [2644] , 13.8643, 2.36227, 0.267005, -0.450774, -0.997668, 0.033841, 0.0361359, 0.0469892, 1.04417, -0.160001, 0.361328, 0, -0.0991024, 1.27885, 
[2025-02-03 17:53:18.872571] [0x0000007f5fea89a0] [MocapTag] [0x00005f2f] [2645] , 13.8643, 2.36227, 0.267005, -0.450774, -0.997668, 0.033841, 0.0361359, 0.0469892, 0, 0, 0, 0, 0, 0, 
[2025-02-03 17:53:18.873729] [0x0000007f5fea89a0] [MocapTag] [0x00005f2f] [2646] , 13.8643, 2.37266, 0.26534, -0.447223, -0.997349, 0.0335847, 0.0360403, 0.0535638, 0, 0, 0, 0, 0, 0, 
[2025-02-03 17:53:18.874346] [0x0000007f5fea89a0] [MocapTag] [0x00005f2f] [2647] , 13.8643, 2.37266, 0.26534, -0.447223, -0.997349, 0.0335847, 0.0360403, 0.0535638, 1.03856, -0.166431, 0.35519, 0, -0.063283, 1.31558, 
[2025-02-03 17:53:18.875005] [0x0000007f5fea89a0] [MocapTag] [0x00005f2f] [2648] , 13.8744, 2.37266, 0.26534, -0.447223, -0.997349, 0.0335847, 0.0360403, 0.0535638, 0, 0, 0, 0, 0, 0, 
[2025-02-03 17:53:18.875673] [0x0000007f5fea89a0] [MocapTag] [0x00005f2f] [2649] , 13.8744, 2.38303, 0.263623, -0.443639, -0.996968, 0.0333627, 0.0363498, 0.0601704, 0, 0, 0, 0, 0, 0, 
[2025-02-03 17:53:18.877901] [0x0000007f5fea89a0] [MocapTag] [0x00005f2f] [2651] , 13.8744, 2.38303, 0.263623, -0.443639, -0.996968, 0.0333627, 0.0363498, 0.0601704, 1.03679, -0.171681, 0.358379, 0, 0, 1.32589, 
[2025-02-03 17:53:18.881024] [0x0000007f5fea89a0] [MocapTag] [0x00005f2f] [2652] , 13.8744, 2.38303, 0.263623, -0.443639, -0.996968, 0.0333627, 0.0363498, 0.0601704, 0, 0, 0, 0, 0, 0, 
[2025-02-03 17:53:18.884930] [0x0000007f5fea89a0] [MocapTag] [0x00005f2f] [2653] , 13.8843, 2.39326, 0.261934, -0.440068, -0.996563, 0.0331274, 0.0360861, 0.0668084, 0, 0, 0, 0, 0, 0, 
[2025-02-03 17:53:18.886565] [0x0000007f5fea89a0] [MocapTag] [0x00005f2f] [2654] , 13.8843, 2.39326, 0.261934, -0.440068, -0.996563, 0.0331274, 0.0360861, 0.0668084, 1.0233, -0.168984, 0.357041, 0, -0.096865, 1.32806, 
[2025-02-03 17:53:18.888366] [0x0000007f5fea89a0] [MocapTag] [0x00005f2f] [2656] , 13.8843, 2.39326, 0.261934, -0.440068, -0.996563, 0.0331274, 0.0360861, 0.0668084, 0, 0, 0, 0, 0, 0, 
[2025-02-03 17:53:18.891082] [0x0000007f5fea89a0] [MocapTag] [0x00005f2f] [2657] , 13.8843, 2.39326, 0.261934, -0.440068, -0.996563, 0.0331274, 0.0360861, 0.0668084, 0, 0, 0, 0, 0, 0, 
[2025-02-03 17:53:18.896091] [0x0000007f5fea89a0] [MocapTag] [0x00005f2f] [2658] , 13.8943, 2.40361, 0.260338, -0.436267, -0.996086, 0.0332438, 0.0361294, 0.0735008, 0, 0, 0, 0, 0, 0, 
[2025-02-03 17:53:18.899331] [0x0000007f5fea89a0] [MocapTag] [0x00005f2f] [2660] , 13.8943, 2.40361, 0.260338, -0.436267, -0.996086, 0.0332438, 0.0361294, 0.0735008, 1.03547, -0.159519, 0.38011, -0.0690937, -0.0409566, 1.34436, 
[2025-02-03 17:53:18.901882] [0x0000007f5fea89a0] [MocapTag] [0x00005f2f] [2661] , 13.8943, 2.40361, 0.260338, -0.436267, -0.996086, 0.0332438, 0.0361294, 0.0735008, 0, 0, 0, 0, 0, 0, 
[2025-02-03 17:53:18.904580] [0x0000007f5fea89a0] [MocapTag] [0x00005f2f] [2662] , 13.8943, 2.41386, 0.258348, -0.432921, -0.995493, 0.0325889, 0.0377146, 0.0806786, 0, 0, 0, 0, 0, 0, 
[2025-02-03 17:53:18.906337] [0x0000007f5fea89a0] [MocapTag] [0x00005f2f] [2663] , 13.9043, 2.41386, 0.258348, -0.432921, -0.995493, 0.0325889, 0.0377146, 0.0806786, 1.02496, -0.199, 0.334583, 0.0558138, 0.274806, 1.45012, 
[2025-02-03 17:53:18.910741] [0x0000007f5fea89a0] [MocapTag] [0x00005f2f] [2665] , 13.9043, 2.41386, 0.258348, -0.432921, -0.995493, 0.0325889, 0.0377146, 0.0806786, 0, 0, 0, 0, 0, 0, 
[2025-02-03 17:53:18.913495] [0x0000007f5fea89a0] [MocapTag] [0x00005f2f] [2666] , 13.9043, 2.42406, 0.256474, -0.429481, -0.994896, 0.0327387, 0.0377908, 0.0876479, 0, 0, 0, 0, 0, 0, 
[2025-02-03 17:53:18.915806] [0x0000007f5fea89a0] [MocapTag] [0x00005f2f] [2667] , 13.9143, 2.42406, 0.256474, -0.429481, -0.994896, 0.0327387, 0.0377908, 0.0876479, 1.01919, -0.187422, 0.344014, -0.0800371, -0.0374824, 1.40215, 
[2025-02-03 17:53:18.918397] [0x0000007f5fea89a0] [MocapTag] [0x00005f2f] [2669] , 13.9143, 2.42406, 0.256474, -0.429481, -0.994896, 0.0327387, 0.0377908, 0.0876479, 0, 0, 0, 0, 0, 0, 
[2025-02-03 17:53:18.921790] [0x0000007f5fea89a0] [MocapTag] [0x00005f2f] [2670] , 13.9143, 2.42406, 0.256474, -0.429481, -0.994896, 0.0327387, 0.0377908, 0.0876479, 0, 0, 0, 0, 0, 0, 
[2025-02-03 17:53:18.926052] [0x0000007f5fea89a0] [MocapTag] [0x00005f2f] [2671] , 13.9243, 2.43427, 0.254486, -0.426178, -0.994235, 0.0329099, 0.0380553, 0.0946899, 0, 0, 0, 0, 0, 0, 
[2025-02-03 17:53:18.928148] [0x0000007f5fea89a0] [MocapTag] [0x00005f2f] [2673] , 13.9243, 2.43427, 0.254486, -0.426178, -0.994235, 0.0329099, 0.0380553, 0.0946899, 1.02173, -0.198815, 0.330314, -0.0883818, 0, 1.41939, 
[2025-02-03 17:53:18.930973] [0x0000007f5fea89a0] [MocapTag] [0x00005f2f] [2674] , 13.9243, 2.43427, 0.254486, -0.426178, -0.994235, 0.0329099, 0.0380553, 0.0946899, 0, 0, 0, 0, 0, 0, 
[2025-02-03 17:53:18.933455] [0x0000007f5fea89a0] [MocapTag] [0x00005f2f] [2675] , 13.9243, 2.44448, 0.252407, -0.422732, -0.993487, 0.0336714, 0.0383719, 0.101866, 0, 0, 0, 0, 0, 0, 
[2025-02-03 17:53:18.936227] [0x0000007f5fea89a0] [MocapTag] [0x00005f2f] [2676] , 13.9343, 2.44448, 0.252407, -0.422732, -0.993487, 0.0336714, 0.0383719, 0.101866, 1.0202, -0.207912, 0.344582, -0.208497, 0, 1.4518, 
[2025-02-03 17:53:18.939235] [0x0000007f5fea89a0] [MocapTag] [0x00005f2f] [2678] , 13.9343, 2.44448, 0.252407, -0.422732, -0.993487, 0.0336714, 0.0383719, 0.101866, 0, 0, 0, 0, 0, 0, 
[2025-02-03 17:53:18.943499] [0x0000007f5fea89a0] [MocapTag] [0x00005f2f] [2679] , 13.9343, 2.44448, 0.252407, -0.422732, -0.993487, 0.0336714, 0.0383719, 0.101866, 0, 0, 0, 0, 0, 0, 
[2025-02-03 17:53:18.946075] [0x0000007f5fea89a0] [MocapTag] [0x00005f2f] [2680] , 13.9443, 2.4546, 0.250214, -0.419181, -0.992652, 0.0351305, 0.0390788, 0.109001, 0, 0, 0, 0, 0, 0, 
[2025-02-03 17:53:18.949105] [0x0000007f5fea89a0] [MocapTag] [0x00005f2f] [2682] , 13.9443, 2.4546, 0.250214, -0.419181, -0.992652, 0.0351305, 0.0390788, 0.109001, 1.012, -0.219298, 0.355151, -0.356412, 0.0541963, 1.4532, 
[2025-02-03 17:53:18.954456] [0x0000007f5fea89a0] [MocapTag] [0x00005f2f] [2683] , 13.9443, 2.4546, 0.250214, -0.419181, -0.992652, 0.0351305, 0.0390788, 0.109001, 0, 0, 0, 0, 0, 0, 
[2025-02-03 17:53:18.955834] [0x0000007f5fea89a0] [MocapTag] [0x00005f2f] [2684] , 13.9543, 2.4644, 0.246524, -0.420678, -0.992764, 0.0369755, 0.00762204, 0.113995, 0, 0, 0, 0, 0, 0, 
[2025-02-03 17:53:18.958373] [0x0000007f5fea89a0] [MocapTag] [0x00005f2f] [2686] , 13.9543, 2.4644, 0.246524, -0.420678, -0.992764, 0.0369755, 0.00762204, 0.113995, 0.980812, -0.368952, -0.149676, 0.331044, -6.32781, 0.741176, 
[2025-02-03 17:53:18.961077] [0x0000007f5fea89a0] [MocapTag] [0x00005f2f] [2687] , 13.9543, 2.4644, 0.246524, -0.420678, -0.992764, 0.0369755, 0.00762204, 0.113995, 0, 0, 0, 0, 0, 0, 
[2025-02-03 17:53:18.963700] [0x0000007f5fea89a0] [MocapTag] [0x00005f2f] [2688] , 13.9543, 2.4749, 0.244358, -0.416424, -0.991686, 0.0387025, 0.0136433, 0.121966, 0, 0, 0, 0, 0, 0, 
[2025-02-03 17:53:18.966114] [0x0000007f5fea89a0] [MocapTag] [0x00005f2f] [2689] , 13.9643, 2.4749, 0.244358, -0.416424, -0.991686, 0.0387025, 0.0136433, 0.121966, 1.05014, -0.216666, 0.425375, -0.496149, 1.09161, 1.65526, 
[2025-02-03 17:53:18.968862] [0x0000007f5fea89a0] [MocapTag] [0x00005f2f] [2691] , 13.9643, 2.4749, 0.244358, -0.416424, -0.991686, 0.0387025, 0.0136433, 0.121966, 0, 0, 0, 0, 0, 0, 
[2025-02-03 17:53:18.973285] [0x0000007f5fea89a0] [MocapTag] [0x00005f2f] [2692] , 13.9643, 2.4749, 0.244358, -0.416424, -0.991686, 0.0387025, 0.0136433, 0.121966, 0, 0, 0, 0, 0, 0, 
[2025-02-03 17:53:18.975619] [0x0000007f5fea89a0] [MocapTag] [0x00005f2f] [2693] , 13.9743, 2.48404, 0.242749, -0.41488, -0.990766, 0.038102, 0.00927656, 0.129785, 0, 0, 0, 0, 0, 0, 
[2025-02-03 17:53:18.978377] [0x0000007f5fea89a0] [MocapTag] [0x00005f2f] [2695] , 13.9743, 2.48404, 0.242749, -0.41488, -0.990766, 0.038102, 0.00927656, 0.129785, 0.913658, -0.160875, 0.154395, 0.21975, -0.912809, 1.53823, 
[2025-02-03 17:53:18.982489] [0x0000007f5fea89a0] [MocapTag] [0x00005f2f] [2696] , 13.9743, 2.48404, 0.242749, -0.41488, -0.990766, 0.038102, 0.00927656, 0.129785, 0, 0, 0, 0, 0, 0, 
[2025-02-03 17:53:18.983880] [0x0000007f5fea89a0] [MocapTag] [0x00005f2f] [2697] , 13.9743, 2.49426, 0.240316, -0.411567, -0.989664, 0.0393739, 0.0105164, 0.137496, 0, 0, 0, 0, 0, 0, 
[2025-02-03 17:53:18.986264] [0x0000007f5fea89a0] [MocapTag] [0x00005f2f] [2698] , 13.9843, 2.49426, 0.240316, -0.411567, -0.989664, 0.0393739, 0.0105164, 0.137496, 1.02213, -0.243274, 0.331287, -0.292778, 0.149629, 1.56638, 
[2025-02-03 17:53:18.989988] [0x0000007f5fea89a0] [MocapTag] [0x00005f2f] [2700] , 13.9843, 2.49426, 0.240316, -0.411567, -0.989664, 0.0393739, 0.0105164, 0.137496, 0, 0, 0, 0, 0, 0, 
[2025-02-03 17:53:18.992231] [0x0000007f5fea89a0] [MocapTag] [0x00005f2f] [2701] , 13.9843, 2.49426, 0.240316, -0.411567, -0.989664, 0.0393739, 0.0105164, 0.137496, 0, 0, 0, 0, 0, 0, 
[2025-02-03 17:53:18.995169] [0x0000007f5fea89a0] [MocapTag] [0x00005f2f] [2702] , 13.9943, 2.50496, 0.237908, -0.407535, -0.988327, 0.0406645, 0.0162552, 0.145917, 0, 0, 0, 0, 0, 0, 
[2025-02-03 17:53:18.997121] [0x0000007f5fea89a0] [MocapTag] [0x00005f2f] [2703] , 13.9943, 2.50496, 0.237908, -0.407535, -0.988327, 0.0406645, 0.0162552, 0.145917, 1.07012, -0.240872, 0.403197, -0.432611, 1.02769, 1.75267, 
[2025-02-03 17:53:18.999879] [0x0000007f5fea89a0] [MocapTag] [0x00005f2f] [2705] , 13.9943, 2.50496, 0.237908, -0.407535, -0.988327, 0.0406645, 0.0162552, 0.145917, 0, 0, 0, 0, 0, 0, 
[2025-02-03 17:53:19.002190] [0x0000007f5fea89a0] [MocapTag] [0x00005f2f] [2706] , 13.9943, 2.50496, 0.237908, -0.407535, -0.988327, 0.0406645, 0.0162552, 0.145917, 0, 0, 0, 0, 0, 0, 
[2025-02-03 17:53:19.008869] [0x0000007f5fea89a0] [MocapTag] [0x00005f2f] [2708] , 14.0043, 2.51471, 0.235349, -0.405125, -0.987234, 0.0418169, 0.0126048, 0.153171, 0, 0, 0, 0, 0, 0, 
[2025-02-03 17:53:19.009439] [0x0000007f5fea89a0] [MocapTag] [0x00005f2f] [2709] , 14.0043, 2.51471, 0.235349, -0.405125, -0.987234, 0.0418169, 0.0126048, 0.153171, 0.974728, -0.255809, 0.241004, -0.129771, -0.818721, 1.43436, 
[2025-02-03 17:53:19.011202] [0x0000007f5fea89a0] [MocapTag] [0x00005f2f] [2710] , 14.0043, 2.51471, 0.235349, -0.405125, -0.987234, 0.0418169, 0.0126048, 0.153171, 0, 0, 0, 0, 0, 0, 
[2025-02-03 17:53:19.013183] [0x0000007f5fea89a0] [MocapTag] [0x00005f2f] [2711] , 14.0043, 2.52488, 0.232722, -0.401588, -0.985906, 0.042678, 0.0148893, 0.16108, 0, 0, 0, 0, 0, 0, 
[2025-02-03 17:53:19.015949] [0x0000007f5fea89a0] [MocapTag] [0x00005f2f] [2712] , 14.0143, 2.52488, 0.232722, -0.401588, -0.985906, 0.042678, 0.0148893, 0.16108, 1.01667, -0.262773, 0.353683, -0.253654, 0.353265, 1.6228, 
[2025-02-03 17:53:19.020134] [0x0000007f5fea89a0] [MocapTag] [0x00005f2f] [2714] , 14.0143, 2.52488, 0.232722, -0.401588, -0.985906, 0.042678, 0.0148893, 0.16108, 0, 0, 0, 0, 0, 0, 
[2025-02-03 17:53:19.022557] [0x0000007f5fea89a0] [MocapTag] [0x00005f2f] [2715] , 14.0143, 2.53504, 0.229978, -0.398195, -0.984505, 0.0434216, 0.0163751, 0.169105, 0, 0, 0, 0, 0, 0, 
[2025-02-03 17:53:19.025346] [0x0000007f5fea89a0] [MocapTag] [0x00005f2f] [2716] , 14.0243, 2.53504, 0.229978, -0.398195, -0.984505, 0.0434216, 0.0163751, 0.169105, 1.01612, -0.274339, 0.33935, -0.209785, 0.194766, 1.64146, 
[2025-02-03 17:53:19.027659] [0x0000007f5fea89a0] [MocapTag] [0x00005f2f] [2718] , 14.0243, 2.53504, 0.229978, -0.398195, -0.984505, 0.0434216, 0.0163751, 0.169105, 0, 0, 0, 0, 0, 0, 
[2025-02-03 17:53:19.031283] [0x0000007f5fea89a0] [MocapTag] [0x00005f2f] [2719] , 14.0243, 2.53504, 0.229978, -0.398195, -0.984505, 0.0434216, 0.0163751, 0.169105, 0, 0, 0, 0, 0, 0, 
[2025-02-03 17:53:19.035013] [0x0000007f5fea89a0] [MocapTag] [0x00005f2f] [2720] , 14.0343, 2.54521, 0.227164, -0.394892, -0.983068, 0.043852, 0.0176906, 0.177032, 0, 0, 0, 0, 0, 0, 
[2025-02-03 17:53:19.037664] [0x0000007f5fea89a0] [MocapTag] [0x00005f2f] [2722] , 14.0343, 2.54521, 0.227164, -0.394892, -0.983068, 0.043852, 0.0176906, 0.177032, 1.01742, -0.281423, 0.330241, -0.145602, 0.169886, 1.62227, 
[2025-02-03 17:53:19.039894] [0x0000007f5fea89a0] [MocapTag] [0x00005f2f] [2723] , 14.0343, 2.54521, 0.227164, -0.394892, -0.983068, 0.043852, 0.0176906, 0.177032, 0, 0, 0, 0, 0, 0, 
[2025-02-03 17:53:19.041852] [0x0000007f5fea89a0] [MocapTag] [0x00005f2f] [2724] , 14.0343, 2.54521, 0.227164, -0.394892, -0.983068, 0.043852, 0.0176906, 0.177032, 0, 0, 0, 0, 0, 0, 
[2025-02-03 17:53:19.044366] [0x0000007f5fea89a0] [MocapTag] [0x00005f2f] [2725] , 14.0343, 2.55539, 0.224236, -0.391618, -0.98155, 0.0438196, 0.0188917, 0.185156, 0, 0, 0, 0, 0, 0, 
[2025-02-03 17:53:19.046884] [0x0000007f5fea89a0] [MocapTag] [0x00005f2f] [2726] , 14.0444, 2.55539, 0.224236, -0.391618, -0.98155, 0.0438196, 0.0188917, 0.185156, 1.01734, -0.292783, 0.327449, -0.0540733, 0.160407, 1.66265, 
[2025-02-03 17:53:19.049796] [0x0000007f5fea89a0] [MocapTag] [0x00005f2f] [2728] , 14.0444, 2.55539, 0.224236, -0.391618, -0.98155, 0.0438196, 0.0188917, 0.185156, 0, 0, 0, 0, 0, 0, 
[2025-02-03 17:53:19.055931] [0x0000007f5fea89a0] [MocapTag] [0x00005f2f] [2729] , 14.0543, 2.55539, 0.224236, -0.391618, -0.98155, 0.0438196, 0.0188917, 0.185156, 0, 0, 0, 0, 0, 0, 
[2025-02-03 17:53:19.057388] [0x0000007f5fea89a0] [MocapTag] [0x00005f2f] [2731] , 14.0543, 2.56559, 0.221229, -0.388265, -0.979996, 0.0433458, 0.0202625, 0.193179, 0, 0, 0, 0, 0, 0, 
[2025-02-03 17:53:19.059865] [0x0000007f5fea89a0] [MocapTag] [0x00005f2f] [2732] , 14.0543, 2.56559, 0.221229, -0.388265, -0.979996, 0.0433458, 0.0202625, 0.193179, 1.01998, -0.300751, 0.335255, 0, 0.210844, 1.64594, 
[2025-02-03 17:53:19.063480] [0x0000007f5fea89a0] [MocapTag] [0x00005f2f] [2733] , 14.0543, 2.56559, 0.221229, -0.388265, -0.979996, 0.0433458, 0.0202625, 0.193179, 0, 0, 0, 0, 0, 0, 
[2025-02-03 17:53:19.064740] [0x0000007f5fea89a0] [MocapTag] [0x00005f2f] [2734] , 14.0644, 2.5757, 0.218314, -0.384542, -0.978373, 0.0422482, 0.0232791, 0.201148, 0, 0, 0, 0, 0, 0, 
[2025-02-03 17:53:19.069509] [0x0000007f5fea89a0] [MocapTag] [0x00005f2f] [2736] , 14.0644, 2.5757, 0.218314, -0.384542, -0.978373, 0.0422482, 0.0232791, 0.201148, 1.01128, -0.291522, 0.372362, 0.0742197, 0.558941, 1.65329, 
[2025-02-03 17:53:19.071644] [0x0000007f5fea89a0] [MocapTag] [0x00005f2f] [2737] , 14.0644, 2.5757, 0.218314, -0.384542, -0.978373, 0.0422482, 0.0232791, 0.201148, 0, 0, 0, 0, 0, 0, 
[2025-02-03 17:53:19.074433] [0x0000007f5fea89a0] [MocapTag] [0x00005f2f] [2738] , 14.0644, 2.58587, 0.215126, -0.381412, -0.976768, 0.0407031, 0.0235838, 0.20907, 0, 0, 0, 0, 0, 0, 
[2025-02-03 17:53:19.076783] [0x0000007f5fea89a0] [MocapTag] [0x00005f2f] [2739] , 14.0743, 2.58587, 0.215126, -0.381412, -0.976768, 0.0407031, 0.0235838, 0.20907, 1.01749, -0.318723, 0.312936, 0.266838, 0.0497503, 1.61692, 
[2025-02-03 17:53:19.079093] [0x0000007f5fea89a0] [MocapTag] [0x00005f2f] [2741] , 14.0743, 2.58587, 0.215126, -0.381412, -0.976768, 0.0407031, 0.0235838, 0.20907, 0, 0, 0, 0, 0, 0, 
[2025-02-03 17:53:19.082261] [0x0000007f5fea89a0] [MocapTag] [0x00005f2f] [2742] , 14.0743, 2.58587, 0.215126, -0.381412, -0.976768, 0.0407031, 0.0235838, 0.20907, 0, 0, 0, 0, 0, 0, 
[2025-02-03 17:53:19.086116] [0x0000007f5fea89a0] [MocapTag] [0x00005f2f] [2743] , 14.0843, 2.59615, 0.211776, -0.378162, -0.975298, 0.0389135, 0.0221378, 0.216309, 0, 0, 0, 0, 0, 0, 
[2025-02-03 17:53:19.087786] [0x0000007f5fea89a0] [MocapTag] [0x00005f2f] [2745] , 14.0843, 2.59615, 0.211776, -0.378162, -0.975298, 0.0389135, 0.0221378, 0.216309, 1.02786, -0.335059, 0.325018, 0.391769, -0.2706, 1.46134, 
[2025-02-03 17:53:19.090618] [0x0000007f5fea89a0] [MocapTag] [0x00005f2f] [2746] , 14.0843, 2.59615, 0.211776, -0.378162, -0.975298, 0.0389135, 0.0221378, 0.216309, 0, 0, 0, 0, 0, 0, 
[2025-02-03 17:53:19.093193] [0x0000007f5fea89a0] [MocapTag] [0x00005f2f] [2747] , 14.0843, 2.60634, 0.208522, -0.374811, -0.973545, 0.0365983, 0.0234222, 0.224326, 0, 0, 0, 0, 0, 0, 
[2025-02-03 17:53:19.095649] [0x0000007f5fea89a0] [MocapTag] [0x00005f2f] [2748] , 14.0943, 2.60634, 0.208522, -0.374811, -0.973545, 0.0365983, 0.0234222, 0.224326, 1.01862, -0.325378, 0.335139, 0.3721, 0.2839, 1.6497, 
[2025-02-03 17:53:19.098067] [0x0000007f5fea89a0] [MocapTag] [0x00005f2f] [2750] , 14.0943, 2.60634, 0.208522, -0.374811, -0.973545, 0.0365983, 0.0234222, 0.224326, 0, 0, 0, 0, 0, 0, 
[2025-02-03 17:53:19.101100] [0x0000007f5fea89a0] [MocapTag] [0x00005f2f] [2751] , 14.0943, 2.60634, 0.208522, -0.374811, -0.973545, 0.0365983, 0.0234222, 0.224326, 0, 0, 0, 0, 0, 0, 
[2025-02-03 17:53:19.103792] [0x0000007f5fea89a0] [MocapTag] [0x00005f2f] [2752] , 14.0943, 2.61656, 0.20523, -0.37141, -0.971717, 0.0340671, 0.0250565, 0.23233, 0, 0, 0, 0, 0, 0, 
[2025-02-03 17:53:19.107776] [0x0000007f5fea89a0] [MocapTag] [0x00005f2f] [2754] , 14.1043, 2.61656, 0.20523, -0.37141, -0.971717, 0.0340671, 0.0250565, 0.23233, 1.02185, -0.329199, 0.340071, 0.392413, 0.368257, 1.652, 
[2025-02-03 17:53:19.109585] [0x0000007f5fea89a0] [MocapTag] [0x00005f2f] [2755] , 14.1043, 2.61656, 0.20523, -0.37141, -0.971717, 0.0340671, 0.0250565, 0.23233, 0, 0, 0, 0, 0, 0, 
[2025-02-03 17:53:19.113353] [0x0000007f5fea89a0] [MocapTag] [0x00005f2f] [2756] , 14.1043, 2.61656, 0.20523, -0.37141, -0.971717, 0.0340671, 0.0250565, 0.23233, 0, 0, 0, 0, 0, 0, 
[2025-02-03 17:53:19.113949] [0x0000007f5fea89a0] [MocapTag] [0x00005f2f] [2757] , 14.1043, 2.62668, 0.201956, -0.368188, -0.969866, 0.0313459, 0.0264108, 0.240165, 0, 0, 0, 0, 0, 0, 
[2025-02-03 17:53:19.116942] [0x0000007f5fea89a0] [MocapTag] [0x00005f2f] [2758] , 14.1143, 2.62668, 0.201956, -0.368188, -0.969866, 0.0313459, 0.0264108, 0.240165, 1.01263, -0.327448, 0.32218, 0.436759, 0.33094, 1.61664, 
[2025-02-03 17:53:19.119376] [0x0000007f5fea89a0] [MocapTag] [0x00005f2f] [2760] , 14.1143, 2.62668, 0.201956, -0.368188, -0.969866, 0.0313459, 0.0264108, 0.240165, 0, 0, 0, 0, 0, 0, 
[2025-02-03 17:53:19.122141] [0x0000007f5fea89a0] [MocapTag] [0x00005f2f] [2761] , 14.1143, 2.62668, 0.201956, -0.368188, -0.969866, 0.0313459, 0.0264108, 0.240165, 0, 0, 0, 0, 0, 0, 
[2025-02-03 17:53:19.124279] [0x0000007f5fea89a0] [MocapTag] [0x00005f2f] [2762] , 14.1143, 2.63714, 0.198368, -0.364972, -0.967734, 0.0282567, 0.0292646, 0.248669, 0, 0, 0, 0, 0, 0, 
[2025-02-03 17:53:19.127020] [0x0000007f5fea89a0] [MocapTag] [0x00005f2f] [2763] , 14.1243, 2.63714, 0.198368, -0.364972, -0.967734, 0.0282567, 0.0292646, 0.248669, 1.04592, -0.358785, 0.321582, 0.424051, 0.641907, 1.76949, 
[2025-02-03 17:53:19.129429] [0x0000007f5fea89a0] [MocapTag] [0x00005f2f] [2765] , 14.1243, 2.63714, 0.198368, -0.364972, -0.967734, 0.0282567, 0.0292646, 0.248669, 0, 0, 0, 0, 0, 0, 
[2025-02-03 17:53:19.133949] [0x0000007f5fea89a0] [MocapTag] [0x00005f2f] [2766] , 14.1243, 2.63714, 0.198368, -0.364972, -0.967734, 0.0282567, 0.0292646, 0.248669, 0, 0, 0, 0, 0, 0, 
[2025-02-03 17:53:19.136811] [0x0000007f5fea89a0] [MocapTag] [0x00005f2f] [2767] , 14.1343, 2.64734, 0.194689, -0.363191, -0.965871, 0.024135, 0.0252531, 0.256658, 0, 0, 0, 0, 0, 0, 
[2025-02-03 17:53:19.138553] [0x0000007f5fea89a0] [MocapTag] [0x00005f2f] [2769] , 14.1343, 2.64734, 0.194689, -0.363191, -0.965871, 0.024135, 0.0252531, 0.256658, 1.01985, -0.367838, 0.178164, 0.970268, -0.619881, 1.60199, 
[2025-02-03 17:53:19.141226] [0x0000007f5fea89a0] [MocapTag] [0x00005f2f] [2770] , 14.1343, 2.64734, 0.194689, -0.363191, -0.965871, 0.024135, 0.0252531, 0.256658, 0, 0, 0, 0, 0, 0, 
[2025-02-03 17:53:19.143688] [0x0000007f5fea89a0] [MocapTag] [0x00005f2f] [2771] , 14.1343, 2.65795, 0.190013, -0.355705, -0.960738, 0.0242225, 0.0586701, 0.270101, 0, 0, 0, 0, 0, 0, 
[2025-02-03 17:53:19.148585] [0x0000007f5fea89a0] [MocapTag] [0x00005f2f] [2773] , 14.1443, 2.65795, 0.190013, -0.355705, -0.960738, 0.0242225, 0.0586701, 0.270101, 1.06111, -0.4676, 0.748524, -1.90489, 6.34122, 3.15268, 
[2025-02-03 17:53:19.150953] [0x0000007f5fea89a0] [MocapTag] [0x00005f2f] [2774] , 14.1443, 2.65795, 0.190013, -0.355705, -0.960738, 0.0242225, 0.0586701, 0.270101, 0, 0, 0, 0, 0, 0, 
[2025-02-03 17:53:19.153423] [0x0000007f5fea89a0] [MocapTag] [0x00005f2f] [2775] , 14.1443, 2.66943, 0.186352, -0.353952, -0.959038, 0.0206252, 0.0545151, 0.277216, 0, 0, 0, 0, 0, 0, 
[2025-02-03 17:53:19.158090] [0x0000007f5fea89a0] [MocapTag] [0x00005f2f] [2777] , 14.1543, 2.66943, 0.186352, -0.353952, -0.959038, 0.0206252, 0.0545151, 0.277216, 1.14743, -0.366113, 0.175367, 0.856137, -0.654978, 1.39858, 
[2025-02-03 17:53:19.158746] [0x0000007f5fea89a0] [MocapTag] [0x00005f2f] [2778] , 14.1543, 2.66943, 0.186352, -0.353952, -0.959038, 0.0206252, 0.0545151, 0.277216, 0, 0, 0, 0, 0, 0, 
[2025-02-03 17:53:19.162494] [0x0000007f5fea89a0] [MocapTag] [0x00005f2f] [2779] , 14.1543, 2.66943, 0.186352, -0.353952, -0.959038, 0.0206252, 0.0545151, 0.277216, 0, 0, 0, 0, 0, 0, 
[2025-02-03 17:53:19.165951] [0x0000007f5fea89a0] [MocapTag] [0x00005f2f] [2780] , 14.1643, 2.68012, 0.182351, -0.35459, -0.957325, 0.0150761, 0.0450126, 0.285088, 0, 0, 0, 0, 0, 0, 
[2025-02-03 17:53:19.168001] [0x0000007f5fea89a0] [MocapTag] [0x00005f2f] [2782] , 14.1643, 2.68012, 0.182351, -0.35459, -0.957325, 0.0150761, 0.0450126, 0.285088, 1.06938, -0.400142, -0.0637788, 1.5425, -1.55985, 1.49451, 
[2025-02-03 17:53:19.171110] [0x0000007f5fea89a0] [MocapTag] [0x00005f2f] [2783] , 14.1643, 2.68012, 0.182351, -0.35459, -0.957325, 0.0150761, 0.0450126, 0.285088, 0, 0, 0, 0, 0, 0, 
[2025-02-03 17:53:19.173330] [0x0000007f5fea89a0] [MocapTag] [0x00005f2f] [2784] , 14.1643, 2.69058, 0.178292, -0.356302, -0.955137, 0.00992144, 0.0354026, 0.293875, 0, 0, 0, 0, 0, 0, 
[2025-02-03 17:53:19.175987] [0x0000007f5fea89a0] [MocapTag] [0x00005f2f] [2785] , 14.1743, 2.69058, 0.178292, -0.356302, -0.955137, 0.00992144, 0.0354026, 0.293875, 1.04605, -0.405913, -0.171221, 1.48754, -1.58289, 1.72113, 
[2025-02-03 17:53:19.180119] [0x0000007f5fea89a0] [MocapTag] [0x00005f2f] [2787] , 14.1743, 2.69058, 0.178292, -0.356302, -0.955137, 0.00992144, 0.0354026, 0.293875, 0, 0, 0, 0, 0, 0, 
[2025-02-03 17:53:19.182556] [0x0000007f5fea89a0] [MocapTag] [0x00005f2f] [2788] , 14.1743, 2.70094, 0.174437, -0.359127, -0.952797, 0.00516097, 0.0256919, 0.302474, 0, 0, 0, 0, 0, 0, 
[2025-02-03 17:53:19.186004] [0x0000007f5fea89a0] [MocapTag] [0x00005f2f] [2789] , 14.1843, 2.70094, 0.174437, -0.359127, -0.952797, 0.00516097, 0.0256919, 0.302474, 1.03566, -0.385477, -0.282476, 1.44408, -1.59843, 1.71694, 
[2025-02-03 17:53:19.187605] [0x0000007f5fea89a0] [MocapTag] [0x00005f2f] [2791] , 14.1843, 2.70094, 0.174437, -0.359127, -0.952797, 0.00516097, 0.0256919, 0.302474, 0, 0, 0, 0, 0, 0, 
[2025-02-03 17:53:19.192045] [0x0000007f5fea89a0] [MocapTag] [0x00005f2f] [2792] , 14.1843, 2.70094, 0.174437, -0.359127, -0.952797, 0.00516097, 0.0256919, 0.302474, 0, 0, 0, 0, 0, 0, 
[2025-02-03 17:53:19.192960] [0x0000007f5fea89a0] [MocapTag] [0x00005f2f] [2793] , 14.1843, 2.71119, 0.170522, -0.363282, -0.950157, 0.000399199, 0.0147102, 0.311423, 0, 0, 0, 0, 0, 0, 
[2025-02-03 17:53:19.196782] [0x0000007f5fea89a0] [MocapTag] [0x00005f2f] [2794] , 14.1943, 2.71119, 0.170522, -0.363282, -0.950157, 0.000399199, 0.0147102, 0.311423, 1.02541, -0.391476, -0.415506, 1.54817, -1.81435, 1.82151, 
[2025-02-03 17:53:19.199264] [0x0000007f5fea89a0] [MocapTag] [0x00005f2f] [2796] , 14.1943, 2.71119, 0.170522, -0.363282, -0.950157, 0.000399199, 0.0147102, 0.311423, 0, 0, 0, 0, 0, 0, 
[2025-02-03 17:53:19.202085] [0x0000007f5fea89a0] [MocapTag] [0x00005f2f] [2797] , 14.1943, 2.71119, 0.170522, -0.363282, -0.950157, 0.000399199, 0.0147102, 0.311423, 0, 0, 0, 0, 0, 0, 
[2025-02-03 17:53:19.204843] [0x0000007f5fea89a0] [MocapTag] [0x00005f2f] [2798] , 14.2043, 2.72126, 0.166853, -0.368845, -0.947283, -0.00444371, 0.00336903, 0.32035, 0, 0, 0, 0, 0, 0, 
[2025-02-03 17:53:19.207315] [0x0000007f5fea89a0] [MocapTag] [0x00005f2f] [2800] , 14.2043, 2.72126, 0.166853, -0.368845, -0.947283, -0.00444371, 0.00336903, 0.32035, 1.00652, -0.366909, -0.556335, -626.7, -1.84788, 1.859, 
[2025-02-03 17:53:19.210100] [0x0000007f5fea89a0] [MocapTag] [0x00005f2f] [2801] , 14.2043, 2.72126, 0.166853, -0.368845, -0.947283, -0.00444371, 0.00336903, 0.32035, 0, 0, 0, 0, 0, 0, 
[2025-02-03 17:53:19.213865] [0x0000007f5fea89a0] [MocapTag] [0x00005f2f] [2802] , 14.2043, 2.72126, 0.166853, -0.368845, -0.947283, -0.00444371, 0.00336903, 0.32035, 0, 0, 0, 0, 0, 0, 
[2025-02-03 17:53:19.216475] [0x0000007f5fea89a0] [MocapTag] [0x00005f2f] [2803] , 14.2143, 2.73108, 0.163526, -0.375633, -0.944195, -0.00942956, -0.00778854, 0.329161, 0, 0, 0, 0, 0, 0, 
[2025-02-03 17:53:19.219231] [0x0000007f5fea89a0] [MocapTag] [0x00005f2f] [2805] , 14.2143, 2.73108, 0.163526, -0.375633, -0.944195, -0.00942956, -0.00778854, 0.329161, 0.982747, -0.332691, -0.678826, 1.66762, -1.77303, 1.87997, 
[2025-02-03 17:53:19.221325] [0x0000007f5fea89a0] [MocapTag] [0x00005f2f] [2806] , 14.2143, 2.73108, 0.163526, -0.375633, -0.944195, -0.00942956, -0.00778854, 0.329161, 0, 0, 0, 0, 0, 0, 
[2025-02-03 17:53:19.224410] [0x0000007f5fea89a0] [MocapTag] [0x00005f2f] [2807] , 14.2143, 2.74064, 0.160212, -0.384664, -0.932751, -0.0578304, -0.0839865, 0.345799, 0, 0, 0, 0, 0, 0, 
[2025-02-03 17:53:19.228670] [0x0000007f5fea89a0] [MocapTag] [0x00005f2f] [2809] , 14.2243, 2.74064, 0.160212, -0.384664, -0.932751, -0.0578304, -0.0839865, 0.345799, 0.95548, -0.331449, -0.903044, 14.496, -10.8448, 4.89168, 
[2025-02-03 17:53:19.231329] [0x0000007f5fea89a0] [MocapTag] [0x00005f2f] [2810] , 14.2243, 2.74064, 0.160212, -0.384664, -0.932751, -0.0578304, -0.0839865, 0.345799, 0, 0, 0, 0, 0, 0, 
[2025-02-03 17:53:19.233538] [0x0000007f5fea89a0] [MocapTag] [0x00005f2f] [2811] , 14.2243, 2.74957, 0.157709, -0.394174, -0.927818, -0.0643716, -0.0968657, 0.354439, 0, 0, 0, 0, 0, 0, 
[2025-02-03 17:53:19.236515] [0x0000007f5fea89a0] [MocapTag] [0x00005f2f] [2812] , 14.2343, 2.74957, 0.157709, -0.394174, -0.927818, -0.0643716, -0.0968657, 0.354439, 0.893478, -0.250249, -0.951023, 2.30935, -1.75731, 2.28204, 
[2025-02-03 17:53:19.239008] [0x0000007f5fea89a0] [MocapTag] [0x00005f2f] [2814] , 14.2343, 2.74957, 0.157709, -0.394174, -0.927818, -0.0643716, -0.0968657, 0.354439, 0, 0, 0, 0, 0, 0, 
[2025-02-03 17:53:19.241789] [0x0000007f5fea89a0] [MocapTag] [0x00005f2f] [2815] , 14.2343, 2.74957, 0.157709, -0.394174, -0.927818, -0.0643716, -0.0968657, 0.354439, 0, 0, 0, 0, 0, 0, 
[2025-02-03 17:53:19.246249] [0x0000007f5fea89a0] [MocapTag] [0x00005f2f] [2816] , 14.2443, 2.75802, 0.155617, -0.405496, -0.923274, -0.0685078, -0.106085, 0.362792, 0, 0, 0, 0, 0, 0, 
[2025-02-03 17:53:19.247890] [0x0000007f5fea89a0] [MocapTag] [0x00005f2f] [2818] , 14.2443, 2.75802, 0.155617, -0.405496, -0.923274, -0.0685078, -0.106085, 0.362792, 0.844807, -0.209168, -1.13219, 1.61741, -1.21871, 2.13746, 
[2025-02-03 17:53:19.249836] [0x0000007f5fea89a0] [MocapTag] [0x00005f2f] [2819] , 14.2443, 2.75802, 0.155617, -0.405496, -0.923274, -0.0685078, -0.106085, 0.362792, 0, 0, 0, 0, 0, 0, 
[2025-02-03 17:53:19.252346] [0x0000007f5fea89a0] [MocapTag] [0x00005f2f] [2820] , 14.2443, 2.76488, 0.155937, -0.424014, -0.926097, -0.0460748, -0.110954, 0.357645, 0, 0, 0, 0, 0, 0, 
[2025-02-03 17:53:19.255015] [0x0000007f5fea89a0] [MocapTag] [0x00005f2f] [2821] , 14.2543, 2.76488, 0.155937, -0.424014, -0.926097, -0.0460748, -0.110954, 0.357645, 0.68577, 0.0320038, -1.85178, -3.91636, -2.67104, -1.23709, 
[2025-02-03 17:53:19.262007] [0x0000007f5fea89a0] [MocapTag] [0x00005f2f] [2823] , 14.2543, 2.76488, 0.155937, -0.424014, -0.926097, -0.0460748, -0.110954, 0.357645, 0, 0, 0, 0, 0, 0, 
[2025-02-03 17:53:19.262601] [0x0000007f5fea89a0] [MocapTag] [0x00005f2f] [2824] , 14.2543, 2.76488, 0.155937, -0.424014, -0.926097, -0.0460748, -0.110954, 0.357645, 0, 0, 0, 0, 0, 0, 
[2025-02-03 17:53:19.265550] [0x0000007f5fea89a0] [MocapTag] [0x00005f2f] [2825] , 14.2643, 2.77281, 0.154679, -0.437075, -0.920208, -0.0531824, -0.1291, 0.36568, 0, 0, 0, 0, 0, 0, 
[2025-02-03 17:53:19.268489] [0x0000007f5fea89a0] [MocapTag] [0x00005f2f] [2827] , 14.2643, 2.77281, 0.154679, -0.437075, -0.920208, -0.0531824, -0.1291, 0.36568, 0.793165, -0.125876, -1.30618, 2.94895, -2.66158, 2.46692, 
[2025-02-03 17:53:19.270974] [0x0000007f5fea89a0] [MocapTag] [0x00005f2f] [2828] , 14.2643, 2.77281, 0.154679, -0.437075, -0.920208, -0.0531824, -0.1291, 0.36568, 0, 0, 0, 0, 0, 0, 
[2025-02-03 17:53:19.274598] [0x0000007f5fea89a0] [MocapTag] [0x00005f2f] [2829] , 14.2643, 2.78008, 0.154068, -0.451269, -0.913402, -0.0610112, -0.149643, 0.373607, 0, 0, 0, 0, 0, 0, 
[2025-02-03 17:53:19.277901] [0x0000007f5fea89a0] [MocapTag] [0x00005f2f] [2831] , 14.2743, 2.78008, 0.154068, -0.451269, -0.913402, -0.0610112, -0.149643, 0.373607, 0.727269, -0.0610833, -1.41941, 3.38662, -2.97617, 2.69597, 
[2025-02-03 17:53:19.280128] [0x0000007f5fea89a0] [MocapTag] [0x00005f2f] [2832] , 14.2743, 2.78008, 0.154068, -0.451269, -0.913402, -0.0610112, -0.149643, 0.373607, 0, 0, 0, 0, 0, 0, 
[2025-02-03 17:53:19.282802] [0x0000007f5fea89a0] [MocapTag] [0x00005f2f] [2833] , 14.2743, 2.78684, 0.15403, -0.466448, -0.905593, -0.0698057, -0.171714, 0.381501, 0, 0, 0, 0, 0, 0, 
[2025-02-03 17:53:19.285424] [0x0000007f5fea89a0] [MocapTag] [0x00005f2f] [2834] , 14.2843, 2.78684, 0.15403, -0.466448, -0.905593, -0.0698057, -0.171714, 0.381501, 0.675149, -0.00383345, -1.51786, 3.83534, -3.08908, 2.96364, 
[2025-02-03 17:53:19.290769] [0x0000007f5fea89a0] [MocapTag] [0x00005f2f] [2836] , 14.2843, 2.78684, 0.15403, -0.466448, -0.905593, -0.0698057, -0.171714, 0.381501, 0, 0, 0, 0, 0, 0, 
[2025-02-03 17:53:19.293060] [0x0000007f5fea89a0] [MocapTag] [0x00005f2f] [2837] , 14.2843, 2.78684, 0.15403, -0.466448, -0.905593, -0.0698057, -0.171714, 0.381501, 0, 0, 0, 0, 0, 0, 
[2025-02-03 17:53:19.293617] [0x0000007f5fea89a0] [MocapTag] [0x00005f2f] [2838] , 14.2843, 2.79287, 0.154749, -0.482391, -0.896681, -0.0796364, -0.195158, 0.389275, 0, 0, 0, 0, 0, 0, 
[2025-02-03 17:53:19.296347] [0x0000007f5fea89a0] [MocapTag] [0x00005f2f] [2839] , 14.2943, 2.79287, 0.154749, -0.482391, -0.896681, -0.0796364, -0.195158, 0.389275, 0.603729, 0.0719803, -1.5943, 4.31674, -3.14389, 3.25674, 
[2025-02-03 17:53:19.298708] [0x0000007f5fea89a0] [MocapTag] [0x00005f2f] [2841] , 14.2943, 2.79287, 0.154749, -0.482391, -0.896681, -0.0796364, -0.195158, 0.389275, 0, 0, 0, 0, 0, 0, 
[2025-02-03 17:53:19.301056] [0x0000007f5fea89a0] [MocapTag] [0x00005f2f] [2842] , 14.2943, 2.79287, 0.154749, -0.482391, -0.896681, -0.0796364, -0.195158, 0.389275, 0, 0, 0, 0, 0, 0, 
[2025-02-03 17:53:19.305477] [0x0000007f5fea89a0] [MocapTag] [0x00005f2f] [2843] , 14.3043, 2.79947, 0.155609, -0.497806, -0.885226, -0.0943472, -0.219281, 0.399236, 0, 0, 0, 0, 0, 0, 
[2025-02-03 17:53:19.308043] [0x0000007f5fea89a0] [MocapTag] [0x00005f2f] [2845] , 14.3043, 2.79947, 0.155609, -0.497806, -0.885226, -0.0943472, -0.219281, 0.399236, 0.659915, 0.0860016, -1.54147, 5.56192, -2.6111, 4.16102, 
[2025-02-03 17:53:19.310761] [0x0000007f5fea89a0] [MocapTag] [0x00005f2f] [2846] , 14.3043, 2.79947, 0.155609, -0.497806, -0.885226, -0.0943472, -0.219281, 0.399236, 0, 0, 0, 0, 0, 0, 
[2025-02-03 17:53:19.313848] [0x0000007f5fea89a0] [MocapTag] [0x00005f2f] [2847] , 14.3043, 2.804, 0.157997, -0.514858, -0.873792, -0.106181, -0.244779, 0.406566, 0, 0, 0, 0, 0, 0, 
[2025-02-03 17:53:19.316568] [0x0000007f5fea89a0] [MocapTag] [0x00005f2f] [2848] , 14.3143, 2.804, 0.157997, -0.514858, -0.873792, -0.106181, -0.244779, 0.406566, 0.453095, 0.23878, -1.70524, 5.30679, -3.0204, 3.91094, 
[2025-02-03 17:53:19.318335] [0x0000007f5fea89a0] [MocapTag] [0x00005f2f] [2850] , 14.3143, 2.804, 0.157997, -0.514858, -0.873792, -0.106181, -0.244779, 0.406566, 0, 0, 0, 0, 0, 0, 
[2025-02-03 17:53:19.322293] [0x0000007f5fea89a0] [MocapTag] [0x00005f2f] [2851] , 14.3143, 2.804, 0.157997, -0.514858, -0.873792, -0.106181, -0.244779, 0.406566, 0, 0, 0, 0, 0, 0, 
[2025-02-03 17:53:19.324558] [0x0000007f5fea89a0] [MocapTag] [0x00005f2f] [2852] , 14.3143, 2.80842, 0.16087, -0.531874, -0.86086, -0.120504, -0.268058, 0.415384, 0, 0, 0, 0, 0, 0, 
[2025-02-03 17:53:19.327408] [0x0000007f5fea89a0] [MocapTag] [0x00005f2f] [2854] , 14.3243, 2.80842, 0.16087, -0.531874, -0.86086, -0.120504, -0.268058, 0.415384, 0.441236, 0.287289, -1.70156, 5.79536, -2.13392, 4.42417, 
[2025-02-03 17:53:19.329869] [0x0000007f5fea89a0] [MocapTag] [0x00005f2f] [2855] , 14.3243, 2.80842, 0.16087, -0.531874, -0.86086, -0.120504, -0.268058, 0.415384, 0, 0, 0, 0, 0, 0, 
[2025-02-03 17:53:19.332338] [0x0000007f5fea89a0] [MocapTag] [0x00005f2f] [2856] , 14.3243, 2.81119, 0.16549, -0.550388, -0.847161, -0.132742, -0.293725, 0.422403, 0, 0, 0, 0, 0, 0, 
[2025-02-03 17:53:19.335000] [0x0000007f5fea89a0] [MocapTag] [0x00005f2f] [2857] , 14.3343, 2.81119, 0.16549, -0.550388, -0.847161, -0.132742, -0.293725, 0.422403, 0.277544, 0.461947, -1.85143, 5.87835, -2.59952, 4.5063, 
[2025-02-03 17:53:19.338779] [0x0000007f5fea89a0] [MocapTag] [0x00005f2f] [2859] , 14.3343, 2.81119, 0.16549, -0.550388, -0.847161, -0.132742, -0.293725, 0.422403, 0, 0, 0, 0, 0, 0, 
[2025-02-03 17:53:19.341192] [0x0000007f5fea89a0] [MocapTag] [0x00005f2f] [2860] , 14.3343, 2.81119, 0.16549, -0.550388, -0.847161, -0.132742, -0.293725, 0.422403, 0, 0, 0, 0, 0, 0, 
[2025-02-03 17:53:19.343793] [0x0000007f5fea89a0] [MocapTag] [0x00005f2f] [2861] , 14.3343, 2.81058, 0.172405, -0.572031, -0.835461, -0.138687, -0.317273, 0.426743, 0, 0, 0, 0, 0, 0, 
[2025-02-03 17:53:19.346569] [0x0000007f5fea89a0] [MocapTag] [0x00005f2f] [2862] , 14.3443, 2.81058, 0.172405, -0.572031, -0.835461, -0.138687, -0.317273, 0.426743, -0.0606542, 0.691592, -2.16428, 4.57909, -2.86204, 3.82648, 
[2025-02-03 17:53:19.348976] [0x0000007f5fea89a0] [MocapTag] [0x00005f2f] [2864] , 14.3443, 2.81058, 0.172405, -0.572031, -0.835461, -0.138687, -0.317273, 0.426743, 0, 0, 0, 0, 0, 0, 
[2025-02-03 17:53:19.354326] [0x0000007f5fea89a0] [MocapTag] [0x00005f2f] [2865] , 14.3443, 2.81058, 0.172405, -0.572031, -0.835461, -0.138687, -0.317273, 0.426743, 0, 0, 0, 0, 0, 0, 
[2025-02-03 17:53:19.356658] [0x0000007f5fea89a0] [MocapTag] [0x00005f2f] [2866] , 14.3543, 2.81391, 0.177934, -0.588012, -0.812267, -0.158468, -0.3511, 0.437994, 0, 0, 0, 0, 0, 0, 
[2025-02-03 17:53:19.358586] [0x0000007f5fea89a0] [MocapTag] [0x00005f2f] [2868] , 14.3543, 2.81391, 0.177934, -0.588012, -0.812267, -0.158468, -0.3511, 0.437994, 0.332147, 0.552888, -1.59813, 9.27331, -2.18229, 7.45915, 
[2025-02-03 17:53:19.362864] [0x0000007f5fea89a0] [MocapTag] [0x00005f2f] [2869] , 14.3543, 2.81391, 0.177934, -0.588012, -0.812267, -0.158468, -0.3511, 0.437994, 0, 0, 0, 0, 0, 0, 
[2025-02-03 17:53:19.363954] [0x0000007f5fea89a0] [MocapTag] [0x00005f2f] [2870] , 14.3543, 2.81776, 0.182902, -0.604173, -0.788529, -0.182696, -0.375774, 0.451263, 0, 0, 0, 0, 0, 0, 
[2025-02-03 17:53:19.370129] [0x0000007f5fea89a0] [MocapTag] [0x00005f2f] [2872] , 14.3643, 2.81776, 0.182902, -0.604173, -0.788529, -0.182696, -0.375774, 0.451263, 0.384968, 0.496725, -1.61603, 9.01365, 0.423861, 7.19336, 
[2025-02-03 17:53:19.371050] [0x0000007f5fea89a0] [MocapTag] [0x00005f2f] [2873] , 14.3643, 2.81776, 0.182902, -0.604173, -0.788529, -0.182696, -0.375774, 0.451263, 0, 0, 0, 0, 0, 0, 
[2025-02-03 17:53:19.373414] [0x0000007f5fea89a0] [MocapTag] [0x00005f2f] [2874] , 14.3643, 2.81441, 0.193978, -0.625589, -0.776195, -0.189326, -0.390756, 0.457151, 0, 0, 0, 0, 0, 0, 
[2025-02-03 17:53:19.376374] [0x0000007f5fea89a0] [MocapTag] [0x00005f2f] [2875] , 14.3743, 2.81441, 0.193978, -0.625589, -0.776195, -0.189326, -0.390756, 0.457151, -0.334118, 1.10767, -2.14165, 4.06008, -0.639755, 3.83993, 
[2025-02-03 17:53:19.378690] [0x0000007f5fea89a0] [MocapTag] [0x00005f2f] [2877] , 14.3743, 2.81441, 0.193978, -0.625589, -0.776195, -0.189326, -0.390756, 0.457151, 0, 0, 0, 0, 0, 0, 
[2025-02-03 17:53:19.383096] [0x0000007f5fea89a0] [MocapTag] [0x00005f2f] [2878] , 14.3743, 2.81441, 0.193978, -0.625589, -0.776195, -0.189326, -0.390756, 0.457151, 0, 0, 0, 0, 0, 0, 
[2025-02-03 17:53:19.385720] [0x0000007f5fea89a0] [MocapTag] [0x00005f2f] [2879] , 14.3843, 2.8102, 0.207669, -0.647127, -0.762678, -0.191626, -0.407701, 0.464092, 0, 0, 0, 0, 0, 0, 
[2025-02-03 17:53:19.389361] [0x0000007f5fea89a0] [MocapTag] [0x00005f2f] [2881] , 14.3843, 2.8102, 0.207669, -0.647127, -0.762678, -0.191626, -0.407701, 0.464092, -0.420941, 1.36907, -2.15382, 3.83229, -1.17088, 4.45758, 
[2025-02-03 17:53:19.390776] [0x0000007f5fea89a0] [MocapTag] [0x00005f2f] [2882] , 14.3843, 2.8102, 0.207669, -0.647127, -0.762678, -0.191626, -0.407701, 0.464092, 0, 0, 0, 0, 0, 0, 
[2025-02-03 17:53:19.393442] [0x0000007f5fea89a0] [MocapTag] [0x00005f2f] [2883] , 14.3843, 2.8073, 0.219847, -0.664839, -0.740091, -0.203656, -0.437373, 0.468503, 0, 0, 0, 0, 0, 0, 
[2025-02-03 17:53:19.396219] [0x0000007f5fea89a0] [MocapTag] [0x00005f2f] [2884] , 14.3943, 2.8073, 0.219847, -0.664839, -0.740091, -0.203656, -0.437373, 0.468503, -0.290609, 1.21778, -1.77114, 8.05039, -1.40447, 6.55434, 
[2025-02-03 17:53:19.399862] [0x0000007f5fea89a0] [MocapTag] [0x00005f2f] [2886] , 14.3943, 2.8073, 0.219847, -0.664839, -0.740091, -0.203656, -0.437373, 0.468503, 0, 0, 0, 0, 0, 0, 
[2025-02-03 17:53:19.402344] [0x0000007f5fea89a0] [MocapTag] [0x00005f2f] [2887] , 14.3943, 2.8031, 0.23377, -0.682381, -0.717514, -0.214992, -0.462708, 0.474187, 0, 0, 0, 0, 0, 0, 
[2025-02-03 17:53:19.405031] [0x0000007f5fea89a0] [MocapTag] [0x00005f2f] [2888] , 14.4043, 2.8031, 0.23377, -0.682381, -0.717514, -0.214992, -0.462708, 0.474187, -0.420197, 1.39228, -1.75422, 7.40864, -0.398421, 6.39583, 
[2025-02-03 17:53:19.407380] [0x0000007f5fea89a0] [MocapTag] [0x00005f2f] [2889] , 14.4043, 2.8031, 0.23377, -0.682381, -0.717514, -0.214992, -0.462708, 0.474187, 0, 0, 0, 0, 0, 0, 
[2025-02-03 17:53:19.410358] [0x0000007f5fea89a0] [MocapTag] [0x00005f2f] [2891] , 14.4043, 2.8031, 0.23377, -0.682381, -0.717514, -0.214992, -0.462708, 0.474187, 0, 0, 0, 0, 0, 0, 
[2025-02-03 17:53:19.412722] [0x0000007f5fea89a0] [MocapTag] [0x00005f2f] [2892] , 14.4043, 2.79777, 0.249324, -0.69916, -0.694792, -0.225649, -0.485046, 0.480704, 0, 0, 0, 0, 0, 0, 
[2025-02-03 17:53:19.416477] [0x0000007f5fea89a0] [MocapTag] [0x00005f2f] [2893] , 14.4143, 2.79777, 0.249324, -0.69916, -0.694792, -0.225649, -0.485046, 0.480704, -0.533047, 1.55542, -1.67788, 6.87697, 0.341561, 6.22064, 
[2025-02-03 17:53:19.418681] [0x0000007f5fea89a0] [MocapTag] [0x00005f2f] [2895] , 14.4143, 2.79777, 0.249324, -0.69916, -0.694792, -0.225649, -0.485046, 0.480704, 0, 0, 0, 0, 0, 0, 
[2025-02-03 17:53:19.420957] [0x0000007f5fea89a0] [MocapTag] [0x00005f2f] [2896] , 14.4143, 2.79777, 0.249324, -0.69916, -0.694792, -0.225649, -0.485046, 0.480704, 0, 0, 0, 0, 0, 0, 
[2025-02-03 17:53:19.423790] [0x0000007f5fea89a0] [MocapTag] [0x00005f2f] [2897] , 14.4143, 2.79208, 0.260354, -0.712156, -0.665253, -0.232374, -0.519263, 0.483535, 0, 0, 0, 0, 0, 0, 
[2025-02-03 17:53:19.426595] [0x0000007f5fea89a0] [MocapTag] [0x00005f2f] [2898] , 14.4243, 2.79208, 0.260354, -0.712156, -0.665253, -0.232374, -0.519263, 0.483535, -0.568741, 1.10304, -1.29966, 9.14434, -1.02471, 8.35249, 
[2025-02-03 17:53:19.428742] [0x0000007f5fea89a0] [MocapTag] [0x00005f2f] [2900] , 14.4243, 2.79208, 0.260354, -0.712156, -0.665253, -0.232374, -0.519263, 0.483535, 0, 0, 0, 0, 0, 0, 
[2025-02-03 17:53:19.431879] [0x0000007f5fea89a0] [MocapTag] [0x00005f2f] [2901] , 14.4243, 2.79208, 0.260354, -0.712156, -0.665253, -0.232374, -0.519263, 0.483535, 0, 0, 0, 0, 0, 0, 
[2025-02-03 17:53:19.434352] [0x0000007f5fea89a0] [MocapTag] [0x00005f2f] [2902] , 14.4243, 2.78388, 0.279816, -0.72854, -0.646861, -0.235402, -0.532111, 0.492965, 0, 0, 0, 0, 0, 0, 
[2025-02-03 17:53:19.437064] [0x0000007f5fea89a0] [MocapTag] [0x00005f2f] [2903] , 14.4343, 2.78388, 0.279816, -0.72854, -0.646861, -0.235402, -0.532111, 0.492965, -0.819448, 1.9462, -1.63835, 3.87634, 1.10983, 5.10476, 
[2025-02-03 17:53:19.440942] [0x0000007f5fea89a0] [MocapTag] [0x00005f2f] [2905] , 14.4343, 2.78388, 0.279816, -0.72854, -0.646861, -0.235402, -0.532111, 0.492965, 0, 0, 0, 0, 0, 0, 
[2025-02-03 17:53:19.441895] [0x0000007f5fea89a0] [MocapTag] [0x00005f2f] [2906] , 14.4343, 2.78388, 0.279816, -0.72854, -0.646861, -0.235402, -0.532111, 0.492965, 0, 0, 0, 0, 0, 0, 
[2025-02-03 17:53:19.446546] [0x0000007f5fea89a0] [MocapTag] [0x00005f2f] [2907] , 14.4443, 2.77197, 0.299084, -0.744235, -0.6459, -0.225808, -0.541257, 0.488738, 0, 0, 0, 0, 0, 0, 
[2025-02-03 17:53:19.448571] [0x0000007f5fea89a0] [MocapTag] [0x00005f2f] [2908] , 14.4443, 2.77197, 0.299084, -0.744235, -0.6459, -0.225808, -0.541257, 0.488738, -1.19168, 1.92678, -1.5695, 0.79689, -2.50671, 1.37202, 
[2025-02-03 17:53:19.453182] [0x0000007f5fea89a0] [MocapTag] [0x00005f2f] [2910] , 14.4443, 2.77197, 0.299084, -0.744235, -0.6459, -0.225808, -0.541257, 0.488738, 0, 0, 0, 0, 0, 0, 
[2025-02-03 17:53:19.454471] [0x0000007f5fea89a0] [MocapTag] [0x00005f2f] [2911] , 14.4443, 2.77111, 0.314991, -0.755816, 0.571557, 0.286517, 0.577341, -0.507846, 0, 0, 0, 0, 0, 0, 
[2025-02-03 17:53:19.457065] [0x0000007f5fea89a0] [MocapTag] [0x00005f2f] [2912] , 14.4543, 2.77111, 0.314991, -0.755816, 0.571557, 0.286517, 0.577341, -0.507846, -0.0856442, 1.59073, -1.15811, 18.0343, 12.1033, 12.5049, 
[2025-02-03 17:53:19.459405] [0x0000007f5fea89a0] [MocapTag] [0x00005f2f] [2914] , 14.4543, 2.77111, 0.314991, -0.755816, 0.571557, 0.286517, 0.577341, -0.507846, 0, 0, 0, 0, 0, 0, 
[2025-02-03 17:53:19.460833] [0x0000007f5fea89a0] [MocapTag] [0x00005f2f] [2915] , 14.4543, 2.77111, 0.314991, -0.755816, 0.571557, 0.286517, 0.577341, -0.507846, 0, 0, 0, 0, 0, 0, 
[2025-02-03 17:53:19.466422] [0x0000007f5fea89a0] [MocapTag] [0x00005f2f] [2916] , 14.4643, 2.76149, 0.336661, -0.768503, 0.53774, 0.302192, 0.592088, -0.518602, 0, 0, 0, 0, 0, 0, 
[2025-02-03 17:53:19.469101] [0x0000007f5fea89a0] [MocapTag] [0x00005f2f] [2918] , 14.4643, 2.76149, 0.336661, -0.768503, 0.53774, 0.302192, 0.592088, -0.518602, -0.961782, 2.16695, -1.2687, 5.98986, 4.86206, 5.77726, 
[2025-02-03 17:53:19.470746] [0x0000007f5fea89a0] [MocapTag] [0x00005f2f] [2919] , 14.4643, 2.76149, 0.336661, -0.768503, 0.53774, 0.302192, 0.592088, -0.518602, 0, 0, 0, 0, 0, 0, 
[2025-02-03 17:53:19.473254] [0x0000007f5fea89a0] [MocapTag] [0x00005f2f] [2920] , 14.4643, 2.75245, 0.359317, -0.779695, 0.501986, 0.318279, 0.605221, -0.529543, 0, 0, 0, 0, 0, 0, 
[2025-02-03 17:53:19.476044] [0x0000007f5fea89a0] [MocapTag] [0x00005f2f] [2921] , 14.4743, 2.75245, 0.359317, -0.779695, 0.501986, 0.318279, 0.605221, -0.529543, -0.904345, 2.26559, -1.11922, 5.576, 5.53068, 5.43423, 
[2025-02-03 17:53:19.479722] [0x0000007f5fea89a0] [MocapTag] [0x00005f2f] [2923] , 14.4743, 2.75245, 0.359317, -0.779695, 0.501986, 0.318279, 0.605221, -0.529543, 0, 0, 0, 0, 0, 0, 
[2025-02-03 17:53:19.482680] [0x0000007f5fea89a0] [MocapTag] [0x00005f2f] [2924] , 14.4743, 2.74251, 0.382832, -0.790279, 0.46246, 0.336408, 0.617531, -0.540015, 0, 0, 0, 0, 0, 0, 
[2025-02-03 17:53:19.485765] [0x0000007f5fea89a0] [MocapTag] [0x00005f2f] [2925] , 14.4844, 2.74251, 0.382832, -0.790279, 0.46246, 0.336408, 0.617531, -0.540015, -0.993537, 2.3515, -1.0584, 5.61562, 6.45925, 5.17528, 
[2025-02-03 17:53:19.488753] [0x0000007f5fea89a0] [MocapTag] [0x00005f2f] [2926] , 14.4844, 2.74251, 0.382832, -0.790279, 0.46246, 0.336408, 0.617531, -0.540015, 0, 0, 0, 0, 0, 0, 
[2025-02-03 17:53:19.490880] [0x0000007f5fea89a0] [MocapTag] [0x00005f2f] [2928] , 14.4844, 2.74251, 0.382832, -0.790279, 0.46246, 0.336408, 0.617531, -0.540015, 0, 0, 0, 0, 0, 0, 
[2025-02-03 17:53:19.495951] [0x0000007f5fea89a0] [MocapTag] [0x00005f2f] [2929] , 14.4943, 2.73193, 0.4084, -0.799683, 0.42176, 0.355499, 0.628141, -0.548797, 0, 0, 0, 0, 0, 0, 
[2025-02-03 17:53:19.498696] [0x0000007f5fea89a0] [MocapTag] [0x00005f2f] [2930] , 14.4943, 2.73193, 0.4084, -0.799683, 0.42176, 0.355499, 0.628141, -0.548797, -1.05854, 2.55687, -0.940355, 5.35249, 6.92498, 4.49886, 
[2025-02-03 17:53:19.501495] [0x0000007f5fea89a0] [MocapTag] [0x00005f2f] [2932] , 14.4943, 2.73193, 0.4084, -0.799683, 0.42176, 0.355499, 0.628141, -0.548797, 0, 0, 0, 0, 0, 0, 
[2025-02-03 17:53:19.503799] [0x0000007f5fea89a0] [MocapTag] [0x00005f2f] [2933] , 14.4943, 2.72051, 0.431973, -0.80946, 0.378862, 0.384883, 0.630899, -0.557042, 0, 0, 0, 0, 0, 0, 
[2025-02-03 17:53:19.506554] [0x0000007f5fea89a0] [MocapTag] [0x00005f2f] [2934] , 14.5043, 2.72051, 0.431973, -0.80946, 0.378862, 0.384883, 0.630899, -0.557042, -1.14163, 2.35732, -0.977761, 5.02719, 9.08368, 2.38709, 
[2025-02-03 17:53:19.511109] [0x0000007f5fea89a0] [MocapTag] [0x00005f2f] [2936] , 14.5043, 2.72051, 0.431973, -0.80946, 0.378862, 0.384883, 0.630899, -0.557042, 0, 0, 0, 0, 0, 0, 
[2025-02-03 17:53:19.514467] [0x0000007f5fea89a0] [MocapTag] [0x00005f2f] [2937] , 14.5043, 2.75982, 0.401624, -0.86787, -0.530264, 0.217644, -0.391768, -0.719701, 0, 0, 0, 0, 0, 0, 
[2025-02-03 17:53:19.516317] [0x0000007f5fea89a0] [MocapTag] [0x00005f2f] [2938] , 14.5143, 2.75982, 0.401624, -0.86787, -0.530264, 0.217644, -0.391768, -0.719701, 3.93072, -3.03496, -5.84098, 369.432, -5.31062, -392.384, 
[2025-02-03 17:53:19.518819] [0x0000007f5fea89a0] [MocapTag] [0x00005f2f] [2939] , 14.5143, 2.75982, 0.401624, -0.86787, -0.530264, 0.217644, -0.391768, -0.719701, 0, 0, 0, 0, 0, 0, 
[2025-02-03 17:53:19.521359] [0x0000007f5fea89a0] [MocapTag] [0x00005f2f] [2941] , 14.5143, 2.75982, 0.401624, -0.86787, -0.530264, 0.217644, -0.391768, -0.719701, 0, 0, 0, 0, 0, 0, 
[2025-02-03 17:53:19.525348] [0x0000007f5fea89a0] [MocapTag] [0x00005f2f] [2942] , 14.5243, 0, 0, 0, -0, 0, 0, -0, 0, 0, 0, 0, 0, 0, 
[2025-02-03 17:53:19.527816] [0x0000007f5fea89a0] [MocapTag] [0x00005f2f] [2943] , 14.5243, 0, 0, 0, -0, 0, 0, -0, 0, 0, 0, -221.611, 10.2382, 192.272, 
[2025-02-03 17:53:19.530409] [0x0000007f5fea89a0] [MocapTag] [0x00005f2f] [2945] , 14.5243, 0, 0, 0, -0, 0, 0, -0, 0, 0, 0, 0, 0, 0, 
[2025-02-03 17:53:19.532725] [0x0000007f5fea89a0] [MocapTag] [0x00005f2f] [2946] , 14.5243, 0, 0, 0, -0, 0, 0, -0, 0, 0, 0, 0, 0, 0, 
[2025-02-03 17:53:19.535295] [0x0000007f5fea89a0] [MocapTag] [0x00005f2f] [2947] , 14.5343, 0, 0, 0, -0, 0, 0, -0, 0, 0, 0, 0, 0, 0, 
[2025-02-03 17:53:19.537838] [0x0000007f5fea89a0] [MocapTag] [0x00005f2f] [2948] , 14.5343, 0, 0, 0, -0, 0, 0, -0, 0, 0, 0, 0, 0, 0, 
[2025-02-03 17:53:19.544032] [0x0000007f5fea89a0] [MocapTag] [0x00005f2f] [2950] , 14.5343, 0, 0, 0, -0, 0, 0, -0, 0, 0, 0, 0, 0, 0, 
[2025-02-03 17:53:19.545516] [0x0000007f5fea89a0] [MocapTag] [0x00005f2f] [2951] , 14.5444, 0, 0, 0, -0, 0, 0, -0, 0, 0, 0, 0, 0, 0, 
[2025-02-03 17:53:19.547809] [0x0000007f5fea89a0] [MocapTag] [0x00005f2f] [2952] , 14.5444, 0, 0, 0, -0, 0, 0, -0, 0, 0, 0, 0, 0, 0, 
[2025-02-03 17:53:19.550852] [0x0000007f5fea89a0] [MocapTag] [0x00005f2f] [2954] , 14.5444, 0, 0, 0, -0, 0, 0, -0, 0, 0, 0, 0, 0, 0, 
[2025-02-03 17:53:19.553170] [0x0000007f5fea89a0] [MocapTag] [0x00005f2f] [2955] , 14.5444, 0, 0, 0, -0, 0, 0, -0, 0, 0, 0, 0, 0, 0, 
[2025-02-03 17:53:19.557317] [0x0000007f5fea89a0] [MocapTag] [0x00005f2f] [2956] , 14.5543, 0, 0, 0, -0, 0, 0, -0, 0, 0, 0, 0, 0, 0, 
[2025-02-03 17:53:19.560462] [0x0000007f5fea89a0] [MocapTag] [0x00005f2f] [2958] , 14.5543, 0, 0, 0, -0, 0, 0, -0, 0, 0, 0, 0, 0, 0, 
[2025-02-03 17:53:19.563474] [0x0000007f5fea89a0] [MocapTag] [0x00005f2f] [2959] , 14.5543, 2.64131, 0.596952, -0.840861, 0.176113, 0.463864, 0.646303, -0.579747, 0, 0, 0, 0, 0, 0, 
[2025-02-03 17:53:19.569710] [0x0000007f5fea89a0] [MocapTag] [0x00005f2f] [2961] , 14.5643, 2.64131, 0.596952, -0.840861, 0.176113, 0.463864, 0.646303, -0.579747, -11.8511, 19.5328, 2.70093, -128.748, 31.5406, 213.408, 
[2025-02-03 17:53:19.570397] [0x0000007f5fea89a0] [MocapTag] [0x00005f2f] [2962] , 14.5643, 2.64131, 0.596952, -0.840861, 0.176113, 0.463864, 0.646303, -0.579747, 0, 0, 0, 0, 0, 0, 
[2025-02-03 17:53:19.573058] [0x0000007f5fea89a0] [MocapTag] [0x00005f2f] [2963] , 14.5643, 2.64131, 0.596952, -0.840861, 0.176113, 0.463864, 0.646303, -0.579747, 0, 0, 0, 0, 0, 0, 
[2025-02-03 17:53:19.575752] [0x0000007f5fea89a0] [MocapTag] [0x00005f2f] [2964] , 14.5743, 2.62324, 0.625704, -0.845111, 0.150141, 0.480318, 0.647639, -0.572116, 0, 0, 0, 0, 0, 0, 
[2025-02-03 17:53:19.578693] [0x0000007f5fea89a0] [MocapTag] [0x00005f2f] [2965] , 14.5743, 2.62324, 0.625704, -0.845111, 0.150141, 0.480318, 0.647639, -0.572116, -1.80677, 2.87518, -0.425067, 4.36958, 4.76376, -0.714517, 
[2025-02-03 17:53:19.581113] [0x0000007f5fea89a0] [MocapTag] [0x00005f2f] [2967] , 14.5743, 2.62324, 0.625704, -0.845111, 0.150141, 0.480318, 0.647639, -0.572116, 0, 0, 0, 0, 0, 0, 
[2025-02-03 17:53:19.583962] [0x0000007f5fea89a0] [MocapTag] [0x00005f2f] [2968] , 14.5743, 2.601, 0.653035, -0.849553, 0.142075, 0.493509, 0.650836, -0.559174, 0, 0, 0, 0, 0, 0, 
[2025-02-03 17:53:19.587878] [0x0000007f5fea89a0] [MocapTag] [0x00005f2f] [2969] , 14.5843, 2.601, 0.653035, -0.849553, 0.142075, 0.493509, 0.650836, -0.559174, -2.22391, 2.73314, -0.444118, 4.05544, 1.27171, -2.33173, 
[2025-02-03 17:53:19.589322] [0x0000007f5fea89a0] [MocapTag] [0x00005f2f] [2971] , 14.5843, 2.601, 0.653035, -0.849553, 0.142075, 0.493509, 0.650836, -0.559174, 0, 0, 0, 0, 0, 0, 
[2025-02-03 17:53:19.592054] [0x0000007f5fea89a0] [MocapTag] [0x00005f2f] [2972] , 14.5843, 2.601, 0.653035, -0.849553, 0.142075, 0.493509, 0.650836, -0.559174, 0, 0, 0, 0, 0, 0, 
[2025-02-03 17:53:19.594707] [0x0000007f5fea89a0] [MocapTag] [0x00005f2f] [2973] , 14.5944, 2.77789, 0.764429, -0.759353, -0.148838, 0.573983, 0.562332, -0.576345, 0, 0, 0, 0, 0, 0, 
[2025-02-03 17:53:19.597850] [0x0000007f5fea89a0] [MocapTag] [0x00005f2f] [2974] , 14.5944, 2.77789, 0.764429, -0.759353, -0.148838, 0.573983, 0.562332, -0.576345, 17.6889, 11.1394, 9.01998, 18.0436, 60.1588, 2.6603, 
[2025-02-03 17:53:19.600537] [0x0000007f5fea89a0] [MocapTag] [0x00005f2f] [2976] , 14.5944, 2.77789, 0.764429, -0.759353, -0.148838, 0.573983, 0.562332, -0.576345, 0, 0, 0, 0, 0, 0, 
[2025-02-03 17:53:19.602323] [0x0000007f5fea89a0] [MocapTag] [0x00005f2f] [2977] , 14.5944, 2.65222, 0.729349, -0.809569, -0.217885, 0.606902, 0.529579, -0.551128, 0, 0, 0, 0, 0, 0, 
[2025-02-03 17:53:19.607872] [0x0000007f5fea89a0] [MocapTag] [0x00005f2f] [2978] , 14.6043, 2.65222, 0.729349, -0.809569, -0.217885, 0.606902, 0.529579, -0.551128, -12.5675, -3.50795, -5.02163, 20.2235, 14.1816, -16.3316, 
[2025-02-03 17:53:19.614760] [0x0000007f5fea89a0] [MocapTag] [0x00005f2f] [2980] , 14.6143, 2.65222, 0.729349, -0.809569, -0.217885, 0.606902, 0.529579, -0.551128, 0, 0, 0, 0, 0, 0, 
[2025-02-03 17:53:19.615506] [0x0000007f5fea89a0] [MocapTag] [0x00005f2f] [2981] , 14.6143, 2.65222, 0.729349, -0.809569, -0.217885, 0.606902, 0.529579, -0.551128, 0, 0, 0, 0, 0, 0, 
[2025-02-03 17:53:19.616330] [0x0000007f5fea89a0] [MocapTag] [0x00005f2f] [2982] , 14.6143, 2.65106, 0.75842, -0.802637, -0.288336, 0.625061, 0.490914, -0.534007, 0, 0, 0, 0, 0, 0, 
[2025-02-03 17:53:19.616909] [0x0000007f5fea89a0] [MocapTag] [0x00005f2f] [2983] , 14.6143, 2.65106, 0.75842, -0.802637, -0.288336, 0.625061, 0.490914, -0.534007, -0.115398, 2.90715, 0.693234, 26.4073, 13.6229, -22.6634, 
[2025-02-03 17:53:19.618460] [0x0000007f5fea89a0] [MocapTag] [0x00005f2f] [2984] , 14.6143, 2.65106, 0.75842, -0.802637, -0.288336, 0.625061, 0.490914, -0.534007, 0, 0, 0, 0, 0, 0, 
[2025-02-03 17:53:19.621264] [0x0000007f5fea89a0] [MocapTag] [0x00005f2f] [2986] , 14.6143, 2.65106, 0.75842, -0.802637, -0.288336, 0.625061, 0.490914, -0.534007, 0, 0, 0, 0, 0, 0, 
[2025-02-03 17:53:19.623854] [0x0000007f5fea89a0] [MocapTag] [0x00005f2f] [2987] , 14.6143, 2.64701, 0.787544, -0.795444, -0.349113, 0.634392, 0.455902, -0.517514, 0, 0, 0, 0, 0, 0, 
[2025-02-03 17:53:19.626653] [0x0000007f5fea89a0] [MocapTag] [0x00005f2f] [2988] , 14.6243, 2.64701, 0.787544, -0.795444, -0.349113, 0.634392, 0.455902, -0.517514, -0.405098, 2.91234, 0.719242, 42.6115, 9.10388, -38.9996, 
[2025-02-03 17:53:19.629010] [0x0000007f5fea89a0] [MocapTag] [0x00005f2f] [2990] , 14.6243, 2.64701, 0.787544, -0.795444, -0.349113, 0.634392, 0.455902, -0.517514, 0, 0, 0, 0, 0, 0, 
[2025-02-03 17:53:19.631520] [0x0000007f5fea89a0] [MocapTag] [0x00005f2f] [2991] , 14.6243, 2.64701, 0.787544, -0.795444, -0.349113, 0.634392, 0.455902, -0.517514, 0, 0, 0, 0, 0, 0, 
[2025-02-03 17:53:19.635909] [0x0000007f5fea89a0] [MocapTag] [0x00005f2f] [2992] , 14.6343, 2.64718, 0.81355, -0.786956, -0.404009, 0.645632, 0.413823, -0.498685, 0, 0, 0, 0, 0, 0, 
[2025-02-03 17:53:19.638426] [0x0000007f5fea89a0] [MocapTag] [0x00005f2f] [2993] , 14.6343, 2.64718, 0.81355, -0.786956, -0.404009, 0.645632, 0.413823, -0.498685, 0.0171373, 2.60061, 0.848857, 68.4192, 1.57084, -66.3072, 
[2025-02-03 17:53:19.642483] [0x0000007f5fea89a0] [MocapTag] [0x00005f2f] [2995] , 14.6343, 2.64718, 0.81355, -0.786956, -0.404009, 0.645632, 0.413823, -0.498685, 0, 0, 0, 0, 0, 0, 
[2025-02-03 17:53:19.643517] [0x0000007f5fea89a0] [MocapTag] [0x00005f2f] [2996] , 14.6343, 2.64526, 0.843058, -0.776489, -0.459935, 0.645584, 0.373362, -0.481956, 0, 0, 0, 0, 0, 0, 
[2025-02-03 17:53:19.646191] [0x0000007f5fea89a0] [MocapTag] [0x00005f2f] [2997] , 14.6443, 2.64526, 0.843058, -0.776489, -0.459935, 0.645584, 0.373362, -0.481956, -0.1922, 2.95077, 1.04662, 56.9265, -5.38954, -53.74, 
[2025-02-03 17:53:19.650405] [0x0000007f5fea89a0] [MocapTag] [0x00005f2f] [2999] , 14.6443, 2.64526, 0.843058, -0.776489, -0.459935, 0.645584, 0.373362, -0.481956, 0, 0, 0, 0, 0, 0, 
[2025-02-03 17:53:19.652948] [0x0000007f5fea89a0] [MocapTag] [0x00005f2f] [3000] , 14.6443, 0, 0, 0, -0, 0, 0, -0, 0, 0, 0, 0, 0, 0, 
[2025-02-03 17:53:19.655483] [0x0000007f5fea89a0] [MocapTag] [0x00005f2f] [3001] , 14.6543, 0, 0, 0, -0, 0, 0, -0, 0, 0, 0, -112.309, -130.825, -14.9808, 
[2025-02-03 17:53:19.657945] [0x0000007f5fea89a0] [MocapTag] [0x00005f2f] [3002] , 14.6543, 0, 0, 0, -0, 0, 0, -0, 0, 0, 0, 0, 0, 0, 
[2025-02-03 17:53:19.661097] [0x0000007f5fea89a0] [MocapTag] [0x00005f2f] [3004] , 14.6543, 0, 0, 0, -0, 0, 0, -0, 0, 0, 0, 0, 0, 0, 
[2025-02-03 17:53:19.662903] [0x0000007f5fea89a0] [MocapTag] [0x00005f2f] [3005] , 14.6543, 0, 0, 0, -0, 0, 0, -0, 0, 0, 0, 0, 0, 0, 
[2025-02-03 17:53:19.670360] [0x0000007f5fea89a0] [MocapTag] [0x00005f2f] [3007] , 14.6643, 0, 0, 0, -0, 0, 0, -0, 0, 0, 0, 0, 0, 0, 
[2025-02-03 17:53:19.670901] [0x0000007f5fea89a0] [MocapTag] [0x00005f2f] [3008] , 14.6643, 0, 0, 0, -0, 0, 0, -0, 0, 0, 0, 0, 0, 0, 
[2025-02-03 17:53:19.671880] [0x0000007f5fea89a0] [MocapTag] [0x00005f2f] [3009] , 14.6643, 0, 0, 0, -0, 0, 0, -0, 0, 0, 0, 0, 0, 0, 
[2025-02-03 17:53:19.674279] [0x0000007f5fea89a0] [MocapTag] [0x00005f2f] [3010] , 14.6643, 0, 0, 0, -0, 0, 0, -0, 0, 0, 0, 0, 0, 0, 
[2025-02-03 17:53:19.676764] [0x0000007f5fea89a0] [MocapTag] [0x00005f2f] [3011] , 14.6743, 0, 0, 0, -0, 0, 0, -0, 0, 0, 0, 0, 0, 0, 
[2025-02-03 17:53:19.679700] [0x0000007f5fea89a0] [MocapTag] [0x00005f2f] [3013] , 14.6743, 0, 0, 0, -0, 0, 0, -0, 0, 0, 0, 0, 0, 0, 
[2025-02-03 17:53:19.682934] [0x0000007f5fea89a0] [MocapTag] [0x00005f2f] [3014] , 14.6743, 0, 0, 0, -0, 0, 0, -0, 0, 0, 0, 0, 0, 0, 
[2025-02-03 17:53:19.685694] [0x0000007f5fea89a0] [MocapTag] [0x00005f2f] [3015] , 14.6843, 0, 0, 0, -0, 0, 0, -0, 0, 0, 0, 0, 0, 0, 
[2025-02-03 17:53:19.688068] [0x0000007f5fea89a0] [MocapTag] [0x00005f2f] [3016] , 14.6843, 0, 0, 0, -0, 0, 0, -0, 0, 0, 0, 0, 0, 0, 
[2025-02-03 17:53:19.690600] [0x0000007f5fea89a0] [MocapTag] [0x00005f2f] [3018] , 14.6843, 0, 0, 0, -0, 0, 0, -0, 0, 0, 0, 0, 0, 0, 
[2025-02-03 17:53:19.692956] [0x0000007f5fea89a0] [MocapTag] [0x00005f2f] [3019] , 14.6843, 0, 0, 0, -0, 0, 0, -0, 0, 0, 0, 0, 0, 0, 
[2025-02-03 17:53:19.698045] [0x0000007f5fea89a0] [MocapTag] [0x00005f2f] [3020] , 14.6943, 0, 0, 0, -0, 0, 0, -0, 0, 0, 0, 0, 0, 0, 
[2025-02-03 17:53:19.701792] [0x0000007f5fea89a0] [MocapTag] [0x00005f2f] [3022] , 14.6943, 0, 0, 0, -0, 0, 0, -0, 0, 0, 0, 0, 0, 0, 
[2025-02-03 17:53:19.702631] [0x0000007f5fea89a0] [MocapTag] [0x00005f2f] [3023] , 14.6943, 0, 0, 0, -0, 0, 0, -0, 0, 0, 0, 0, 0, 0, 
[2025-02-03 17:53:19.705138] [0x0000007f5fea89a0] [MocapTag] [0x00005f2f] [3024] , 14.7043, 0, 0, 0, -0, 0, 0, -0, 0, 0, 0, 0, 0, 0, 
[2025-02-03 17:53:19.707698] [0x0000007f5fea89a0] [MocapTag] [0x00005f2f] [3025] , 14.7043, 0, 0, 0, -0, 0, 0, -0, 0, 0, 0, 0, 0, 0, 
[2025-02-03 17:53:19.712490] [0x0000007f5fea89a0] [MocapTag] [0x00005f2f] [3027] , 14.7043, 0, 0, 0, -0, 0, 0, -0, 0, 0, 0, 0, 0, 0, 
[2025-02-03 17:53:19.714556] [0x0000007f5fea89a0] [MocapTag] [0x00005f2f] [3028] , 14.7043, 2.6342, 0.971366, -0.699611, -0.791423, 0.557162, -0.182554, -0.172902, 0, 0, 0, 0, 0, 0, 
[2025-02-03 17:53:19.717360] [0x0000007f5fea89a0] [MocapTag] [0x00005f2f] [3029] , 14.7143, 2.6342, 0.971366, -0.699611, -0.791423, 0.557162, -0.182554, -0.172902, -1.10579, 12.8308, 7.68785, 189.014, -9.64356, -49.9889, 
[2025-02-03 17:53:19.719782] [0x0000007f5fea89a0] [MocapTag] [0x00005f2f] [3031] , 14.7143, 2.6342, 0.971366, -0.699611, -0.791423, 0.557162, -0.182554, -0.172902, 0, 0, 0, 0, 0, 0, 
[2025-02-03 17:53:19.724078] [0x0000007f5fea89a0] [MocapTag] [0x00005f2f] [3032] , 14.7143, 2.61688, 0.996233, -0.680157, -0.795683, 0.54935, -0.218812, -0.131242, 0, 0, 0, 0, 0, 0, 
[2025-02-03 17:53:19.725116] [0x0000007f5fea89a0] [MocapTag] [0x00005f2f] [3033] , 14.7243, 2.61688, 0.996233, -0.680157, -0.795683, 0.54935, -0.218812, -0.131242, -1.73278, 2.48673, 1.94537, -0.717235, -10.9021, 2.3116, 
[2025-02-03 17:53:19.735250] [0x0000007f5fea89a0] [MocapTag] [0x00005f2f] [3035] , 14.7343, 2.61688, 0.996233, -0.680157, -0.795683, 0.54935, -0.218812, -0.131242, 0, 0, 0, 0, 0, 0, 
[2025-02-03 17:53:19.735929] [0x0000007f5fea89a0] [MocapTag] [0x00005f2f] [3036] , 14.7343, 2.61688, 0.996233, -0.680157, -0.795683, 0.54935, -0.218812, -0.131242, 0, 0, 0, 0, 0, 0, 
[2025-02-03 17:53:19.736545] [0x0000007f5fea89a0] [MocapTag] [0x00005f2f] [3037] , 14.7343, 2.62002, 1.01625, -0.669043, -0.789216, 0.504539, -0.338507, -0.0893975, 0, 0, 0, 0, 0, 0, 
[2025-02-03 17:53:19.737113] [0x0000007f5fea89a0] [MocapTag] [0x00005f2f] [3038] , 14.7343, 2.62002, 1.01625, -0.669043, -0.789216, 0.504539, -0.338507, -0.0893975, 0.31449, 2.00204, 1.11147, -1.57628, -25.4714, -9.21531, 
[2025-02-03 17:53:19.739261] [0x0000007f5fea89a0] [MocapTag] [0x00005f2f] [3040] , 14.7343, 2.62002, 1.01625, -0.669043, -0.789216, 0.504539, -0.338507, -0.0893975, 0, 0, 0, 0, 0, 0, 
[2025-02-03 17:53:19.741741] [0x0000007f5fea89a0] [MocapTag] [0x00005f2f] [3041] , 14.7343, 2.62002, 1.01625, -0.669043, -0.789216, 0.504539, -0.338507, -0.0893975, 0, 0, 0, 0, 0, 0, 
[2025-02-03 17:53:19.744917] [0x0000007f5fea89a0] [MocapTag] [0x00005f2f] [3042] , 14.7443, 2.60909, 1.03582, -0.654419, -0.783308, 0.458706, -0.417207, -0.0442153, 0, 0, 0, 0, 0, 0, 
[2025-02-03 17:53:19.747804] [0x0000007f5fea89a0] [MocapTag] [0x00005f2f] [3043] , 14.7443, 2.60909, 1.03582, -0.654419, -0.783308, 0.458706, -0.417207, -0.0442153, -1.09273, 1.95624, 1.4624, 0.0378966, -19.9732, -4.01849, 
[2025-02-03 17:53:19.750224] [0x0000007f5fea89a0] [MocapTag] [0x00005f2f] [3045] , 14.7443, 2.60909, 1.03582, -0.654419, -0.783308, 0.458706, -0.417207, -0.0442153, 0, 0, 0, 0, 0, 0, 
[2025-02-03 17:53:19.752903] [0x0000007f5fea89a0] [MocapTag] [0x00005f2f] [3046] , 14.7443, 2.58913, 1.0508, -0.646719, -0.793962, 0.42509, -0.432541, -0.0427923, 0, 0, 0, 0, 0, 0, 
[2025-02-03 17:53:19.755627] [0x0000007f5fea89a0] [MocapTag] [0x00005f2f] [3047] , 14.7543, 2.58913, 1.0508, -0.646719, -0.793962, 0.42509, -0.432541, -0.0427923, -1.99648, 1.49824, 0.770015, 5.87753, -4.8289, -0.181067, 
[2025-02-03 17:53:19.760322] [0x0000007f5fea89a0] [MocapTag] [0x00005f2f] [3049] , 14.7543, 2.58913, 1.0508, -0.646719, -0.793962, 0.42509, -0.432541, -0.0427923, 0, 0, 0, 0, 0, 0, 
[2025-02-03 17:53:19.762999] [0x0000007f5fea89a0] [MocapTag] [0x00005f2f] [3050] , 14.7543, 2.59416, 1.07145, -0.628449, -0.751794, 0.376455, -0.541342, -0.00602573, 0, 0, 0, 0, 0, 0, 
[2025-02-03 17:53:19.765635] [0x0000007f5fea89a0] [MocapTag] [0x00005f2f] [3051] , 14.7643, 2.59416, 1.07145, -0.628449, -0.751794, 0.376455, -0.541342, -0.00602573, 0.503212, 2.06472, 1.82695, -13.1535, -23.497, -17.7868, 
[2025-02-03 17:53:19.768349] [0x0000007f5fea89a0] [MocapTag] [0x00005f2f] [3052] , 14.7643, 2.59416, 1.07145, -0.628449, -0.751794, 0.376455, -0.541342, -0.00602573, 0, 0, 0, 0, 0, 0, 
[2025-02-03 17:53:19.772370] [0x0000007f5fea89a0] [MocapTag] [0x00005f2f] [3054] , 14.7643, 2.59416, 1.07145, -0.628449, -0.751794, 0.376455, -0.541342, -0.00602573, 0, 0, 0, 0, 0, 0, 
[2025-02-03 17:53:19.773253] [0x0000007f5fea89a0] [MocapTag] [0x00005f2f] [3055] , 14.7643, 2.58398, 1.10157, -0.597662, -0.707108, 0.340787, -0.618635, 0.0339502, 0, 0, 0, 0, 0, 0, 
[2025-02-03 17:53:19.776811] [0x0000007f5fea89a0] [MocapTag] [0x00005f2f] [3056] , 14.7743, 2.58398, 1.10157, -0.597662, -0.707108, 0.340787, -0.618635, 0.0339502, -1.01826, 3.01213, 3.07872, -21.8783, -17.2095, -22.5807, 
[2025-02-03 17:53:19.779410] [0x0000007f5fea89a0] [MocapTag] [0x00005f2f] [3058] , 14.7743, 2.58398, 1.10157, -0.597662, -0.707108, 0.340787, -0.618635, 0.0339502, 0, 0, 0, 0, 0, 0, 
[2025-02-03 17:53:19.782025] [0x0000007f5fea89a0] [MocapTag] [0x00005f2f] [3059] , 14.7743, 2.58398, 1.10157, -0.597662, -0.707108, 0.340787, -0.618635, 0.0339502, 0, 0, 0, 0, 0, 0, 
[2025-02-03 17:53:19.784658] [0x0000007f5fea89a0] [MocapTag] [0x00005f2f] [3060] , 14.7743, 2.5711, 1.11997, -0.58283, -0.700935, 0.298396, -0.646143, 0.0463489, 0, 0, 0, 0, 0, 0, 
[2025-02-03 17:53:19.787498] [0x0000007f5fea89a0] [MocapTag] [0x00005f2f] [3061] , 14.7843, 2.5711, 1.11997, -0.58283, -0.700935, 0.298396, -0.646143, 0.0463489, -1.28771, 1.83999, 1.48318, -4.17337, -8.87122, -9.15978, 
[2025-02-03 17:53:19.789723] [0x0000007f5fea89a0] [MocapTag] [0x00005f2f] [3063] , 14.7843, 2.5711, 1.11997, -0.58283, -0.700935, 0.298396, -0.646143, 0.0463489, 0, 0, 0, 0, 0, 0, 
[2025-02-03 17:53:19.794381] [0x0000007f5fea89a0] [MocapTag] [0x00005f2f] [3064] , 14.7843, 2.58328, 1.14495, -0.564669, 0.571617, -0.225294, 0.782514, -0.100843, 0, 0, 0, 0, 0, 0, 
[2025-02-03 17:53:19.797456] [0x0000007f5fea89a0] [MocapTag] [0x00005f2f] [3065] , 14.7943, 2.58328, 1.14495, -0.564669, 0.571617, -0.225294, 0.782514, -0.100843, 1.21792, 2.49852, 1.81608, -123.755, -1.8762, -126.594, 
[2025-02-03 17:53:19.799388] [0x0000007f5fea89a0] [MocapTag] [0x00005f2f] [3067] , 14.7943, 2.58328, 1.14495, -0.564669, 0.571617, -0.225294, 0.782514, -0.100843, 0, 0, 0, 0, 0, 0, 
[2025-02-03 17:53:19.801910] [0x0000007f5fea89a0] [MocapTag] [0x00005f2f] [3068] , 14.7943, 2.58328, 1.14495, -0.564669, 0.571617, -0.225294, 0.782514, -0.100843, 0, 0, 0, 0, 0, 0, 
[2025-02-03 17:53:19.804300] [0x0000007f5fea89a0] [MocapTag] [0x00005f2f] [3069] , 14.7943, 2.55619, 1.16698, -0.542357, 0.569998, -0.181258, 0.794115, -0.107838, 0, 0, 0, 0, 0, 0, 
[2025-02-03 17:53:19.808610] [0x0000007f5fea89a0] [MocapTag] [0x00005f2f] [3070] , 14.8043, 2.55619, 1.16698, -0.542357, 0.569998, -0.181258, 0.794115, -0.107838, -2.70879, 2.20262, 2.23117, -18.9026, -1.29762, -24.4036, 
[2025-02-03 17:53:19.811108] [0x0000007f5fea89a0] [MocapTag] [0x00005f2f] [3072] , 14.8043, 2.55619, 1.16698, -0.542357, 0.569998, -0.181258, 0.794115, -0.107838, 0, 0, 0, 0, 0, 0, 
[2025-02-03 17:53:19.813737] [0x0000007f5fea89a0] [MocapTag] [0x00005f2f] [3073] , 14.8043, 2.53683, 1.19621, -0.512529, 0.561294, -0.13595, 0.806832, -0.124451, 0, 0, 0, 0, 0, 0, 
[2025-02-03 17:53:19.816430] [0x0000007f5fea89a0] [MocapTag] [0x00005f2f] [3074] , 14.8143, 2.53683, 1.19621, -0.512529, 0.561294, -0.13595, 0.806832, -0.124451, -1.93631, 2.92316, 2.98281, -24.9028, 1.43089, -29.0539, 
[2025-02-03 17:53:19.818920] [0x0000007f5fea89a0] [MocapTag] [0x00005f2f] [3076] , 14.8143, 2.53683, 1.19621, -0.512529, 0.561294, -0.13595, 0.806832, -0.124451, 0, 0, 0, 0, 0, 0, 
[2025-02-03 17:53:19.822378] [0x0000007f5fea89a0] [MocapTag] [0x00005f2f] [3077] , 14.8143, 2.53683, 1.19621, -0.512529, 0.561294, -0.13595, 0.806832, -0.124451, 0, 0, 0, 0, 0, 0, 
[2025-02-03 17:53:19.828589] [0x0000007f5fea89a0] [MocapTag] [0x00005f2f] [3078] , 14.8243, 2.51835, 1.22439, -0.481998, 0.538197, -0.0861915, 0.82646, -0.140993, 0, 0, 0, 0, 0, 0, 
[2025-02-03 17:53:19.832391] [0x0000007f5fea89a0] [MocapTag] [0x00005f2f] [3080] , 14.8243, 2.51835, 1.22439, -0.481998, 0.538197, -0.0861915, 0.82646, -0.140993, -1.84814, 2.81792, 3.05311, -21.1544, 6.86045, 602.54, 
[2025-02-03 17:53:19.833412] [0x0000007f5fea89a0] [MocapTag] [0x00005f2f] [3081] , 14.8243, 2.51835, 1.22439, -0.481998, 0.538197, -0.0861915, 0.82646, -0.140993, 0, 0, 0, 0, 0, 0, 
[2025-02-03 17:53:19.833958] [0x0000007f5fea89a0] [MocapTag] [0x00005f2f] [3082] , 14.8243, 2.49468, 1.25875, -0.446102, 0.542205, -0.0497361, 0.82366, -0.158506, 0, 0, 0, 0, 0, 0, 
[2025-02-03 17:53:19.835386] [0x0000007f5fea89a0] [MocapTag] [0x00005f2f] [3083] , 14.8343, 2.49468, 1.25875, -0.446102, 0.542205, -0.0497361, 0.82366, -0.158506, -2.36629, 3.43581, 3.58964, -16.724, 1.20298, -19.4576, 
[2025-02-03 17:53:19.840412] [0x0000007f5fea89a0] [MocapTag] [0x00005f2f] [3085] , 14.8343, 2.49468, 1.25875, -0.446102, 0.542205, -0.0497361, 0.82366, -0.158506, 0, 0, 0, 0, 0, 0, 
[2025-02-03 17:53:19.842505] [0x0000007f5fea89a0] [MocapTag] [0x00005f2f] [3086] , 14.8343, 2.5048, 1.27191, -0.437989, 0.354421, 0.049661, 0.920504, -0.156815, 0, 0, 0, 0, 0, 0, 
[2025-02-03 17:53:19.845092] [0x0000007f5fea89a0] [MocapTag] [0x00005f2f] [3087] , 14.8443, 2.5048, 1.27191, -0.437989, 0.354421, 0.049661, 0.920504, -0.156815, 1.01164, 1.31678, 0.811271, 8.64713, 45.0271, -4.84209, 
[2025-02-03 17:53:19.848066] [0x0000007f5fea89a0] [MocapTag] [0x00005f2f] [3088] , 14.8443, 2.5048, 1.27191, -0.437989, 0.354421, 0.049661, 0.920504, -0.156815, 0, 0, 0, 0, 0, 0, 
[2025-02-03 17:53:19.851120] [0x0000007f5fea89a0] [MocapTag] [0x00005f2f] [3090] , 14.8443, 2.5048, 1.27191, -0.437989, 0.354421, 0.049661, 0.920504, -0.156815, 0, 0, 0, 0, 0, 0, 
[2025-02-03 17:53:19.855584] [0x0000007f5fea89a0] [MocapTag] [0x00005f2f] [3091] , 14.8543, 2.49731, 1.30063, -0.407025, 0.277824, 0.0936095, 0.941963, -0.163573, 0, 0, 0, 0, 0, 0, 
[2025-02-03 17:53:19.858347] [0x0000007f5fea89a0] [MocapTag] [0x00005f2f] [3092] , 14.8543, 2.49731, 1.30063, -0.407025, 0.277824, 0.0936095, 0.941963, -0.163573, -0.749152, 2.87129, 3.09645, 0.684747, 17.5215, -4.62651, 
[2025-02-03 17:53:19.862504] [0x0000007f5fea89a0] [MocapTag] [0x00005f2f] [3094] , 14.8543, 2.49731, 1.30063, -0.407025, 0.277824, 0.0936095, 0.941963, -0.163573, 0, 0, 0, 0, 0, 0, 
[2025-02-03 17:53:19.863376] [0x0000007f5fea89a0] [MocapTag] [0x00005f2f] [3095] , 14.8543, 2.47447, 1.32509, -0.381768, 0.258603, 0.118807, 0.94729, -0.147145, 0, 0, 0, 0, 0, 0, 
[2025-02-03 17:53:19.866676] [0x0000007f5fea89a0] [MocapTag] [0x00005f2f] [3096] , 14.8643, 2.47447, 1.32509, -0.381768, 0.258603, 0.118807, 0.94729, -0.147145, -2.28365, 2.44612, 2.52571, 3.47273, 4.29271, -3.28689, 
[2025-02-03 17:53:19.868557] [0x0000007f5fea89a0] [MocapTag] [0x00005f2f] [3097] , 14.8643, 2.47447, 1.32509, -0.381768, 0.258603, 0.118807, 0.94729, -0.147145, 0, 0, 0, 0, 0, 0, 
[2025-02-03 17:53:19.872506] [0x0000007f5fea89a0] [MocapTag] [0x00005f2f] [3099] , 14.8643, 2.47447, 1.32509, -0.381768, 0.258603, 0.118807, 0.94729, -0.147145, 0, 0, 0, 0, 0, 0, 
[2025-02-03 17:53:19.874825] [0x0000007f5fea89a0] [MocapTag] [0x00005f2f] [3100] , 14.8743, 2.35588, 1.28488, -0.407292, 0.155907, 0.219239, 0.953394, -0.136628, 0, 0, 0, 0, 0, 0, 
[2025-02-03 17:53:19.877595] [0x0000007f5fea89a0] [MocapTag] [0x00005f2f] [3101] , 14.8743, 2.35588, 1.28488, -0.407292, 0.155907, 0.219239, 0.953394, -0.136628, -11.8588, -4.02089, -2.55249, 4.66404, 23.2689, -14.902, 
[2025-02-03 17:53:19.880101] [0x0000007f5fea89a0] [MocapTag] [0x00005f2f] [3103] , 14.8743, 2.35588, 1.28488, -0.407292, 0.155907, 0.219239, 0.953394, -0.136628, 0, 0, 0, 0, 0, 0, 
[2025-02-03 17:53:19.882687] [0x0000007f5fea89a0] [MocapTag] [0x00005f2f] [3104] , 14.8743, 2.47176, 1.38494, -0.310615, 0.100546, 0.251294, 0.953556, -0.132189, 0, 0, 0, 0, 0, 0, 
[2025-02-03 17:53:19.885544] [0x0000007f5fea89a0] [MocapTag] [0x00005f2f] [3105] , 14.8843, 2.47176, 1.38494, -0.310615, 0.100546, 0.251294, 0.953556, -0.132189, 11.5871, 10.0062, 9.66778, 3.54085, 11.4016, -4.09517, 
[2025-02-03 17:53:19.888456] [0x0000007f5fea89a0] [MocapTag] [0x00005f2f] [3106] , 14.8843, 2.47176, 1.38494, -0.310615, 0.100546, 0.251294, 0.953556, -0.132189, 0, 0, 0, 0, 0, 0, 
[2025-02-03 17:53:19.890920] [0x0000007f5fea89a0] [MocapTag] [0x00005f2f] [3108] , 14.8843, 2.47176, 1.38494, -0.310615, 0.100546, 0.251294, 0.953556, -0.132189, 0, 0, 0, 0, 0, 0, 
[2025-02-03 17:53:19.893332] [0x0000007f5fea89a0] [MocapTag] [0x00005f2f] [3109] , 14.8843, 0, 0, 0, -0, 0, 0, -0, 0, 0, 0, 0, 0, 0, 
[2025-02-03 17:53:19.896042] [0x0000007f5fea89a0] [MocapTag] [0x00005f2f] [3110] , 14.8943, 0, 0, 0, -0, 0, 0, -0, 0, 0, 0, 30.9977, 12.5645, -260.659, 
[2025-02-03 17:53:19.899149] [0x0000007f5fea89a0] [MocapTag] [0x00005f2f] [3112] , 14.8943, 0, 0, 0, -0, 0, 0, -0, 0, 0, 0, 0, 0, 0, 
[2025-02-03 17:53:19.903103] [0x0000007f5fea89a0] [MocapTag] [0x00005f2f] [3113] , 14.8943, 0, 0, 0, -0, 0, 0, -0, 0, 0, 0, 0, 0, 0, 
[2025-02-03 17:53:19.905500] [0x0000007f5fea89a0] [MocapTag] [0x00005f2f] [3114] , 14.9043, 2.4612, 1.44047, -0.244342, -0.0643031, 0.348189, 0.928567, -0.111322, 0, 0, 0, 0, 0, 0, 
[2025-02-03 17:53:19.908964] [0x0000007f5fea89a0] [MocapTag] [0x00005f2f] [3116] , 14.9043, 2.4612, 1.44047, -0.244342, -0.0643031, 0.348189, 0.928567, -0.111322, -1.05585, 5.55256, 6.62728, -16.5957, 19.8238, 244.064, 
[2025-02-03 17:53:19.910847] [0x0000007f5fea89a0] [MocapTag] [0x00005f2f] [3117] , 14.9043, 2.4612, 1.44047, -0.244342, -0.0643031, 0.348189, 0.928567, -0.111322, 0, 0, 0, 0, 0, 0, 
[2025-02-03 17:53:19.913074] [0x0000007f5fea89a0] [MocapTag] [0x00005f2f] [3118] , 14.9043, 2.44953, 1.46781, -0.2113, -0.142192, 0.387554, 0.905982, -0.093698, 0, 0, 0, 0, 0, 0, 
[2025-02-03 17:53:19.917497] [0x0000007f5fea89a0] [MocapTag] [0x00005f2f] [3119] , 14.9143, 2.44953, 1.46781, -0.2113, -0.142192, 0.387554, 0.905982, -0.093698, -1.16691, 2.73472, 3.30414, 10.2811, 13.8354, -9.67433, 
[2025-02-03 17:53:19.922070] [0x0000007f5fea89a0] [MocapTag] [0x00005f2f] [3121] , 14.9143, 2.44953, 1.46781, -0.2113, -0.142192, 0.387554, 0.905982, -0.093698, 0, 0, 0, 0, 0, 0, 
[2025-02-03 17:53:19.923025] [0x0000007f5fea89a0] [MocapTag] [0x00005f2f] [3122] , 14.9143, 0, 0, 0, -0, 0, 0, -0, 0, 0, 0, 0, 0, 0, 
[2025-02-03 17:53:19.924707] [0x0000007f5fea89a0] [MocapTag] [0x00005f2f] [3123] , 14.9243, 0, 0, 0, -0, 0, 0, -0, 0, 0, 0, 6.31467, -33.6592, -234.389, 
[2025-02-03 17:53:19.928820] [0x0000007f5fea89a0] [MocapTag] [0x00005f2f] [3124] , 14.9243, 0, 0, 0, -0, 0, 0, -0, 0, 0, 0, 0, 0, 0, 
[2025-02-03 17:53:19.930332] [0x0000007f5fea89a0] [MocapTag] [0x00005f2f] [3126] , 14.9243, 0, 0, 0, -0, 0, 0, -0, 0, 0, 0, 0, 0, 0, 
[2025-02-03 17:53:19.933905] [0x0000007f5fea89a0] [MocapTag] [0x00005f2f] [3127] , 14.9243, 0, 0, 0, -0, 0, 0, -0, 0, 0, 0, 0, 0, 0, 
[2025-02-03 17:53:19.936444] [0x0000007f5fea89a0] [MocapTag] [0x00005f2f] [3128] , 14.9343, 0, 0, 0, -0, 0, 0, -0, 0, 0, 0, 0, 0, 0, 
[2025-02-03 17:53:19.938861] [0x0000007f5fea89a0] [MocapTag] [0x00005f2f] [3130] , 14.9343, 0, 0, 0, -0, 0, 0, -0, 0, 0, 0, 0, 0, 0, 
[2025-02-03 17:53:19.941328] [0x0000007f5fea89a0] [MocapTag] [0x00005f2f] [3131] , 14.9343, 0, 0, 0, -0, 0, 0, -0, 0, 0, 0, 0, 0, 0, 
[2025-02-03 17:53:19.943986] [0x0000007f5fea89a0] [MocapTag] [0x00005f2f] [3132] , 14.9343, 2.4443, 1.54173, -0.104292, -0.30572, 0.473393, 0.826091, 0.00285753, 0, 0, 0, 0, 0, 0, 
[2025-02-03 17:53:19.946682] [0x0000007f5fea89a0] [MocapTag] [0x00005f2f] [3133] , 14.9443, 2.4443, 1.54173, -0.104292, -0.30572, 0.473393, 0.826091, 0.00285753, -0.522268, 7.39197, 10.7008, 34.7159, 52.6372, 200.644, 
[2025-02-03 17:53:19.950448] [0x0000007f5fea89a0] [MocapTag] [0x00005f2f] [3135] , 14.9443, 2.4443, 1.54173, -0.104292, -0.30572, 0.473393, 0.826091, 0.00285753, 0, 0, 0, 0, 0, 0, 
[2025-02-03 17:53:19.952673] [0x0000007f5fea89a0] [MocapTag] [0x00005f2f] [3136] , 14.9443, 2.45025, 1.54398, -0.0653365, -0.416867, 0.457014, 0.781996, 0.0764386, 0, 0, 0, 0, 0, 0, 
[2025-02-03 17:53:19.955501] [0x0000007f5fea89a0] [MocapTag] [0x00005f2f] [3137] , 14.9543, 2.45025, 1.54398, -0.0653365, -0.416867, 0.457014, 0.781996, 0.0764386, 0.594712, 0.22434, 3.89559, 31.603, 9.49484, -14.2804, 
[2025-02-03 17:53:19.957957] [0x0000007f5fea89a0] [MocapTag] [0x00005f2f] [3138] , 14.9543, 2.45025, 1.54398, -0.0653365, -0.416867, 0.457014, 0.781996, 0.0764386, 0, 0, 0, 0, 0, 0, 
[2025-02-03 17:53:19.961217] [0x0000007f5fea89a0] [MocapTag] [0x00005f2f] [3140] , 14.9543, 2.45025, 1.54398, -0.0653365, -0.416867, 0.457014, 0.781996, 0.0764386, 0, 0, 0, 0, 0, 0, 
[2025-02-03 17:53:19.963354] [0x0000007f5fea89a0] [MocapTag] [0x00005f2f] [3141] , 14.9543, 2.44812, 1.55686, -0.0513876, -0.444307, 0.433911, 0.772398, 0.133095, 0, 0, 0, 0, 0, 0, 
[2025-02-03 17:53:19.968341] [0x0000007f5fea89a0] [MocapTag] [0x00005f2f] [3142] , 14.9643, 2.44812, 1.55686, -0.0513876, -0.444307, 0.433911, 0.772398, 0.133095, -0.21342, 1.28816, 1.39488, 14.0666, -1.37661, -1.06519, 
[2025-02-03 17:53:19.972366] [0x0000007f5fea89a0] [MocapTag] [0x00005f2f] [3144] , 14.9643, 2.44812, 1.55686, -0.0513876, -0.444307, 0.433911, 0.772398, 0.133095, 0, 0, 0, 0, 0, 0, 
[2025-02-03 17:53:19.973378] [0x0000007f5fea89a0] [MocapTag] [0x00005f2f] [3145] , 14.9643, 0, 0, 0, -0, 0, 0, -0, 0, 0, 0, 0, 0, 0, 
[2025-02-03 17:53:19.977207] [0x0000007f5fea89a0] [MocapTag] [0x00005f2f] [3146] , 14.9743, 0, 0, 0, -0, 0, 0, -0, 0, 0, 0, -80.3855, -60.7554, -185.298, 
[2025-02-03 17:53:19.978611] [0x0000007f5fea89a0] [MocapTag] [0x00005f2f] [3147] , 14.9743, 0, 0, 0, -0, 0, 0, -0, 0, 0, 0, 0, 0, 0, 
[2025-02-03 17:53:19.982728] [0x0000007f5fea89a0] [MocapTag] [0x00005f2f] [3149] , 14.9743, 0, 0, 0, -0, 0, 0, -0, 0, 0, 0, 0, 0, 0, 
[2025-02-03 17:53:19.987665] [0x0000007f5fea89a0] [MocapTag] [0x00005f2f] [3150] , 14.9843, 0, 0, 0, -0, 0, 0, -0, 0, 0, 0, 0, 0, 0, 
[2025-02-03 17:53:19.988259] [0x0000007f5fea89a0] [MocapTag] [0x00005f2f] [3151] , 14.9843, 0, 0, 0, -0, 0, 0, -0, 0, 0, 0, 0, 0, 0, 
[2025-02-03 17:53:19.990349] [0x0000007f5fea89a0] [MocapTag] [0x00005f2f] [3153] , 14.9843, 0, 0, 0, -0, 0, 0, -0, 0, 0, 0, 0, 0, 0, 
[2025-02-03 17:53:19.994859] [0x0000007f5fea89a0] [MocapTag] [0x00005f2f] [3154] , 14.9943, 0, 0, 0, -0, 0, 0, -0, 0, 0, 0, 0, 0, 0, 
[2025-02-03 17:53:19.997286] [0x0000007f5fea89a0] [MocapTag] [0x00005f2f] [3155] , 14.9943, 0, 0, 0, -0, 0, 0, -0, 0, 0, 0, 0, 0, 0, 
[2025-02-03 17:53:19.999559] [0x0000007f5fea89a0] [MocapTag] [0x00005f2f] [3157] , 14.9943, 0, 0, 0, -0, 0, 0, -0, 0, 0, 0, 0, 0, 0, 
[2025-02-03 17:53:20.002132] [0x0000007f5fea89a0] [MocapTag] [0x00005f2f] [3158] , 14.9943, 0, 0, 0, -0, 0, 0, -0, 0, 0, 0, 0, 0, 0, 
[2025-02-03 17:53:20.005174] [0x0000007f5fea89a0] [MocapTag] [0x00005f2f] [3159] , 15.0043, 0, 0, 0, -0, 0, 0, -0, 0, 0, 0, 0, 0, 0, 
[2025-02-03 17:53:20.007311] [0x0000007f5fea89a0] [MocapTag] [0x00005f2f] [3160] , 15.0043, 0, 0, 0, -0, 0, 0, -0, 0, 0, 0, 0, 0, 0, 
[2025-02-03 17:53:20.009403] [0x0000007f5fea89a0] [MocapTag] [0x00005f2f] [3162] , 15.0043, 0, 0, 0, -0, 0, 0, -0, 0, 0, 0, 0, 0, 0, 
[2025-02-03 17:53:20.014614] [0x0000007f5fea89a0] [MocapTag] [0x00005f2f] [3163] , 15.0043, 0, 0, 0, -0, 0, 0, -0, 0, 0, 0, 0, 0, 0, 
[2025-02-03 17:53:20.016288] [0x0000007f5fea89a0] [MocapTag] [0x00005f2f] [3164] , 15.0143, 0, 0, 0, -0, 0, 0, -0, 0, 0, 0, 0, 0, 0, 
[2025-02-03 17:53:20.020732] [0x0000007f5fea89a0] [MocapTag] [0x00005f2f] [3166] , 15.0143, 0, 0, 0, -0, 0, 0, -0, 0, 0, 0, 0, 0, 0, 
[2025-02-03 17:53:20.021279] [0x0000007f5fea89a0] [MocapTag] [0x00005f2f] [3167] , 15.0143, 0, 0, 0, -0, 0, 0, -0, 0, 0, 0, 0, 0, 0, 
[2025-02-03 17:53:20.023767] [0x0000007f5fea89a0] [MocapTag] [0x00005f2f] [3168] , 15.0143, 0, 0, 0, -0, 0, 0, -0, 0, 0, 0, 0, 0, 0, 
[2025-02-03 17:53:20.026410] [0x0000007f5fea89a0] [MocapTag] [0x00005f2f] [3169] , 15.0243, 0, 0, 0, -0, 0, 0, -0, 0, 0, 0, 0, 0, 0, 
[2025-02-03 17:53:20.030623] [0x0000007f5fea89a0] [MocapTag] [0x00005f2f] [3171] , 15.0243, 0, 0, 0, -0, 0, 0, -0, 0, 0, 0, 0, 0, 0, 
[2025-02-03 17:53:20.032602] [0x0000007f5fea89a0] [MocapTag] [0x00005f2f] [3172] , 15.0243, 2.47799, 1.65074, -0.127485, -0.575353, 0.263621, 0.620442, 0.463169, 0, 0, 0, 0, 0, 0, 
[2025-02-03 17:53:20.035468] [0x0000007f5fea89a0] [MocapTag] [0x00005f2f] [3173] , 15.0343, 2.47799, 1.65074, -0.127485, -0.575353, 0.263621, 0.620442, 0.463169, 2.98717, 9.38855, -7.60977, 167.419, 48.9, 179.811, 
[2025-02-03 17:53:20.038049] [0x0000007f5fea89a0] [MocapTag] [0x00005f2f] [3174] , 15.0343, 2.47799, 1.65074, -0.127485, -0.575353, 0.263621, 0.620442, 0.463169, 0, 0, 0, 0, 0, 0, 
[2025-02-03 17:53:20.040887] [0x0000007f5fea89a0] [MocapTag] [0x00005f2f] [3176] , 15.0343, 2.47799, 1.65074, -0.127485, -0.575353, 0.263621, 0.620442, 0.463169, 0, 0, 0, 0, 0, 0, 
[2025-02-03 17:53:20.045751] [0x0000007f5fea89a0] [MocapTag] [0x00005f2f] [3177] , 15.0443, 2.48151, 1.67047, -0.154573, -0.555603, 0.277608, 0.634479, 0.460081, 0, 0, 0, 0, 0, 0, 
[2025-02-03 17:53:20.050089] [0x0000007f5fea89a0] [MocapTag] [0x00005f2f] [3179] , 15.0443, 2.48151, 1.67047, -0.154573, -0.555603, 0.277608, 0.634479, 0.460081, 0.352001, 1.97228, -2.70879, -5.77672, -2.26903, 3.13504, 
[2025-02-03 17:53:20.050659] [0x0000007f5fea89a0] [MocapTag] [0x00005f2f] [3180] , 15.0443, 2.48151, 1.67047, -0.154573, -0.555603, 0.277608, 0.634479, 0.460081, 0, 0, 0, 0, 0, 0, 
[2025-02-03 17:53:20.053064] [0x0000007f5fea89a0] [MocapTag] [0x00005f2f] [3181] , 15.0443, 0, 0, 0, -0, 0, 0, -0, 0, 0, 0, 0, 0, 0, 
[2025-02-03 17:53:20.055934] [0x0000007f5fea89a0] [MocapTag] [0x00005f2f] [3182] , 15.0543, 0, 0, 0, -0, 0, 0, -0, 0, 0, 0, -161.642, -46.631, -182.946, 
[2025-02-03 17:53:20.058162] [0x0000007f5fea89a0] [MocapTag] [0x00005f2f] [3183] , 15.0543, 0, 0, 0, -0, 0, 0, -0, 0, 0, 0, 0, 0, 0, 
[2025-02-03 17:53:20.062138] [0x0000007f5fea89a0] [MocapTag] [0x00005f2f] [3185] , 15.0543, 0, 0, 0, -0, 0, 0, -0, 0, 0, 0, 0, 0, 0, 
[2025-02-03 17:53:20.065162] [0x0000007f5fea89a0] [MocapTag] [0x00005f2f] [3186] , 15.0643, 0, 0, 0, -0, 0, 0, -0, 0, 0, 0, 0, 0, 0, 
[2025-02-03 17:53:20.067155] [0x0000007f5fea89a0] [MocapTag] [0x00005f2f] [3187] , 15.0643, 0, 0, 0, -0, 0, 0, -0, 0, 0, 0, 0, 0, 0, 
[2025-02-03 17:53:20.069513] [0x0000007f5fea89a0] [MocapTag] [0x00005f2f] [3189] , 15.0643, 0, 0, 0, -0, 0, 0, -0, 0, 0, 0, 0, 0, 0, 
[2025-02-03 17:53:20.072207] [0x0000007f5fea89a0] [MocapTag] [0x00005f2f] [3190] , 15.0643, 2.45569, 1.67694, -0.188214, -0.412619, 0.274802, 0.669782, 0.552831, 0, 0, 0, 0, 0, 0, 
[2025-02-03 17:53:20.075618] [0x0000007f5fea89a0] [MocapTag] [0x00005f2f] [3191] , 15.0743, 2.45569, 1.67694, -0.188214, -0.412619, 0.274802, 0.669782, 0.552831, -2.58235, 0.646892, -3.36406, 152.096, 25.1534, 212.349, 
[2025-02-03 17:53:20.079563] [0x0000007f5fea89a0] [MocapTag] [0x00005f2f] [3193] , 15.0743, 2.45569, 1.67694, -0.188214, -0.412619, 0.274802, 0.669782, 0.552831, 0, 0, 0, 0, 0, 0, 
[2025-02-03 17:53:20.080701] [0x0000007f5fea89a0] [MocapTag] [0x00005f2f] [3194] , 15.0743, 2.45569, 1.67694, -0.188214, -0.412619, 0.274802, 0.669782, 0.552831, 0, 0, 0, 0, 0, 0, 
[2025-02-03 17:53:20.083084] [0x0000007f5fea89a0] [MocapTag] [0x00005f2f] [3195] , 15.0743, 2.46096, 1.70019, -0.206702, -0.416919, 0.261296, 0.680499, 0.542976, 0, 0, 0, 0, 0, 0, 
[2025-02-03 17:53:20.085857] [0x0000007f5fea89a0] [MocapTag] [0x00005f2f] [3196] , 15.0843, 2.46096, 1.70019, -0.206702, -0.416919, 0.261296, 0.680499, 0.542976, 0.527843, 2.32489, -1.84886, -1.56076, 3.60861, 1.52555, 
[2025-02-03 17:53:20.088336] [0x0000007f5fea89a0] [MocapTag] [0x00005f2f] [3197] , 15.0843, 2.46096, 1.70019, -0.206702, -0.416919, 0.261296, 0.680499, 0.542976, 0, 0, 0, 0, 0, 0, 
[2025-02-03 17:53:20.090893] [0x0000007f5fea89a0] [MocapTag] [0x00005f2f] [3199] , 15.0843, 2.46096, 1.70019, -0.206702, -0.416919, 0.261296, 0.680499, 0.542976, 0, 0, 0, 0, 0, 0, 
[2025-02-03 17:53:20.093938] [0x0000007f5fea89a0] [MocapTag] [0x00005f2f] [3200] , 15.0843, 2.45946, 1.71271, -0.223851, -0.39843, 0.259458, 0.679677, 0.558547, 0, 0, 0, 0, 0, 0, 
[2025-02-03 17:53:20.097755] [0x0000007f5fea89a0] [MocapTag] [0x00005f2f] [3201] , 15.0944, 2.45946, 1.71271, -0.223851, -0.39843, 0.259458, 0.679677, 0.558547, -0.150301, 1.25211, -1.71482, 0.489914, -3.31145, 3.38275, 
[2025-02-03 17:53:20.099108] [0x0000007f5fea89a0] [MocapTag] [0x00005f2f] [3203] , 15.0944, 2.45946, 1.71271, -0.223851, -0.39843, 0.259458, 0.679677, 0.558547, 0, 0, 0, 0, 0, 0, 
[2025-02-03 17:53:20.101792] [0x0000007f5fea89a0] [MocapTag] [0x00005f2f] [3204] , 15.0944, 2.45946, 1.71271, -0.223851, -0.39843, 0.259458, 0.679677, 0.558547, 0, 0, 0, 0, 0, 0, 
[2025-02-03 17:53:20.104200] [0x0000007f5fea89a0] [MocapTag] [0x00005f2f] [3205] , 15.0944, 2.45936, 1.7242, -0.240944, -0.388251, 0.252098, 0.675634, 0.573783, 0, 0, 0, 0, 0, 0, 
[2025-02-03 17:53:20.107082] [0x0000007f5fea89a0] [MocapTag] [0x00005f2f] [3206] , 15.1043, 2.45936, 1.7242, -0.240944, -0.388251, 0.252098, 0.675634, 0.573783, -0.0101671, 1.14946, -1.70931, 1.93052, -1.69465, 2.67205, 
[2025-02-03 17:53:20.111485] [0x0000007f5fea89a0] [MocapTag] [0x00005f2f] [3208] , 15.1043, 2.45936, 1.7242, -0.240944, -0.388251, 0.252098, 0.675634, 0.573783, 0, 0, 0, 0, 0, 0, 
[2025-02-03 17:53:20.115815] [0x0000007f5fea89a0] [MocapTag] [0x00005f2f] [3209] , 15.1143, 2.45952, 1.73245, -0.264532, -0.389337, 0.240701, 0.664157, 0.591079, 0, 0, 0, 0, 0, 0, 
[2025-02-03 17:53:20.116959] [0x0000007f5fea89a0] [MocapTag] [0x00005f2f] [3210] , 15.1143, 2.45952, 1.73245, -0.264532, -0.389337, 0.240701, 0.664157, 0.591079, 0.0164952, 0.825126, -2.35884, 4.32094, -0.279416, 1.1692, 
[2025-02-03 17:53:20.119710] [0x0000007f5fea89a0] [MocapTag] [0x00005f2f] [3212] , 15.1143, 2.45952, 1.73245, -0.264532, -0.389337, 0.240701, 0.664157, 0.591079, 0, 0, 0, 0, 0, 0, 
[2025-02-03 17:53:20.122173] [0x0000007f5fea89a0] [MocapTag] [0x00005f2f] [3213] , 15.1143, 2.46432, 1.74543, -0.28265, -0.383322, 0.23837, 0.663126, 0.597083, 0, 0, 0, 0, 0, 0, 
[2025-02-03 17:53:20.125764] [0x0000007f5fea89a0] [MocapTag] [0x00005f2f] [3214] , 15.1243, 2.46432, 1.74543, -0.28265, -0.383322, 0.23837, 0.663126, 0.597083, 0.479592, 1.29804, -1.81178, 0.509727, -0.912707, 1.32234, 
[2025-02-03 17:53:20.128180] [0x0000007f5fea89a0] [MocapTag] [0x00005f2f] [3215] , 15.1243, 2.46432, 1.74543, -0.28265, -0.383322, 0.23837, 0.663126, 0.597083, 0, 0, 0, 0, 0, 0, 
[2025-02-03 17:53:20.131138] [0x0000007f5fea89a0] [MocapTag] [0x00005f2f] [3217] , 15.1243, 2.46432, 1.74543, -0.28265, -0.383322, 0.23837, 0.663126, 0.597083, 0, 0, 0, 0, 0, 0, 
[2025-02-03 17:53:20.133336] [0x0000007f5fea89a0] [MocapTag] [0x00005f2f] [3218] , 15.1243, 2.46384, 1.75582, -0.297919, -0.376245, 0.223374, 0.663408, 0.606987, 0, 0, 0, 0, 0, 0, 
[2025-02-03 17:53:20.136291] [0x0000007f5fea89a0] [MocapTag] [0x00005f2f] [3219] , 15.1343, 2.46384, 1.75582, -0.297919, -0.376245, 0.223374, 0.663408, 0.606987, -0.0484539, 1.03879, -1.52687, 1.34617, 0.442299, 3.30284, 
[2025-02-03 17:53:20.138845] [0x0000007f5fea89a0] [MocapTag] [0x00005f2f] [3221] , 15.1343, 2.46384, 1.75582, -0.297919, -0.376245, 0.223374, 0.663408, 0.606987, 0, 0, 0, 0, 0, 0, 
[2025-02-03 17:53:20.141745] [0x0000007f5fea89a0] [MocapTag] [0x00005f2f] [3222] , 15.1343, 2.46384, 1.75582, -0.297919, -0.376245, 0.223374, 0.663408, 0.606987, 0, 0, 0, 0, 0, 0, 
[2025-02-03 17:53:20.144155] [0x0000007f5fea89a0] [MocapTag] [0x00005f2f] [3223] , 15.1343, 2.46572, 1.76868, -0.310308, -0.380912, 0.192979, 0.663739, 0.614098, 0, 0, 0, 0, 0, 0, 
[2025-02-03 17:53:20.148436] [0x0000007f5fea89a0] [MocapTag] [0x00005f2f] [3224] , 15.1443, 2.46572, 1.76868, -0.310308, -0.380912, 0.192979, 0.663739, 0.614098, 0.188808, 1.28605, -1.239, 2.5602, 4.19146, 3.38151, 
[2025-02-03 17:53:20.149227] [0x0000007f5fea89a0] [MocapTag] [0x00005f2f] [3226] , 15.1443, 2.46572, 1.76868, -0.310308, -0.380912, 0.192979, 0.663739, 0.614098, 0, 0, 0, 0, 0, 0, 
[2025-02-03 17:53:20.151785] [0x0000007f5fea89a0] [MocapTag] [0x00005f2f] [3227] , 15.1443, 2.46572, 1.76868, -0.310308, -0.380912, 0.192979, 0.663739, 0.614098, 0, 0, 0, 0, 0, 0, 
[2025-02-03 17:53:20.154205] [0x0000007f5fea89a0] [MocapTag] [0x00005f2f] [3228] , 15.1443, 2.45929, 1.78518, -0.315309, -0.371857, 0.150211, 0.674712, 0.619615, 0, 0, 0, 0, 0, 0, 
[2025-02-03 17:53:20.157879] [0x0000007f5fea89a0] [MocapTag] [0x00005f2f] [3229] , 15.1543, 2.45929, 1.78518, -0.315309, -0.371857, 0.150211, 0.674712, 0.619615, -0.64334, 1.6503, -0.500049, 0.0678897, 4.91621, 7.61774, 
[2025-02-03 17:53:20.160449] [0x0000007f5fea89a0] [MocapTag] [0x00005f2f] [3231] , 15.1543, 2.45929, 1.78518, -0.315309, -0.371857, 0.150211, 0.674712, 0.619615, 0, 0, 0, 0, 0, 0, 
[2025-02-03 17:53:20.162824] [0x0000007f5fea89a0] [MocapTag] [0x00005f2f] [3232] , 15.1543, 2.45936, 1.79739, -0.326929, -0.360211, 0.140077, 0.672229, 0.631454, 0, 0, 0, 0, 0, 0, 
[2025-02-03 17:53:20.165806] [0x0000007f5fea89a0] [MocapTag] [0x00005f2f] [3233] , 15.1643, 2.45936, 1.79739, -0.326929, -0.360211, 0.140077, 0.672229, 0.631454, 0.00653247, 1.22067, -1.16202, 1.30972, -0.869465, 3.20876, 
[2025-02-03 17:53:20.168233] [0x0000007f5fea89a0] [MocapTag] [0x00005f2f] [3234] , 15.1643, 2.45936, 1.79739, -0.326929, -0.360211, 0.140077, 0.672229, 0.631454, 0, 0, 0, 0, 0, 0, 
[2025-02-03 17:53:20.170977] [0x0000007f5fea89a0] [MocapTag] [0x00005f2f] [3236] , 15.1643, 2.45936, 1.79739, -0.326929, -0.360211, 0.140077, 0.672229, 0.631454, 0, 0, 0, 0, 0, 0, 
[2025-02-03 17:53:20.175946] [0x0000007f5fea89a0] [MocapTag] [0x00005f2f] [3237] , 15.1743, 2.45934, 1.80743, -0.336691, -0.336413, 0.144148, 0.669493, 0.646395, 0, 0, 0, 0, 0, 0, 
[2025-02-03 17:53:20.178448] [0x0000007f5fea89a0] [MocapTag] [0x00005f2f] [3238] , 15.1743, 2.45934, 1.80743, -0.336691, -0.336413, 0.144148, 0.669493, 0.646395, 0, 1.00429, -0.976224, 0.441945, -4.51733, 3.33259, 
[2025-02-03 17:53:20.182044] [0x0000007f5fea89a0] [MocapTag] [0x00005f2f] [3240] , 15.1743, 2.45934, 1.80743, -0.336691, -0.336413, 0.144148, 0.669493, 0.646395, 0, 0, 0, 0, 0, 0, 
[2025-02-03 17:53:20.183406] [0x0000007f5fea89a0] [MocapTag] [0x00005f2f] [3241] , 15.1743, 2.45939, 1.81854, -0.346231, -0.326125, 0.134365, 0.664446, 0.658863, 0, 0, 0, 0, 0, 0, 
[2025-02-03 17:53:20.186342] [0x0000007f5fea89a0] [MocapTag] [0x00005f2f] [3242] , 15.1843, 2.45939, 1.81854, -0.346231, -0.326125, 0.134365, 0.664446, 0.658863, 0.00488291, 1.11104, -0.953978, 1.94826, -0.804839, 2.82667, 
[2025-02-03 17:53:20.190015] [0x0000007f5fea89a0] [MocapTag] [0x00005f2f] [3244] , 15.1843, 2.45939, 1.81854, -0.346231, -0.326125, 0.134365, 0.664446, 0.658863, 0, 0, 0, 0, 0, 0, 
[2025-02-03 17:53:20.192585] [0x0000007f5fea89a0] [MocapTag] [0x00005f2f] [3245] , 15.1843, 2.4596, 1.83364, -0.355468, -0.32813, 0.107566, 0.663854, 0.663369, 0, 0, 0, 0, 0, 0, 
[2025-02-03 17:53:20.195541] [0x0000007f5fea89a0] [MocapTag] [0x00005f2f] [3246] , 15.1943, 2.4596, 1.83364, -0.355468, -0.32813, 0.107566, 0.663854, 0.663369, 0.0207656, 1.50996, -0.923639, 1.61917, 3.80879, 3.13115, 
[2025-02-03 17:53:20.197810] [0x0000007f5fea89a0] [MocapTag] [0x00005f2f] [3247] , 15.1943, 2.4596, 1.83364, -0.355468, -0.32813, 0.107566, 0.663854, 0.663369, 0, 0, 0, 0, 0, 0, 
[2025-02-03 17:53:20.200435] [0x0000007f5fea89a0] [MocapTag] [0x00005f2f] [3249] , 15.1943, 2.4596, 1.83364, -0.355468, -0.32813, 0.107566, 0.663854, 0.663369, 0, 0, 0, 0, 0, 0, 
[2025-02-03 17:53:20.205215] [0x0000007f5fea89a0] [MocapTag] [0x00005f2f] [3250] , 15.2043, 2.45958, 1.84461, -0.363078, 0.319534, -0.0927362, -0.662315, -0.671294, 0, 0, 0, 0, 0, 0, 
[2025-02-03 17:53:20.207559] [0x0000007f5fea89a0] [MocapTag] [0x00005f2f] [3251] , 15.2043, 2.45958, 1.84461, -0.363078, 0.319534, -0.0927362, -0.662315, -0.671294, -0.00221086, 1.09669, -0.761062, 1.0749, 0.608131, 3.27878, 
[2025-02-03 17:53:20.210328] [0x0000007f5fea89a0] [MocapTag] [0x00005f2f] [3253] , 15.2043, 2.45958, 1.84461, -0.363078, 0.319534, -0.0927362, -0.662315, -0.671294, 0, 0, 0, 0, 0, 0, 
[2025-02-03 17:53:20.212625] [0x0000007f5fea89a0] [MocapTag] [0x00005f2f] [3254] , 15.2043, 2.45767, 1.84888, -0.370033, 0.29495, -0.0907596, -0.651036, -0.693483, 0, 0, 0, 0, 0, 0, 
[2025-02-03 17:53:20.215328] [0x0000007f5fea89a0] [MocapTag] [0x00005f2f] [3255] , 15.2143, 2.45767, 1.84888, -0.370033, 0.29495, -0.0907596, -0.651036, -0.693483, -0.190685, 0.426707, -0.695517, 3.03123, -4.22683, 3.9288, 
[2025-02-03 17:53:20.218774] [0x0000007f5fea89a0] [MocapTag] [0x00005f2f] [3256] , 15.2143, 2.45767, 1.84888, -0.370033, 0.29495, -0.0907596, -0.651036, -0.693483, 0, 0, 0, 0, 0, 0, 
[2025-02-03 17:53:20.221510] [0x0000007f5fea89a0] [MocapTag] [0x00005f2f] [3258] , 15.2143, 2.45767, 1.84888, -0.370033, 0.29495, -0.0907596, -0.651036, -0.693483, 0, 0, 0, 0, 0, 0, 
[2025-02-03 17:53:20.225621] [0x0000007f5fea89a0] [MocapTag] [0x00005f2f] [3259] , 15.2243, 2.45811, 1.861, -0.375413, 0.285576, -0.0768427, -0.649146, -0.700822, 0, 0, 0, 0, 0, 0, 
[2025-02-03 17:53:20.226870] [0x0000007f5fea89a0] [MocapTag] [0x00005f2f] [3260] , 15.2243, 2.45811, 1.861, -0.375413, 0.285576, -0.0768427, -0.649146, -0.700822, 0.0443543, 1.21267, -0.537921, 1.02323, 0.506461, 3.2443, 
[2025-02-03 17:53:20.229253] [0x0000007f5fea89a0] [MocapTag] [0x00005f2f] [3262] , 15.2243, 2.45811, 1.861, -0.375413, 0.285576, -0.0768427, -0.649146, -0.700822, 0, 0, 0, 0, 0, 0, 
[2025-02-03 17:53:20.231802] [0x0000007f5fea89a0] [MocapTag] [0x00005f2f] [3263] , 15.2243, 2.45811, 1.861, -0.375413, 0.285576, -0.0768427, -0.649146, -0.700822, 0, 0, 0, 0, 0, 0, 
[2025-02-03 17:53:20.242118] [0x0000007f5fea89a0] [MocapTag] [0x00005f2f] [3265] , 15.2343, 2.45859, 1.87291, -0.380118, 0.276927, -0.0633051, -0.644608, -0.709778, 0, 0, 0, 0, 0, 0, 
[2025-02-03 17:53:20.245385] [0x0000007f5fea89a0] [MocapTag] [0x00005f2f] [3266] , 15.2443, 2.45859, 1.87291, -0.380118, 0.276927, -0.0633051, -0.644608, -0.709778, 0.0472715, 1.19034, -0.470517, 1.65081, 0.425056, 2.97432, 
[2025-02-03 17:53:20.248807] [0x0000007f5fea89a0] [MocapTag] [0x00005f2f] [3267] , 15.2443, 2.45859, 1.87291, -0.380118, 0.276927, -0.0633051, -0.644608, -0.709778, 0, 0, 0, 0, 0, 0, 
[2025-02-03 17:53:20.251353] [0x0000007f5fea89a0] [MocapTag] [0x00005f2f] [3269] , 15.2443, 2.45938, 1.88413, -0.383813, 0.269697, -0.0492819, -0.637772, -0.719779, 0, 0, 0, 0, 0, 0, 
[2025-02-03 17:53:20.254504] [0x0000007f5fea89a0] [MocapTag] [0x00005f2f] [3270] , 15.2443, 2.45938, 1.88413, -0.383813, 0.269697, -0.0492819, -0.637772, -0.719779, 0.0793435, 1.12225, -0.369501, 2.21498, 0.61416, 2.70355, 
[2025-02-03 17:53:20.255185] [0x0000007f5fea89a0] [MocapTag] [0x00005f2f] [3271] , 15.2543, 2.45938, 1.88413, -0.383813, 0.269697, -0.0492819, -0.637772, -0.719779, 0, 0, 0, 0, 0, 0, 
[2025-02-03 17:53:20.260731] [0x0000007f5fea89a0] [MocapTag] [0x00005f2f] [3273] , 15.2543, 2.45938, 1.88413, -0.383813, 0.269697, -0.0492819, -0.637772, -0.719779, 0, 0, 0, 0, 0, 0, 
[2025-02-03 17:53:20.263041] [0x0000007f5fea89a0] [MocapTag] [0x00005f2f] [3274] , 15.2543, 2.46108, 1.89417, -0.387203, 0.263825, -0.0356665, -0.628239, -0.731054, 0, 0, 0, 0, 0, 0, 
[2025-02-03 17:53:20.266298] [0x0000007f5fea89a0] [MocapTag] [0x00005f2f] [3275] , 15.2643, 2.46108, 1.89417, -0.387203, 0.263825, -0.0356665, -0.628239, -0.731054, 0.169907, 1.00418, -0.339046, 2.84947, 0.652936, 2.30961, 
[2025-02-03 17:53:20.270846] [0x0000007f5fea89a0] [MocapTag] [0x00005f2f] [3277] , 15.2643, 2.46108, 1.89417, -0.387203, 0.263825, -0.0356665, -0.628239, -0.731054, 0, 0, 0, 0, 0, 0, 
[2025-02-03 17:53:20.271736] [0x0000007f5fea89a0] [MocapTag] [0x00005f2f] [3278] , 15.2643, 2.4624, 1.90667, -0.388859, 0.253323, -0.0281979, -0.623002, -0.739527, 0, 0, 0, 0, 0, 0, 
[2025-02-03 17:53:20.273926] [0x0000007f5fea89a0] [MocapTag] [0x00005f2f] [3279] , 15.2643, 2.4624, 1.90667, -0.388859, 0.253323, -0.0281979, -0.623002, -0.739527, 0.132729, 1.2496, -0.165582, 1.46384, -0.562596, 2.47886, 
[2025-02-03 17:53:20.275070] [0x0000007f5fea89a0] [MocapTag] [0x00005f2f] [3280] , 15.2743, 2.4624, 1.90667, -0.388859, 0.253323, -0.0281979, -0.623002, -0.739527, 0, 0, 0, 0, 0, 0, 
[2025-02-03 17:53:20.275735] [0x0000007f5fea89a0] [MocapTag] [0x00005f2f] [3281] , 15.2743, 2.4624, 1.90667, -0.388859, 0.253323, -0.0281979, -0.623002, -0.739527, 0, 0, 0, 0, 0, 0, 
[2025-02-03 17:53:20.276334] [0x0000007f5fea89a0] [MocapTag] [0x00005f2f] [3282] , 15.2743, 2.45779, 1.92157, -0.389062, 0.235738, -0.0119089, -0.626574, -0.742759, 0, 0, 0, 0, 0, 0, 
[2025-02-03 17:53:20.276890] [0x0000007f5fea89a0] [MocapTag] [0x00005f2f] [3283] , 15.2743, 2.45779, 1.92157, -0.389062, 0.235738, -0.0119089, -0.626574, -0.742759, -0.46141, 1.49029, -0.0203081, -0.787568, 0.394163, 5.03209, 
[2025-02-03 17:53:20.279928] [0x0000007f5fea89a0] [MocapTag] [0x00005f2f] [3285] , 15.2743, 2.45779, 1.92157, -0.389062, 0.235738, -0.0119089, -0.626574, -0.742759, 0, 0, 0, 0, 0, 0, 
[2025-02-03 17:53:20.282106] [0x0000007f5fea89a0] [MocapTag] [0x00005f2f] [3286] , 15.2743, 2.45779, 1.92157, -0.389062, 0.235738, -0.0119089, -0.626574, -0.742759, 0, 0, 0, 0, 0, 0, 
[2025-02-03 17:53:20.286825] [0x0000007f5fea89a0] [MocapTag] [0x00005f2f] [3287] , 15.2844, 2.45858, 1.93386, -0.388261, 0.231178, 0.0126363, -0.625896, -0.744749, 0, 0, 0, 0, 0, 0, 
[2025-02-03 17:53:20.289548] [0x0000007f5fea89a0] [MocapTag] [0x00005f2f] [3289] , 15.2844, 2.45858, 1.93386, -0.388261, 0.231178, 0.0126363, -0.625896, -0.744749, 0.0791908, 1.22879, 0.0801347, 0.404418, 3.18845, 3.72784, 
[2025-02-03 17:53:20.292348] [0x0000007f5fea89a0] [MocapTag] [0x00005f2f] [3290] , 15.2844, 2.45858, 1.93386, -0.388261, 0.231178, 0.0126363, -0.625896, -0.744749, 0, 0, 0, 0, 0, 0, 
[2025-02-03 17:53:20.295083] [0x0000007f5fea89a0] [MocapTag] [0x00005f2f] [3291] , 15.2943, 2.45979, 1.94546, -0.385374, 0.221888, 0.0322196, -0.623443, -0.74903, 0, 0, 0, 0, 0, 0, 
[2025-02-03 17:53:20.297560] [0x0000007f5fea89a0] [MocapTag] [0x00005f2f] [3292] , 15.2943, 2.45979, 1.94546, -0.385374, 0.221888, 0.0322196, -0.623443, -0.74903, 0.12029, 1.16, 0.288692, 0.612938, 1.76355, 3.84562, 
[2025-02-03 17:53:20.302507] [0x0000007f5fea89a0] [MocapTag] [0x00005f2f] [3294] , 15.2943, 2.45979, 1.94546, -0.385374, 0.221888, 0.0322196, -0.623443, -0.74903, 0, 0, 0, 0, 0, 0, 
[2025-02-03 17:53:20.303704] [0x0000007f5fea89a0] [MocapTag] [0x00005f2f] [3295] , 15.2943, 2.46008, 1.95703, -0.383081, 0.210584, 0.0448514, -0.618258, -0.75591, 0, 0, 0, 0, 0, 0, 
[2025-02-03 17:53:20.306406] [0x0000007f5fea89a0] [MocapTag] [0x00005f2f] [3296] , 15.3043, 2.46008, 1.95703, -0.383081, 0.210584, 0.0448514, -0.618258, -0.75591, 0.0298125, 1.15724, 0.229229, 1.2202, 0.345126, 3.2089, 
[2025-02-03 17:53:20.308889] [0x0000007f5fea89a0] [MocapTag] [0x00005f2f] [3298] , 15.3043, 2.46008, 1.95703, -0.383081, 0.210584, 0.0448514, -0.618258, -0.75591, 0, 0, 0, 0, 0, 0, 
[2025-02-03 17:53:20.311781] [0x0000007f5fea89a0] [MocapTag] [0x00005f2f] [3299] , 15.3043, 2.46008, 1.95703, -0.383081, 0.210584, 0.0448514, -0.618258, -0.75591, 0, 0, 0, 0, 0, 0, 
[2025-02-03 17:53:20.314787] [0x0000007f5fea89a0] [MocapTag] [0x00005f2f] [3300] , 15.3143, 2.46039, 1.96965, -0.379059, 0.203844, 0.064495, -0.614026, -0.759776, 0, 0, 0, 0, 0, 0, 
[2025-02-03 17:53:20.317573] [0x0000007f5fea89a0] [MocapTag] [0x00005f2f] [3301] , 15.3143, 2.46039, 1.96965, -0.379059, 0.203844, 0.064495, -0.614026, -0.759776, 0.0310511, 1.26197, 0.402283, 0.871301, 2.13983, 3.35448, 
[2025-02-03 17:53:20.320129] [0x0000007f5fea89a0] [MocapTag] [0x00005f2f] [3303] , 15.3143, 2.46039, 1.96965, -0.379059, 0.203844, 0.064495, -0.614026, -0.759776, 0, 0, 0, 0, 0, 0, 
[2025-02-03 17:53:20.322397] [0x0000007f5fea89a0] [MocapTag] [0x00005f2f] [3304] , 15.3143, 2.46052, 1.98108, -0.374687, 0.191701, 0.0737017, -0.606216, -0.768323, 0, 0, 0, 0, 0, 0, 
[2025-02-03 17:53:20.325049] [0x0000007f5fea89a0] [MocapTag] [0x00005f2f] [3305] , 15.3243, 2.46052, 1.98108, -0.374687, 0.191701, 0.0737017, -0.606216, -0.768323, 0.0123767, 1.14328, 0.437185, 1.79621, -0.283298, 2.80201, 
[2025-02-03 17:53:20.328697] [0x0000007f5fea89a0] [MocapTag] [0x00005f2f] [3306] , 15.3243, 2.46052, 1.98108, -0.374687, 0.191701, 0.0737017, -0.606216, -0.768323, 0, 0, 0, 0, 0, 0, 
[2025-02-03 17:53:20.330093] [0x0000007f5fea89a0] [MocapTag] [0x00005f2f] [3308] , 15.3243, 2.46052, 1.98108, -0.374687, 0.191701, 0.0737017, -0.606216, -0.768323, 0, 0, 0, 0, 0, 0, 
[2025-02-03 17:53:20.333559] [0x0000007f5fea89a0] [MocapTag] [0x00005f2f] [3309] , 15.3243, 2.46099, 1.99316, -0.368943, 0.18284, 0.0885412, -0.600131, -0.773675, 0, 0, 0, 0, 0, 0, 
[2025-02-03 17:53:20.336052] [0x0000007f5fea89a0] [MocapTag] [0x00005f2f] [3310] , 15.3343, 2.46099, 1.99316, -0.368943, 0.18284, 0.0885412, -0.600131, -0.773675, 0.0472327, 1.20724, 0.574382, 1.22098, 1.15156, 3.02727, 
[2025-02-03 17:53:20.338530] [0x0000007f5fea89a0] [MocapTag] [0x00005f2f] [3311] , 15.3343, 2.46099, 1.99316, -0.368943, 0.18284, 0.0885412, -0.600131, -0.773675, 0, 0, 0, 0, 0, 0, 
[2025-02-03 17:53:20.341523] [0x0000007f5fea89a0] [MocapTag] [0x00005f2f] [3313] , 15.3343, 2.46099, 1.99316, -0.368943, 0.18284, 0.0885412, -0.600131, -0.773675, 0, 0, 0, 0, 0, 0, 
[2025-02-03 17:53:20.343438] [0x0000007f5fea89a0] [MocapTag] [0x00005f2f] [3314] , 15.3343, 2.46909, 2.00179, -0.3622, 0.187633, 0.099826, -0.587798, -0.780591, 0, 0, 0, 0, 0, 0, 
[2025-02-03 17:53:20.346530] [0x0000007f5fea89a0] [MocapTag] [0x00005f2f] [3315] , 15.3443, 2.46909, 2.00179, -0.3622, 0.187633, 0.099826, -0.587798, -0.780591, 0.81041, 0.863153, 0.674338, 3.08323, 2.14599, -0.045681, 
[2025-02-03 17:53:20.350618] [0x0000007f5fea89a0] [MocapTag] [0x00005f2f] [3317] , 15.3443, 2.46909, 2.00179, -0.3622, 0.187633, 0.099826, -0.587798, -0.780591, 0, 0, 0, 0, 0, 0, 
[2025-02-03 17:53:20.351712] [0x0000007f5fea89a0] [MocapTag] [0x00005f2f] [3318] , 15.3443, 2.46909, 2.00179, -0.3622, 0.187633, 0.099826, -0.587798, -0.780591, 0, 0, 0, 0, 0, 0, 
[2025-02-03 17:53:20.354175] [0x0000007f5fea89a0] [MocapTag] [0x00005f2f] [3319] , 15.3443, 2.46929, 2.01294, -0.354906, 0.174501, 0.110794, -0.583262, -0.785544, 0, 0, 0, 0, 0, 0, 
[2025-02-03 17:53:20.356949] [0x0000007f5fea89a0] [MocapTag] [0x00005f2f] [3320] , 15.3543, 2.46929, 2.01294, -0.354906, 0.174501, 0.110794, -0.583262, -0.785544, 0.0194841, 1.11554, 0.729345, 0.700617, 0.129634, 3.352, 
[2025-02-03 17:53:20.359440] [0x0000007f5fea89a0] [MocapTag] [0x00005f2f] [3322] , 15.3543, 2.46929, 2.01294, -0.354906, 0.174501, 0.110794, -0.583262, -0.785544, 0, 0, 0, 0, 0, 0, 
[2025-02-03 17:53:20.362032] [0x0000007f5fea89a0] [MocapTag] [0x00005f2f] [3323] , 15.3543, 2.46929, 2.01294, -0.354906, 0.174501, 0.110794, -0.583262, -0.785544, 0, 0, 0, 0, 0, 0, 
[2025-02-03 17:53:20.365085] [0x0000007f5fea89a0] [MocapTag] [0x00005f2f] [3324] , 15.3643, 2.46307, 2.02736, -0.346584, 0.153188, 0.134783, -0.586714, -0.783667, 0, 0, 0, 0, 0, 0, 
[2025-02-03 17:53:20.368539] [0x0000007f5fea89a0] [MocapTag] [0x00005f2f] [3325] , 15.3643, 2.46307, 2.02736, -0.346584, 0.153188, 0.134783, -0.586714, -0.783667, -0.621989, 1.44162, 0.832232, -2.06592, 1.44905, 6.80029, 
[2025-02-03 17:53:20.370259] [0x0000007f5fea89a0] [MocapTag] [0x00005f2f] [3327] , 15.3643, 2.46307, 2.02736, -0.346584, 0.153188, 0.134783, -0.586714, -0.783667, 0, 0, 0, 0, 0, 0, 
[2025-02-03 17:53:20.373321] [0x0000007f5fea89a0] [MocapTag] [0x00005f2f] [3328] , 15.3643, 2.46377, 2.03889, -0.33733, 0.14182, 0.148098, -0.580655, -0.787905, 0, 0, 0, 0, 0, 0, 
[2025-02-03 17:53:20.375586] [0x0000007f5fea89a0] [MocapTag] [0x00005f2f] [3329] , 15.3743, 2.46377, 2.03889, -0.33733, 0.14182, 0.148098, -0.580655, -0.787905, 0.0702511, 1.15284, 0.925345, 0.860167, 0.769091, 3.29807, 
[2025-02-03 17:53:20.379969] [0x0000007f5fea89a0] [MocapTag] [0x00005f2f] [3331] , 15.3743, 2.46377, 2.03889, -0.33733, 0.14182, 0.148098, -0.580655, -0.787905, 0, 0, 0, 0, 0, 0, 
[2025-02-03 17:53:20.382712] [0x0000007f5fea89a0] [MocapTag] [0x00005f2f] [3332] , 15.3743, 2.46408, 2.05078, -0.326591, 0.132218, 0.163004, -0.574793, -0.790924, 0, 0, 0, 0, 0, 0, 
[2025-02-03 17:53:20.387869] [0x0000007f5fea89a0] [MocapTag] [0x00005f2f] [3333] , 15.3843, 2.46408, 2.05078, -0.326591, 0.132218, 0.163004, -0.574793, -0.790924, 0.0311707, 1.1892, 1.07393, 0.676858, 1.28692, 3.23033, 
[2025-02-03 17:53:20.388529] [0x0000007f5fea89a0] [MocapTag] [0x00005f2f] [3334] , 15.3843, 2.46408, 2.05078, -0.326591, 0.132218, 0.163004, -0.574793, -0.790924, 0, 0, 0, 0, 0, 0, 
[2025-02-03 17:53:20.390231] [0x0000007f5fea89a0] [MocapTag] [0x00005f2f] [3336] , 15.3843, 2.46408, 2.05078, -0.326591, 0.132218, 0.163004, -0.574793, -0.790924, 0, 0, 0, 0, 0, 0, 
[2025-02-03 17:53:20.392913] [0x0000007f5fea89a0] [MocapTag] [0x00005f2f] [3337] , 15.3843, 2.46463, 2.06261, -0.314355, 0.123728, 0.179351, -0.568946, -0.792985, 0, 0, 0, 0, 0, 0, 
[2025-02-03 17:53:20.397261] [0x0000007f5fea89a0] [MocapTag] [0x00005f2f] [3338] , 15.3943, 2.46463, 2.06261, -0.314355, 0.123728, 0.179351, -0.568946, -0.792985, 0.0548232, 1.18315, 1.2236, 0.512481, 1.6938, -625.065, 
[2025-02-03 17:53:20.401884] [0x0000007f5fea89a0] [MocapTag] [0x00005f2f] [3340] , 15.3943, 2.46463, 2.06261, -0.314355, 0.123728, 0.179351, -0.568946, -0.792985, 0, 0, 0, 0, 0, 0, 
[2025-02-03 17:53:20.403532] [0x0000007f5fea89a0] [MocapTag] [0x00005f2f] [3341] , 15.3943, 2.4651, 2.07423, -0.301727, 0.113843, 0.193529, -0.562747, -0.795551, 0, 0, 0, 0, 0, 0, 
[2025-02-03 17:53:20.405716] [0x0000007f5fea89a0] [MocapTag] [0x00005f2f] [3342] , 15.4043, 2.4651, 2.07423, -0.301727, 0.113843, 0.193529, -0.562747, -0.795551, 0.0471075, 1.16144, 1.26278, 0.598538, 1.19872, 3.20935, 
[2025-02-03 17:53:20.407673] [0x0000007f5fea89a0] [MocapTag] [0x00005f2f] [3343] , 15.4043, 2.4651, 2.07423, -0.301727, 0.113843, 0.193529, -0.562747, -0.795551, 0, 0, 0, 0, 0, 0, 
[2025-02-03 17:53:20.412385] [0x0000007f5fea89a0] [MocapTag] [0x00005f2f] [3345] , 15.4043, 2.4651, 2.07423, -0.301727, 0.113843, 0.193529, -0.562747, -0.795551, 0, 0, 0, 0, 0, 0, 
[2025-02-03 17:53:20.414834] [0x0000007f5fea89a0] [MocapTag] [0x00005f2f] [3346] , 15.4143, 2.46564, 2.08688, -0.288686, 0.104114, 0.210857, -0.555059, -0.797878, 0, 0, 0, 0, 0, 0, 
[2025-02-03 17:53:20.417703] [0x0000007f5fea89a0] [MocapTag] [0x00005f2f] [3347] , 15.4143, 2.46564, 2.08688, -0.288686, 0.104114, 0.210857, -0.555059, -0.797878, 0.0535487, 1.2654, 1.30415, 0.681651, 1.78587, 3.54648, 
[2025-02-03 17:53:20.420318] [0x0000007f5fea89a0] [MocapTag] [0x00005f2f] [3349] , 15.4143, 2.46564, 2.08688, -0.288686, 0.104114, 0.210857, -0.555059, -0.797878, 0, 0, 0, 0, 0, 0, 
[2025-02-03 17:53:20.422831] [0x0000007f5fea89a0] [MocapTag] [0x00005f2f] [3350] , 15.4143, 2.46635, 2.09819, -0.274247, 0.0935495, 0.225119, -0.549512, -0.799128, 0, 0, 0, 0, 0, 0, 
[2025-02-03 17:53:20.425722] [0x0000007f5fea89a0] [MocapTag] [0x00005f2f] [3351] , 15.4243, 2.46635, 2.09819, -0.274247, 0.0935495, 0.225119, -0.549512, -0.799128, 0.0709957, 1.13116, 1.44384, 0.192738, 1.18711, 3.44112, 
[2025-02-03 17:53:20.430346] [0x0000007f5fea89a0] [MocapTag] [0x00005f2f] [3353] , 15.4243, 2.46635, 2.09819, -0.274247, 0.0935495, 0.225119, -0.549512, -0.799128, 0, 0, 0, 0, 0, 0, 
[2025-02-03 17:53:20.432803] [0x0000007f5fea89a0] [MocapTag] [0x00005f2f] [3354] , 15.4243, 2.46689, 2.10909, -0.259173, 0.0816108, 0.236001, -0.54222, -0.802272, 0, 0, 0, 0, 0, 0, 
[2025-02-03 17:53:20.435680] [0x0000007f5fea89a0] [MocapTag] [0x00005f2f] [3355] , 15.4343, 2.46689, 2.10909, -0.259173, 0.0816108, 0.236001, -0.54222, -0.802272, 0.0546054, 1.09031, 1.50748, 0.802553, 0.515684, 3.11837, 
[2025-02-03 17:53:20.441238] [0x0000007f5fea89a0] [MocapTag] [0x00005f2f] [3357] , 15.4343, 2.46689, 2.10909, -0.259173, 0.0816108, 0.236001, -0.54222, -0.802272, 0, 0, 0, 0, 0, 0, 
[2025-02-03 17:53:20.441833] [0x0000007f5fea89a0] [MocapTag] [0x00005f2f] [3358] , 15.4343, 2.46689, 2.10909, -0.259173, 0.0816108, 0.236001, -0.54222, -0.802272, 0, 0, 0, 0, 0, 0, 
[2025-02-03 17:53:20.444738] [0x0000007f5fea89a0] [MocapTag] [0x00005f2f] [3359] , 15.4443, 2.46752, 2.12086, -0.243516, 0.0725812, 0.245617, -0.5345, -0.805428, 0, 0, 0, 0, 0, 0, 
[2025-02-03 17:53:20.447461] [0x0000007f5fea89a0] [MocapTag] [0x00005f2f] [3360] , 15.4443, 2.46752, 2.12086, -0.243516, 0.0725812, 0.245617, -0.5345, -0.805428, 0.0625761, 1.17624, 1.56562, 1.02333, 0.687298, 2.42643, 
[2025-02-03 17:53:20.450165] [0x0000007f5fea89a0] [MocapTag] [0x00005f2f] [3362] , 15.4443, 2.46752, 2.12086, -0.243516, 0.0725812, 0.245617, -0.5345, -0.805428, 0, 0, 0, 0, 0, 0, 
[2025-02-03 17:53:20.452441] [0x0000007f5fea89a0] [MocapTag] [0x00005f2f] [3363] , 15.4443, 2.46779, 2.13416, -0.227881, 0.0682178, 0.249846, -0.521905, -0.812735, 0, 0, 0, 0, 0, 0, 
[2025-02-03 17:53:20.456554] [0x0000007f5fea89a0] [MocapTag] [0x00005f2f] [3364] , 15.4543, 2.46779, 2.13416, -0.227881, 0.0682178, 0.249846, -0.521905, -0.812735, 0.0265396, 1.33015, 1.56357, 2.83206, 0.463897, 0.533843, 
[2025-02-03 17:53:20.459482] [0x0000007f5fea89a0] [MocapTag] [0x00005f2f] [3366] , 15.4543, 2.46779, 2.13416, -0.227881, 0.0682178, 0.249846, -0.521905, -0.812735, 0, 0, 0, 0, 0, 0, 
[2025-02-03 17:53:20.462050] [0x0000007f5fea89a0] [MocapTag] [0x00005f2f] [3367] , 15.4543, 2.46779, 2.13416, -0.227881, 0.0682178, 0.249846, -0.521905, -0.812735, 0, 0, 0, 0, 0, 0, 
[2025-02-03 17:53:20.464432] [0x0000007f5fea89a0] [MocapTag] [0x00005f2f] [3368] , 15.4543, 2.46826, 2.14783, -0.213417, 0.0660429, 0.244503, -0.50542, -0.824868, 0, 0, 0, 0, 0, 0, 
[2025-02-03 17:53:20.467375] [0x0000007f5fea89a0] [MocapTag] [0x00005f2f] [3369] , 15.4643, 2.46826, 2.14783, -0.213417, 0.0660429, 0.244503, -0.50542, -0.824868, 0.0474825, 1.36751, 1.44639, 4.65497, -0.817549, -1.42031, 
[2025-02-03 17:53:20.469689] [0x0000007f5fea89a0] [MocapTag] [0x00005f2f] [3371] , 15.4643, 2.46826, 2.14783, -0.213417, 0.0660429, 0.244503, -0.50542, -0.824868, 0, 0, 0, 0, 0, 0, 
[2025-02-03 17:53:20.472310] [0x0000007f5fea89a0] [MocapTag] [0x00005f2f] [3372] , 15.4643, 2.4693, 2.15958, -0.200993, 0.063766, 0.235525, -0.494348, -0.834315, 0, 0, 0, 0, 0, 0, 
[2025-02-03 17:53:20.475802] [0x0000007f5fea89a0] [MocapTag] [0x00005f2f] [3373] , 15.4743, 2.4693, 2.15958, -0.200993, 0.063766, 0.235525, -0.494348, -0.834315, 0.103629, 1.17445, 1.24238, 3.45299, -1.58801, -1.46489, 
[2025-02-03 17:53:20.478607] [0x0000007f5fea89a0] [MocapTag] [0x00005f2f] [3374] , 15.4743, 2.4693, 2.15958, -0.200993, 0.063766, 0.235525, -0.494348, -0.834315, 0, 0, 0, 0, 0, 0, 
[2025-02-03 17:53:20.480846] [0x0000007f5fea89a0] [MocapTag] [0x00005f2f] [3376] , 15.4743, 2.4693, 2.15958, -0.200993, 0.063766, 0.235525, -0.494348, -0.834315, 0, 0, 0, 0, 0, 0, 
[2025-02-03 17:53:20.483243] [0x0000007f5fea89a0] [MocapTag] [0x00005f2f] [3377] , 15.4743, 2.47114, 2.17016, -0.19088, 0.0585282, 0.232726, -0.485753, -0.84051, 0, 0, 0, 0, 0, 0, 
[2025-02-03 17:53:20.485975] [0x0000007f5fea89a0] [MocapTag] [0x00005f2f] [3378] , 15.4843, 2.47114, 2.17016, -0.19088, 0.0585282, 0.232726, -0.485753, -0.84051, 0.184693, 1.05827, 1.01129, 2.22356, -0.893727, 0.075984, 
[2025-02-03 17:53:20.489421] [0x0000007f5fea89a0] [MocapTag] [0x00005f2f] [3380] , 15.4843, 2.47114, 2.17016, -0.19088, 0.0585282, 0.232726, -0.485753, -0.84051, 0, 0, 0, 0, 0, 0, 
[2025-02-03 17:53:20.493487] [0x0000007f5fea89a0] [MocapTag] [0x00005f2f] [3381] , 15.4843, 2.47114, 2.17016, -0.19088, 0.0585282, 0.232726, -0.485753, -0.84051, 0, 0, 0, 0, 0, 0, 
[2025-02-03 17:53:20.494919] [0x0000007f5fea89a0] [MocapTag] [0x00005f2f] [3382] , 15.4943, 2.47265, 2.18111, -0.185757, 0.0513023, 0.22979, -0.469898, -0.850741, 0, 0, 0, 0, 0, 0, 
[2025-02-03 17:53:20.497438] [0x0000007f5fea89a0] [MocapTag] [0x00005f2f] [3383] , 15.4943, 2.47265, 2.18111, -0.185757, 0.0513023, 0.22979, -0.469898, -0.850741, 0.150741, 1.09543, 0.512303, 3.94499, -0.99088, 0.0371456, 
[2025-02-03 17:53:20.500376] [0x0000007f5fea89a0] [MocapTag] [0x00005f2f] [3385] , 15.4943, 2.47265, 2.18111, -0.185757, 0.0513023, 0.22979, -0.469898, -0.850741, 0, 0, 0, 0, 0, 0, 
[2025-02-03 17:53:20.502623] [0x0000007f5fea89a0] [MocapTag] [0x00005f2f] [3386] , 15.4943, 2.47, 2.19284, -0.187061, 0.0372716, 0.226503, -0.444964, -0.865629, 0, 0, 0, 0, 0, 0, 
[2025-02-03 17:53:20.506940] [0x0000007f5fea89a0] [MocapTag] [0x00005f2f] [3387] , 15.5043, 2.47, 2.19284, -0.187061, 0.0372716, 0.226503, -0.444964, -0.865629, -0.264805, 1.17274, -0.130448, 5.89545, -1.54077, 0.829387, 
[2025-02-03 17:53:20.509429] [0x0000007f5fea89a0] [MocapTag] [0x00005f2f] [3389] , 15.5043, 2.47, 2.19284, -0.187061, 0.0372716, 0.226503, -0.444964, -0.865629, 0, 0, 0, 0, 0, 0, 
[2025-02-03 17:53:20.511640] [0x0000007f5fea89a0] [MocapTag] [0x00005f2f] [3390] , 15.5043, 2.47, 2.19284, -0.187061, 0.0372716, 0.226503, -0.444964, -0.865629, 0, 0, 0, 0, 0, 0, 
[2025-02-03 17:53:20.514238] [0x0000007f5fea89a0] [MocapTag] [0x00005f2f] [3391] , 15.5043, 2.47205, 2.20663, -0.185803, 0.030509, 0.216843, -0.420411, -0.880513, 0, 0, 0, 0, 0, 0, 
[2025-02-03 17:53:20.516539] [0x0000007f5fea89a0] [MocapTag] [0x00005f2f] [3392] , 15.5144, 2.47205, 2.20663, -0.185803, 0.030509, 0.216843, -0.420411, -0.880513, 0.204709, 1.37836, 0.125809, 6.25691, -1.95621, -1.07133, 
[2025-02-03 17:53:20.518898] [0x0000007f5fea89a0] [MocapTag] [0x00005f2f] [3394] , 15.5144, 2.47205, 2.20663, -0.185803, 0.030509, 0.216843, -0.420411, -0.880513, 0, 0, 0, 0, 0, 0, 
[2025-02-03 17:53:20.523619] [0x0000007f5fea89a0] [MocapTag] [0x00005f2f] [3395] , 15.5144, 2.47205, 2.20663, -0.185803, 0.030509, 0.216843, -0.420411, -0.880513, 0, 0, 0, 0, 0, 0, 
[2025-02-03 17:53:20.526535] [0x0000007f5fea89a0] [MocapTag] [0x00005f2f] [3396] , 15.5243, 2.47232, 2.2223, -0.185841, 0.0144198, 0.223946, -0.397065, -0.889932, 0, 0, 0, 0, 0, 0, 
[2025-02-03 17:53:20.528778] [0x0000007f5fea89a0] [MocapTag] [0x00005f2f] [3397] , 15.5243, 2.47232, 2.2223, -0.185841, 0.0144198, 0.223946, -0.397065, -0.889932, 0.0271356, 1.56739, -0.00380254, 4.56891, 0.276843, 2.634, 
[2025-02-03 17:53:20.531549] [0x0000007f5fea89a0] [MocapTag] [0x00005f2f] [3399] , 15.5243, 2.47232, 2.2223, -0.185841, 0.0144198, 0.223946, -0.397065, -0.889932, 0, 0, 0, 0, 0, 0, 
[2025-02-03 17:53:20.533693] [0x0000007f5fea89a0] [MocapTag] [0x00005f2f] [3400] , 15.5243, 2.4721, 2.23752, -0.188098, 0.00414505, 0.228359, -0.375265, -0.898338, 0, 0, 0, 0, 0, 0, 
[2025-02-03 17:53:20.536739] [0x0000007f5fea89a0] [MocapTag] [0x00005f2f] [3401] , 15.5343, 2.4721, 2.23752, -0.188098, 0.00414505, 0.228359, -0.375265, -0.898338, -0.0219249, 1.52157, -0.225668, 4.4692, 0.367859, 1.34025, 
[2025-02-03 17:53:20.539548] [0x0000007f5fea89a0] [MocapTag] [0x00005f2f] [3403] , 15.5343, 2.4721, 2.23752, -0.188098, 0.00414505, 0.228359, -0.375265, -0.898338, 0, 0, 0, 0, 0, 0, 
[2025-02-03 17:53:20.542115] [0x0000007f5fea89a0] [MocapTag] [0x00005f2f] [3404] , 15.5343, 2.46778, 2.25869, -0.191604, -0.0020993, 0.267328, -0.371124, -0.889268, 0, 0, 0, 0, 0, 0, 
[2025-02-03 17:53:20.544760] [0x0000007f5fea89a0] [MocapTag] [0x00005f2f] [3405] , 15.5443, 2.46778, 2.25869, -0.191604, -0.0020993, 0.267328, -0.371124, -0.889268, -0.432285, 2.11743, -0.35059, -1.86677, 6.75261, 5.06034, 
[2025-02-03 17:53:20.547293] [0x0000007f5fea89a0] [MocapTag] [0x00005f2f] [3406] , 15.5443, 2.46778, 2.25869, -0.191604, -0.0020993, 0.267328, -0.371124, -0.889268, 0, 0, 0, 0, 0, 0, 
[2025-02-03 17:53:20.549631] [0x0000007f5fea89a0] [MocapTag] [0x00005f2f] [3408] , 15.5443, 2.46778, 2.25869, -0.191604, -0.0020993, 0.267328, -0.371124, -0.889268, 0, 0, 0, 0, 0, 0, 
[2025-02-03 17:53:20.552177] [0x0000007f5fea89a0] [MocapTag] [0x00005f2f] [3409] , 15.5443, 2.4669, 2.27302, -0.194576, -0.00750869, 0.252157, -0.344141, -0.904393, 0, 0, 0, 0, 0, 0, 
[2025-02-03 17:53:20.555952] [0x0000007f5fea89a0] [MocapTag] [0x00005f2f] [3410] , 15.5543, 2.4669, 2.27302, -0.194576, -0.00750869, 0.252157, -0.344141, -0.904393, -0.0882644, 1.43271, -0.29717, 7.16286, -2.59019, -2.04084, 
[2025-02-03 17:53:20.558335] [0x0000007f5fea89a0] [MocapTag] [0x00005f2f] [3411] , 15.5543, 2.4669, 2.27302, -0.194576, -0.00750869, 0.252157, -0.344141, -0.904393, 0, 0, 0, 0, 0, 0, 
[2025-02-03 17:53:20.560748] [0x0000007f5fea89a0] [MocapTag] [0x00005f2f] [3413] , 15.5543, 2.4669, 2.27302, -0.194576, -0.00750869, 0.252157, -0.344141, -0.904393, 0, 0, 0, 0, 0, 0, 
[2025-02-03 17:53:20.563170] [0x0000007f5fea89a0] [MocapTag] [0x00005f2f] [3414] , 15.5543, 2.46926, 2.28868, -0.195265, -0.0159919, 0.231427, -0.311093, -0.921633, 0, 0, 0, 0, 0, 0, 
[2025-02-03 17:53:20.565838] [0x0000007f5fea89a0] [MocapTag] [0x00005f2f] [3415] , 15.5643, 2.46926, 2.28868, -0.195265, -0.0159919, 0.231427, -0.311093, -0.921633, 0.236263, 1.56653, -0.0689151, 8.46145, -3.80701, -1.92349, 
[2025-02-03 17:53:20.568470] [0x0000007f5fea89a0] [MocapTag] [0x00005f2f] [3416] , 15.5643, 2.46926, 2.28868, -0.195265, -0.0159919, 0.231427, -0.311093, -0.921633, 0, 0, 0, 0, 0, 0, 
[2025-02-03 17:53:20.572023] [0x0000007f5fea89a0] [MocapTag] [0x00005f2f] [3418] , 15.5643, 2.46926, 2.28868, -0.195265, -0.0159919, 0.231427, -0.311093, -0.921633, 0, 0, 0, 0, 0, 0, 
[2025-02-03 17:53:20.574250] [0x0000007f5fea89a0] [MocapTag] [0x00005f2f] [3419] , 15.5643, 2.46871, 2.30556, -0.196575, -0.0229046, 0.231075, -0.290917, -0.928142, 0, 0, 0, 0, 0, 0, 
[2025-02-03 17:53:20.577217] [0x0000007f5fea89a0] [MocapTag] [0x00005f2f] [3420] , 15.5744, 2.46871, 2.30556, -0.196575, -0.0229046, 0.231075, -0.290917, -0.928142, -0.0551936, 1.68812, -0.130993, 4.28658, -0.111803, 0.381851, 
[2025-02-03 17:53:20.579627] [0x0000007f5fea89a0] [MocapTag] [0x00005f2f] [3422] , 15.5744, 2.46871, 2.30556, -0.196575, -0.0229046, 0.231075, -0.290917, -0.928142, 0, 0, 0, 0, 0, 0, 
[2025-02-03 17:53:20.582153] [0x0000007f5fea89a0] [MocapTag] [0x00005f2f] [3423] , 15.5744, 2.46831, 2.32088, -0.197966, -0.0306641, 0.22413, -0.261578, -0.938298, 0, 0, 0, 0, 0, 0, 
[2025-02-03 17:53:20.587382] [0x0000007f5fea89a0] [MocapTag] [0x00005f2f] [3424] , 15.5844, 2.46831, 2.32088, -0.197966, -0.0306641, 0.22413, -0.261578, -0.938298, -0.0394089, 1.5316, -0.139169, 6.57182, -1.21215, -0.34914, 
[2025-02-03 17:53:20.589442] [0x0000007f5fea89a0] [MocapTag] [0x00005f2f] [3426] , 15.5844, 2.46831, 2.32088, -0.197966, -0.0306641, 0.22413, -0.261578, -0.938298, 0, 0, 0, 0, 0, 0, 
[2025-02-03 17:53:20.592755] [0x0000007f5fea89a0] [MocapTag] [0x00005f2f] [3427] , 15.5844, 2.46831, 2.32088, -0.197966, -0.0306641, 0.22413, -0.261578, -0.938298, 0, 0, 0, 0, 0, 0, 
[2025-02-03 17:53:20.594565] [0x0000007f5fea89a0] [MocapTag] [0x00005f2f] [3428] , 15.5844, 2.4684, 2.33668, -0.197827, -0.0376529, 0.222766, -0.237941, -0.944639, 0, 0, 0, 0, 0, 0, 
[2025-02-03 17:53:20.597294] [0x0000007f5fea89a0] [MocapTag] [0x00005f2f] [3429] , 15.5944, 2.4684, 2.33668, -0.197827, -0.0376529, 0.222766, -0.237941, -0.944639, 0.00825585, 1.58005, 0.0139565, 4.99029, -0.176165, 0.246263, 
[2025-02-03 17:53:20.600508] [0x0000007f5fea89a0] [MocapTag] [0x00005f2f] [3431] , 15.5944, 2.4684, 2.33668, -0.197827, -0.0376529, 0.222766, -0.237941, -0.944639, 0, 0, 0, 0, 0, 0, 
[2025-02-03 17:53:20.604142] [0x0000007f5fea89a0] [MocapTag] [0x00005f2f] [3432] , 15.5944, 2.4684, 2.33668, -0.197827, -0.0376529, 0.222766, -0.237941, -0.944639, 0, 0, 0, 0, 0, 0, 
[2025-02-03 17:53:20.606613] [0x0000007f5fea89a0] [MocapTag] [0x00005f2f] [3433] , 15.6044, 2.46879, 2.35188, -0.197124, -0.045368, 0.218082, -0.211392, -0.95168, 0, 0, 0, 0, 0, 0, 
[2025-02-03 17:53:20.609045] [0x0000007f5fea89a0] [MocapTag] [0x00005f2f] [3434] , 15.6044, 2.46879, 2.35188, -0.197124, -0.045368, 0.218082, -0.211392, -0.95168, 0.0390438, 1.52022, 0.0702883, 5.69465, -0.767985, 0.0902176, 
[2025-02-03 17:53:20.611973] [0x0000007f5fea89a0] [MocapTag] [0x00005f2f] [3436] , 15.6044, 2.46879, 2.35188, -0.197124, -0.045368, 0.218082, -0.211392, -0.95168, 0, 0, 0, 0, 0, 0, 
[2025-02-03 17:53:20.616677] [0x0000007f5fea89a0] [MocapTag] [0x00005f2f] [3437] , 15.6144, 2.46746, 2.36777, -0.195986, -0.0550732, 0.205503, -0.181289, -0.960141, 0, 0, 0, 0, 0, 0, 
[2025-02-03 17:53:20.621976] [0x0000007f5fea89a0] [MocapTag] [0x00005f2f] [3439] , 15.6144, 2.46746, 2.36777, -0.195986, -0.0550732, 0.205503, -0.181289, -0.960141, -0.132331, 1.58867, 0.113837, 6.62701, -2.30314, 0, 
[2025-02-03 17:53:20.622961] [0x0000007f5fea89a0] [MocapTag] [0x00005f2f] [3440] , 15.6144, 2.46746, 2.36777, -0.195986, -0.0550732, 0.205503, -0.181289, -0.960141, 0, 0, 0, 0, 0, 0, 
[2025-02-03 17:53:20.625612] [0x0000007f5fea89a0] [MocapTag] [0x00005f2f] [3441] , 15.6244, 2.46633, 2.38535, -0.191915, -0.0583633, 0.202299, -0.149094, -0.966147, 0, 0, 0, 0, 0, 0, 
[2025-02-03 17:53:20.627171] [0x0000007f5fea89a0] [MocapTag] [0x00005f2f] [3442] , 15.6244, 2.46633, 2.38535, -0.191915, -0.0583633, 0.202299, -0.149094, -0.966147, -0.113309, 1.75805, 0.407046, 6.86998, -0.124726, -0.797153, 
[2025-02-03 17:53:20.631082] [0x0000007f5fea89a0] [MocapTag] [0x00005f2f] [3444] , 15.6244, 2.46633, 2.38535, -0.191915, -0.0583633, 0.202299, -0.149094, -0.966147, 0, 0, 0, 0, 0, 0, 
[2025-02-03 17:53:20.632104] [0x0000007f5fea89a0] [MocapTag] [0x00005f2f] [3445] , 15.6244, 2.46603, 2.39979, -0.189188, -0.0658021, 0.187349, -0.113243, -0.973523, 0, 0, 0, 0, 0, 0, 
[2025-02-03 17:53:20.637759] [0x0000007f5fea89a0] [MocapTag] [0x00005f2f] [3446] , 15.6343, 2.46603, 2.39979, -0.189188, -0.0658021, 0.187349, -0.113243, -0.973523, -0.0303642, 1.44374, 0.27268, 7.79259, -2.53398, -0.462317, 
[2025-02-03 17:53:20.641363] [0x0000007f5fea89a0] [MocapTag] [0x00005f2f] [3448] , 15.6343, 2.46603, 2.39979, -0.189188, -0.0658021, 0.187349, -0.113243, -0.973523, 0, 0, 0, 0, 0, 0, 
[2025-02-03 17:53:20.649464] [0x0000007f5fea89a0] [MocapTag] [0x00005f2f] [3450] , 15.6443, 2.46603, 2.39979, -0.189188, -0.0658021, 0.187349, -0.113243, -0.973523, 0, 0, 0, 0, 0, 0, 
[2025-02-03 17:53:20.667801] [0x0000007f5fea89a0] [MocapTag] [0x00005f2f] [3452] , 15.6643, 2.46636, 2.41423, -0.183348, -0.0719184, 0.184713, -0.083829, -0.976566, 0.0330153, 1.44465, 0.584067, 6.03037, -0.124082, 0.0872612, 
[2025-02-03 17:53:20.669768] [0x0000007f5fea89a0] [MocapTag] [0x00005f2f] [3454] , 15.6643, 2.46636, 2.41423, -0.183348, -0.0719184, 0.184713, -0.083829, -0.976566, 0, 0, 0, 0, 0, 0, 
[2025-02-03 17:53:20.670534] [0x0000007f5fea89a0] [MocapTag] [0x00005f2f] [3455] , 15.6643, 2.46516, 2.43128, -0.175923, -0.0771753, 0.185849, -0.0604268, -0.977677, 0, 0, 0, 0, 0, 0, 
[2025-02-03 17:53:20.671087] [0x0000007f5fea89a0] [MocapTag] [0x00005f2f] [3456] , 15.6643, 2.46516, 2.43128, -0.175923, -0.0771753, 0.185849, -0.0604268, -0.977677, -0.119688, 1.70491, 0.742472, 4.67987, 0.572613, 0.250077, 
[2025-02-03 17:53:20.671668] [0x0000007f5fea89a0] [MocapTag] [0x00005f2f] [3457] , 15.6643, 2.46516, 2.43128, -0.175923, -0.0771753, 0.185849, -0.0604268, -0.977677, 0, 0, 0, 0, 0, 0, 
[2025-02-03 17:53:20.672269] [0x0000007f5fea89a0] [MocapTag] [0x00005f2f] [3458] , 15.6643, 2.46516, 2.43128, -0.175923, -0.0771753, 0.185849, -0.0604268, -0.977677, 0, 0, 0, 0, 0, 0, 
[2025-02-03 17:53:20.672873] [0x0000007f5fea89a0] [MocapTag] [0x00005f2f] [3459] , 15.6643, 2.46608, 2.4474, -0.167788, -0.0800205, 0.180161, -0.0247998, -0.980063, 0, 0, 0, 0, 0, 0, 
[2025-02-03 17:53:20.673713] [0x0000007f5fea89a0] [MocapTag] [0x00005f2f] [3460] , 15.6643, 2.46608, 2.4474, -0.167788, -0.0800205, 0.180161, -0.0247998, -0.980063, 0.0922941, 1.61218, 0.813504, 7.49257, -0.523752, -0.859499, 
[2025-02-03 17:53:20.674191] [0x0000007f5fea89a0] [MocapTag] [0x00005f2f] [3461] , 15.6643, 2.46608, 2.4474, -0.167788, -0.0800205, 0.180161, -0.0247998, -0.980063, 0, 0, 0, 0, 0, 0, 
[2025-02-03 17:53:20.674676] [0x0000007f5fea89a0] [MocapTag] [0x00005f2f] [3462] , 15.6743, 2.46452, 2.46373, -0.160982, -0.0857228, 0.172375, 0.00472954, -0.981283, 0, 0, 0, 0, 0, 0, 
[2025-02-03 17:53:20.675627] [0x0000007f5fea89a0] [MocapTag] [0x00005f2f] [3463] , 15.6743, 2.46452, 2.46373, -0.160982, -0.0857228, 0.172375, 0.00472954, -0.981283, -0.156124, 1.63279, 0.68064, 6.11908, -1.07171, 0, 
[2025-02-03 17:53:20.678004] [0x0000007f5fea89a0] [MocapTag] [0x00005f2f] [3464] , 15.6743, 2.46452, 2.46373, -0.160982, -0.0857228, 0.172375, 0.00472954, -0.981283, 0, 0, 0, 0, 0, 0, 
[2025-02-03 17:53:20.682747] [0x0000007f5fea89a0] [MocapTag] [0x00005f2f] [3466] , 15.6743, 2.46452, 2.46373, -0.160982, -0.0857228, 0.172375, 0.00472954, -0.981283, 0, 0, 0, 0, 0, 0, 
[2025-02-03 17:53:20.685456] [0x0000007f5fea89a0] [MocapTag] [0x00005f2f] [3467] , 15.6843, 2.46461, 2.47826, -0.152616, -0.0903531, 0.162654, 0.0345238, -0.981931, 0, 0, 0, 0, 0, 0, 
[2025-02-03 17:53:20.688483] [0x0000007f5fea89a0] [MocapTag] [0x00005f2f] [3468] , 15.6843, 2.46461, 2.47826, -0.152616, -0.0903531, 0.162654, 0.0345238, -0.981931, 0.00912651, 1.45254, 0.83654, -622.1, -1.42484, -0.13268, 
[2025-02-03 17:53:20.690531] [0x0000007f5fea89a0] [MocapTag] [0x00005f2f] [3470] , 15.6843, 2.46461, 2.47826, -0.152616, -0.0903531, 0.162654, 0.0345238, -0.981931, 0, 0, 0, 0, 0, 0, 
[2025-02-03 17:53:20.693746] [0x0000007f5fea89a0] [MocapTag] [0x00005f2f] [3471] , 15.6843, 2.46378, 2.49313, -0.143331, -0.0938126, 0.155333, 0.0632414, -0.981362, 0, 0, 0, 0, 0, 0, 
[2025-02-03 17:53:20.695822] [0x0000007f5fea89a0] [MocapTag] [0x00005f2f] [3472] , 15.6943, 2.46378, 2.49313, -0.143331, -0.0938126, 0.155333, 0.0632414, -0.981362, -0.0835721, 1.48705, 0.928465, 5.96719, -0.942707, -0.242114, 
[2025-02-03 17:53:20.699138] [0x0000007f5fea89a0] [MocapTag] [0x00005f2f] [3474] , 15.6943, 2.46378, 2.49313, -0.143331, -0.0938126, 0.155333, 0.0632414, -0.981362, 0, 0, 0, 0, 0, 0, 
[2025-02-03 17:53:20.701666] [0x0000007f5fea89a0] [MocapTag] [0x00005f2f] [3475] , 15.6943, 2.46378, 2.49313, -0.143331, -0.0938126, 0.155333, 0.0632414, -0.981362, 0, 0, 0, 0, 0, 0, 
[2025-02-03 17:53:20.704062] [0x0000007f5fea89a0] [MocapTag] [0x00005f2f] [3476] , 15.6943, 2.46439, 2.50798, -0.13239, -0.101347, 0.152831, 0.0899769, -0.978916, 0, 0, 0, 0, 0, 0, 
[2025-02-03 17:53:20.706791] [0x0000007f5fea89a0] [MocapTag] [0x00005f2f] [3477] , 15.7043, 2.46439, 2.50798, -0.13239, -0.101347, 0.152831, 0.0899769, -0.978916, 0.0610436, 1.48545, 1.09419, 5.34005, 0.0752479, 0.693965, 
[2025-02-03 17:53:20.709414] [0x0000007f5fea89a0] [MocapTag] [0x00005f2f] [3479] , 15.7043, 2.46439, 2.50798, -0.13239, -0.101347, 0.152831, 0.0899769, -0.978916, 0, 0, 0, 0, 0, 0, 
[2025-02-03 17:53:20.711811] [0x0000007f5fea89a0] [MocapTag] [0x00005f2f] [3480] , 15.7043, 2.46439, 2.50798, -0.13239, -0.101347, 0.152831, 0.0899769, -0.978916, 0, 0, 0, 0, 0, 0, 
[2025-02-03 17:53:20.716337] [0x0000007f5fea89a0] [MocapTag] [0x00005f2f] [3481] , 15.7143, 2.46439, 2.52203, -0.121591, -0.106625, 0.146037, 0.116124, -0.976637, 0, 0, 0, 0, 0, 0, 
[2025-02-03 17:53:20.718902] [0x0000007f5fea89a0] [MocapTag] [0x00005f2f] [3483] , 15.7143, 2.46439, 2.52203, -0.121591, -0.106625, 0.146037, 0.116124, -0.976637, 0, 1.40461, 1.07983, 5.35951, -0.783846, 0.320029, 
[2025-02-03 17:53:20.721491] [0x0000007f5fea89a0] [MocapTag] [0x00005f2f] [3484] , 15.7143, 2.46439, 2.52203, -0.121591, -0.106625, 0.146037, 0.116124, -0.976637, 0, 0, 0, 0, 0, 0, 
[2025-02-03 17:53:20.724630] [0x0000007f5fea89a0] [MocapTag] [0x00005f2f] [3485] , 15.7143, 2.46311, 2.5371, -0.108428, -0.107609, 0.131666, 0.148351, -0.974205, 0, 0, 0, 0, 0, 0, 
[2025-02-03 17:53:20.726667] [0x0000007f5fea89a0] [MocapTag] [0x00005f2f] [3486] , 15.7243, 2.46311, 2.5371, -0.108428, -0.107609, 0.131666, 0.148351, -0.974205, -0.128537, 1.5067, 1.31629, 6.84686, -2.25807, -0.530005, 
[2025-02-03 17:53:20.731356] [0x0000007f5fea89a0] [MocapTag] [0x00005f2f] [3488] , 15.7243, 2.46311, 2.5371, -0.108428, -0.107609, 0.131666, 0.148351, -0.974205, 0, 0, 0, 0, 0, 0, 
[2025-02-03 17:53:20.732978] [0x0000007f5fea89a0] [MocapTag] [0x00005f2f] [3489] , 15.7243, 2.46343, 2.55117, -0.097549, -0.115357, 0.12284, 0.166259, -0.971577, 0, 0, 0, 0, 0, 0, 
[2025-02-03 17:53:20.735804] [0x0000007f5fea89a0] [MocapTag] [0x00005f2f] [3490] , 15.7343, 2.46343, 2.55117, -0.097549, -0.115357, 0.12284, 0.166259, -0.971577, 0.0320954, 1.40781, 1.08793, 3.599, -1.18973, 1.28243, 
[2025-02-03 17:53:20.738310] [0x0000007f5fea89a0] [MocapTag] [0x00005f2f] [3491] , 15.7343, 2.46343, 2.55117, -0.097549, -0.115357, 0.12284, 0.166259, -0.971577, 0, 0, 0, 0, 0, 0, 
[2025-02-03 17:53:20.740899] [0x0000007f5fea89a0] [MocapTag] [0x00005f2f] [3493] , 15.7343, 2.46343, 2.55117, -0.097549, -0.115357, 0.12284, 0.166259, -0.971577, 0, 0, 0, 0, 0, 0, 
[2025-02-03 17:53:20.743365] [0x0000007f5fea89a0] [MocapTag] [0x00005f2f] [3494] , 15.7343, 2.46221, 2.56389, -0.0879721, -0.119256, 0.112261, 0.180229, -0.969893, 0, 0, 0, 0, 0, 0, 
[2025-02-03 17:53:20.748702] [0x0000007f5fea89a0] [MocapTag] [0x00005f2f] [3495] , 15.7443, 2.46221, 2.56389, -0.0879721, -0.119256, 0.112261, 0.180229, -0.969893, -0.121817, 1.27192, 0.957686, 2.92068, -1.69295, 0.706148, 
[2025-02-03 17:53:20.749332] [0x0000007f5fea89a0] [MocapTag] [0x00005f2f] [3497] , 15.7443, 2.46221, 2.56389, -0.0879721, -0.119256, 0.112261, 0.180229, -0.969893, 0, 0, 0, 0, 0, 0, 
[2025-02-03 17:53:20.753240] [0x0000007f5fea89a0] [MocapTag] [0x00005f2f] [3498] , 15.7443, 2.46221, 2.56389, -0.0879721, -0.119256, 0.112261, 0.180229, -0.969893, 0, 0, 0, 0, 0, 0, 
[2025-02-03 17:53:20.754640] [0x0000007f5fea89a0] [MocapTag] [0x00005f2f] [3499] , 15.7443, 2.46031, 2.57331, -0.0813239, -0.121614, 0.101262, 0.191559, -0.968639, 0, 0, 0, 0, 0, 0, 
[2025-02-03 17:53:20.757307] [0x0000007f5fea89a0] [MocapTag] [0x00005f2f] [3500] , 15.7544, 2.46031, 2.57331, -0.0813239, -0.121614, 0.101262, 0.191559, -0.968639, -0.190431, 0.941368, 0.664825, 2.42579, -1.8583, 0.527477, 
[2025-02-03 17:53:20.761897] [0x0000007f5fea89a0] [MocapTag] [0x00005f2f] [3502] , 15.7544, 2.46031, 2.57331, -0.0813239, -0.121614, 0.101262, 0.191559, -0.968639, 0, 0, 0, 0, 0, 0, 
[2025-02-03 17:53:20.764453] [0x0000007f5fea89a0] [MocapTag] [0x00005f2f] [3503] , 15.7544, 2.45774, 2.57934, -0.078912, -0.122011, 0.092274, 0.200545, -0.967667, 0, 0, 0, 0, 0, 0, 
[2025-02-03 17:53:20.767336] [0x0000007f5fea89a0] [MocapTag] [0x00005f2f] [3504] , 15.7643, 2.45774, 2.57934, -0.078912, -0.122011, 0.092274, 0.200545, -0.967667, -0.256123, 0.603074, 0.241188, 1.96607, -1.56871, 0.164723, 
[2025-02-03 17:53:20.769647] [0x0000007f5fea89a0] [MocapTag] [0x00005f2f] [3506] , 15.7643, 2.45774, 2.57934, -0.078912, -0.122011, 0.092274, 0.200545, -0.967667, 0, 0, 0, 0, 0, 0, 
[2025-02-03 17:53:20.772134] [0x0000007f5fea89a0] [MocapTag] [0x00005f2f] [3507] , 15.7643, 2.45464, 2.58222, -0.0807217, -0.120442, 0.0820125, 0.209222, -0.966951, 0, 0, 0, 0, 0, 0, 
[2025-02-03 17:53:20.774777] [0x0000007f5fea89a0] [MocapTag] [0x00005f2f] [3508] , 15.7743, 2.45464, 2.58222, -0.0807217, -0.120442, 0.0820125, 0.209222, -0.966951, -0.310814, 0.28833, -0.18097, 1.96054, -1.89742, -0.142527, 
[2025-02-03 17:53:20.780005] [0x0000007f5fea89a0] [MocapTag] [0x00005f2f] [3510] , 15.7743, 2.45464, 2.58222, -0.0807217, -0.120442, 0.0820125, 0.209222, -0.966951, 0, 0, 0, 0, 0, 0, 
[2025-02-03 17:53:20.781070] [0x0000007f5fea89a0] [MocapTag] [0x00005f2f] [3511] , 15.7743, 2.45464, 2.58222, -0.0807217, -0.120442, 0.0820125, 0.209222, -0.966951, 0, 0, 0, 0, 0, 0, 
[2025-02-03 17:53:20.783595] [0x0000007f5fea89a0] [MocapTag] [0x00005f2f] [3512] , 15.7743, 2.45078, 2.5825, -0.085459, -0.118023, 0.0726374, 0.217155, -0.966249, 0, 0, 0, 0, 0, 0, 
[2025-02-03 17:53:20.786432] [0x0000007f5fea89a0] [MocapTag] [0x00005f2f] [3513] , 15.7843, 2.45078, 2.5825, -0.085459, -0.118023, 0.0726374, 0.217155, -0.966249, -0.385485, 0.0279066, -0.473734, 1.80812, -1.77314, -0.290608, 
[2025-02-03 17:53:20.788897] [0x0000007f5fea89a0] [MocapTag] [0x00005f2f] [3514] , 15.7843, 2.45078, 2.5825, -0.085459, -0.118023, 0.0726374, 0.217155, -0.966249, 0, 0, 0, 0, 0, 0, 
[2025-02-03 17:53:20.791533] [0x0000007f5fea89a0] [MocapTag] [0x00005f2f] [3516] , 15.7843, 2.45078, 2.5825, -0.085459, -0.118023, 0.0726374, 0.217155, -0.966249, 0, 0, 0, 0, 0, 0, 
[2025-02-03 17:53:20.800058] [0x0000007f5fea89a0] [MocapTag] [0x00005f2f] [3518] , 15.7943, 2.44676, 2.58097, -0.0924038, -0.116967, 0.0659741, 0.221599, -0.965847, 0, 0, 0, 0, 0, 0, 
[2025-02-03 17:53:20.800658] [0x0000007f5fea89a0] [MocapTag] [0x00005f2f] [3519] , 15.7943, 2.44676, 2.58097, -0.0924038, -0.116967, 0.0659741, 0.221599, -0.965847, -0.401696, -0.152967, -0.694471, 1.02398, -1.25672, 0, 
[2025-02-03 17:53:20.801949] [0x0000007f5fea89a0] [MocapTag] [0x00005f2f] [3520] , 15.7943, 2.44276, 2.5785, -0.100693, -0.117566, 0.0597667, 0.221898, -0.966109, 0, 0, 0, 0, 0, 0, 
[2025-02-03 17:53:20.804852] [0x0000007f5fea89a0] [MocapTag] [0x00005f2f] [3521] , 15.8044, 2.44276, 2.5785, -0.100693, -0.117566, 0.0597667, 0.221898, -0.966109, -0.400462, -0.247202, -0.828912, 0.135851, -1.18029, 0.364995, 
[2025-02-03 17:53:20.808585] [0x0000007f5fea89a0] [MocapTag] [0x00005f2f] [3522] , 15.8044, 2.44276, 2.5785, -0.100693, -0.117566, 0.0597667, 0.221898, -0.966109, 0, 0, 0, 0, 0, 0, 
[2025-02-03 17:53:20.811895] [0x0000007f5fea89a0] [MocapTag] [0x00005f2f] [3524] , 15.8044, 2.44276, 2.5785, -0.100693, -0.117566, 0.0597667, 0.221898, -0.966109, 0, 0, 0, 0, 0, 0, 
[2025-02-03 17:53:20.814474] [0x0000007f5fea89a0] [MocapTag] [0x00005f2f] [3525] , 15.8044, 2.43917, 2.57534, -0.109911, -0.120838, 0.0536603, 0.217507, -0.967062, 0, 0, 0, 0, 0, 0, 
[2025-02-03 17:53:20.817455] [0x0000007f5fea89a0] [MocapTag] [0x00005f2f] [3526] , 15.8143, 2.43917, 2.57534, -0.109911, -0.120838, 0.0536603, 0.217507, -0.967062, -0.358755, -0.315772, -0.921809, -0.864959, -1.14569, 0.968552, 
[2025-02-03 17:53:20.820090] [0x0000007f5fea89a0] [MocapTag] [0x00005f2f] [3528] , 15.8143, 2.43917, 2.57534, -0.109911, -0.120838, 0.0536603, 0.217507, -0.967062, 0, 0, 0, 0, 0, 0, 
[2025-02-03 17:53:20.822564] [0x0000007f5fea89a0] [MocapTag] [0x00005f2f] [3529] , 15.8143, 2.43568, 2.57178, -0.119209, -0.125216, 0.0482377, 0.211082, -0.968214, 0, 0, 0, 0, 0, 0, 
[2025-02-03 17:53:20.826641] [0x0000007f5fea89a0] [MocapTag] [0x00005f2f] [3530] , 15.8243, 2.43568, 2.57178, -0.119209, -0.125216, 0.0482377, 0.211082, -0.968214, -0.349599, -0.35637, -0.929759, -1.29366, -1.01992, 1.18153, 
[2025-02-03 17:53:20.829117] [0x0000007f5fea89a0] [MocapTag] [0x00005f2f] [3532] , 15.8243, 2.43568, 2.57178, -0.119209, -0.125216, 0.0482377, 0.211082, -0.968214, 0, 0, 0, 0, 0, 0, 
[2025-02-03 17:53:20.831761] [0x0000007f5fea89a0] [MocapTag] [0x00005f2f] [3533] , 15.8243, 2.43568, 2.57178, -0.119209, -0.125216, 0.0482377, 0.211082, -0.968214, 0, 0, 0, 0, 0, 0, 
[2025-02-03 17:53:20.834468] [0x0000007f5fea89a0] [MocapTag] [0x00005f2f] [3534] , 15.8243, 2.43202, 2.56788, -0.128044, -0.129353, 0.0434927, 0.204359, -0.969337, 0, 0, 0, 0, 0, 0, 
[2025-02-03 17:53:20.836804] [0x0000007f5fea89a0] [MocapTag] [0x00005f2f] [3535] , 15.8343, 2.43202, 2.56788, -0.128044, -0.129353, 0.0434927, 0.204359, -0.969337, -0.365647, -0.389531, -0.883524, -1.34635, -0.917609, 1.09942, 
[2025-02-03 17:53:20.839352] [0x0000007f5fea89a0] [MocapTag] [0x00005f2f] [3537] , 15.8343, 2.43202, 2.56788, -0.128044, -0.129353, 0.0434927, 0.204359, -0.969337, 0, 0, 0, 0, 0, 0, 
[2025-02-03 17:53:20.842617] [0x0000007f5fea89a0] [MocapTag] [0x00005f2f] [3538] , 15.8343, 2.43202, 2.56788, -0.128044, -0.129353, 0.0434927, 0.204359, -0.969337, 0, 0, 0, 0, 0, 0, 
[2025-02-03 17:53:20.846315] [0x0000007f5fea89a0] [MocapTag] [0x00005f2f] [3539] , 15.8443, 2.4284, 2.56301, -0.136373, -0.133213, 0.0377488, 0.199016, -0.970166, 0, 0, 0, 0, 0, 0, 
[2025-02-03 17:53:20.848597] [0x0000007f5fea89a0] [MocapTag] [0x00005f2f] [3540] , 15.8443, 2.4284, 2.56301, -0.136373, -0.133213, 0.0377488, 0.199016, -0.970166, -0.362127, -0.48711, -0.832916, -1.02596, -1.1015, 1.05023, 
[2025-02-03 17:53:20.850332] [0x0000007f5fea89a0] [MocapTag] [0x00005f2f] [3542] , 15.8443, 2.4284, 2.56301, -0.136373, -0.133213, 0.0377488, 0.199016, -0.970166, 0, 0, 0, 0, 0, 0, 
[2025-02-03 17:53:20.852684] [0x0000007f5fea89a0] [MocapTag] [0x00005f2f] [3543] , 15.8443, 2.42419, 2.55927, -0.14275, -0.135618, 0.0337053, 0.194249, -0.970948, 0, 0, 0, 0, 0, 0, 
[2025-02-03 17:53:20.856442] [0x0000007f5fea89a0] [MocapTag] [0x00005f2f] [3544] , 15.8543, 2.42419, 2.55927, -0.14275, -0.135618, 0.0337053, 0.194249, -0.970948, -0.420542, -0.373773, -0.637686, -0.913572, -0.819006, 0.682473, 
[2025-02-03 17:53:20.860066] [0x0000007f5fea89a0] [MocapTag] [0x00005f2f] [3546] , 15.8543, 2.42419, 2.55927, -0.14275, -0.135618, 0.0337053, 0.194249, -0.970948, 0, 0, 0, 0, 0, 0, 
[2025-02-03 17:53:20.862449] [0x0000007f5fea89a0] [MocapTag] [0x00005f2f] [3547] , 15.8543, 2.42009, 2.5553, -0.148376, -0.138357, 0.0297973, 0.189055, -0.971714, 0, 0, 0, 0, 0, 0, 
[2025-02-03 17:53:20.865154] [0x0000007f5fea89a0] [MocapTag] [0x00005f2f] [3548] , 15.8643, 2.42009, 2.5553, -0.148376, -0.138357, 0.0297973, 0.189055, -0.971714, -0.410351, -0.397496, -0.562648, -0.998545, -0.796829, 0.742006, 
[2025-02-03 17:53:20.867695] [0x0000007f5fea89a0] [MocapTag] [0x00005f2f] [3549] , 15.8643, 2.42009, 2.5553, -0.148376, -0.138357, 0.0297973, 0.189055, -0.971714, 0, 0, 0, 0, 0, 0, 
[2025-02-03 17:53:20.870256] [0x0000007f5fea89a0] [MocapTag] [0x00005f2f] [3551] , 15.8643, 2.42009, 2.5553, -0.148376, -0.138357, 0.0297973, 0.189055, -0.971714, 0, 0, 0, 0, 0, 0, 
[2025-02-03 17:53:20.874616] [0x0000007f5fea89a0] [MocapTag] [0x00005f2f] [3552] , 15.8643, 2.41905, 2.54462, -0.162984, -0.147808, 0.0376105, 0.177029, -0.972316, 0, 0, 0, 0, 0, 0, 
[2025-02-03 17:53:20.878469] [0x0000007f5fea89a0] [MocapTag] [0x00005f2f] [3553] , 15.8743, 2.41905, 2.54462, -0.162984, -0.147808, 0.0376105, 0.177029, -0.972316, -0.103647, -1.06793, -1.46077, -2.72927, 1.53551, 1.77474, 
[2025-02-03 17:53:20.879566] [0x0000007f5fea89a0] [MocapTag] [0x00005f2f] [3555] , 15.8743, 2.41905, 2.54462, -0.162984, -0.147808, 0.0376105, 0.177029, -0.972316, 0, 0, 0, 0, 0, 0, 
[2025-02-03 17:53:20.882156] [0x0000007f5fea89a0] [MocapTag] [0x00005f2f] [3556] , 15.8743, 2.41472, 2.54038, -0.166559, -0.151916, 0.0361551, 0.172026, -0.972636, 0, 0, 0, 0, 0, 0, 
[2025-02-03 17:53:20.885280] [0x0000007f5fea89a0] [MocapTag] [0x00005f2f] [3557] , 15.8843, 2.41472, 2.54038, -0.166559, -0.151916, 0.0361551, 0.172026, -0.972636, -0.433103, -0.423548, -0.357489, -1.02587, -0.289512, 0.930572, 
[2025-02-03 17:53:20.887405] [0x0000007f5fea89a0] [MocapTag] [0x00005f2f] [3558] , 15.8843, 2.41472, 2.54038, -0.166559, -0.151916, 0.0361551, 0.172026, -0.972636, 0, 0, 0, 0, 0, 0, 
[2025-02-03 17:53:20.891804] [0x0000007f5fea89a0] [MocapTag] [0x00005f2f] [3560] , 15.8843, 2.41472, 2.54038, -0.166559, -0.151916, 0.0361551, 0.172026, -0.972636, 0, 0, 0, 0, 0, 0, 
[2025-02-03 17:53:20.894566] [0x0000007f5fea89a0] [MocapTag] [0x00005f2f] [3561] , 15.8843, 2.41078, 2.53605, -0.170103, -0.156857, 0.0319348, 0.163335, -0.973498, 0, 0, 0, 0, 0, 0, 
[2025-02-03 17:53:20.898966] [0x0000007f5fea89a0] [MocapTag] [0x00005f2f] [3563] , 15.8943, 2.41078, 2.53605, -0.170103, -0.156857, 0.0319348, 0.163335, -0.973498, -0.394614, -0.433565, -0.35438, -1.70009, -0.924552, 1.21813, 
[2025-02-03 17:53:20.900042] [0x0000007f5fea89a0] [MocapTag] [0x00005f2f] [3564] , 15.8943, 2.41078, 2.53605, -0.170103, -0.156857, 0.0319348, 0.163335, -0.973498, 0, 0, 0, 0, 0, 0, 
[2025-02-03 17:53:20.902292] [0x0000007f5fea89a0] [MocapTag] [0x00005f2f] [3565] , 15.8943, 0, 0, 0, -0, 0, 0, -0, 0, 0, 0, 0, 0, 0, 
[2025-02-03 17:53:20.907618] [0x0000007f5fea89a0] [MocapTag] [0x00005f2f] [3566] , 15.9043, 0, 0, 0, -0, 0, 0, -0, 0, 0, 0, 282.641, -11.3662, 284.016, 
[2025-02-03 17:53:20.908648] [0x0000007f5fea89a0] [MocapTag] [0x00005f2f] [3567] , 15.9043, 0, 0, 0, -0, 0, 0, -0, 0, 0, 0, 0, 0, 0, 
[2025-02-03 17:53:20.910975] [0x0000007f5fea89a0] [MocapTag] [0x00005f2f] [3569] , 15.9043, 0, 0, 0, -0, 0, 0, -0, 0, 0, 0, 0, 0, 0, 
[2025-02-03 17:53:20.913419] [0x0000007f5fea89a0] [MocapTag] [0x00005f2f] [3570] , 15.9043, 0, 0, 0, -0, 0, 0, -0, 0, 0, 0, 0, 0, 0, 
[2025-02-03 17:53:20.916272] [0x0000007f5fea89a0] [MocapTag] [0x00005f2f] [3571] , 15.9143, 0, 0, 0, -0, 0, 0, -0, 0, 0, 0, 0, 0, 0, 
[2025-02-03 17:53:20.918545] [0x0000007f5fea89a0] [MocapTag] [0x00005f2f] [3572] , 15.9143, 0, 0, 0, -0, 0, 0, -0, 0, 0, 0, 0, 0, 0, 
[2025-02-03 17:53:20.922112] [0x0000007f5fea89a0] [MocapTag] [0x00005f2f] [3574] , 15.9143, 0, 0, 0, -0, 0, 0, -0, 0, 0, 0, 0, 0, 0, 
[2025-02-03 17:53:20.924584] [0x0000007f5fea89a0] [MocapTag] [0x00005f2f] [3575] , 15.9143, 0, 0, 0, -0, 0, 0, -0, 0, 0, 0, 0, 0, 0, 
[2025-02-03 17:53:20.927134] [0x0000007f5fea89a0] [MocapTag] [0x00005f2f] [3576] , 15.9243, 0, 0, 0, -0, 0, 0, -0, 0, 0, 0, 0, 0, 0, 
[2025-02-03 17:53:20.929654] [0x0000007f5fea89a0] [MocapTag] [0x00005f2f] [3578] , 15.9243, 0, 0, 0, -0, 0, 0, -0, 0, 0, 0, 0, 0, 0, 
[2025-02-03 17:53:20.933357] [0x0000007f5fea89a0] [MocapTag] [0x00005f2f] [3579] , 15.9243, 0, 0, 0, -0, 0, 0, -0, 0, 0, 0, 0, 0, 0, 
[2025-02-03 17:53:20.934446] [0x0000007f5fea89a0] [MocapTag] [0x00005f2f] [3580] , 15.9243, 0, 0, 0, -0, 0, 0, -0, 0, 0, 0, 0, 0, 0, 
[2025-02-03 17:53:20.937578] [0x0000007f5fea89a0] [MocapTag] [0x00005f2f] [3581] , 15.9343, 0, 0, 0, -0, 0, 0, -0, 0, 0, 0, 0, 0, 0, 
[2025-02-03 17:53:20.939935] [0x0000007f5fea89a0] [MocapTag] [0x00005f2f] [3583] , 15.9343, 0, 0, 0, -0, 0, 0, -0, 0, 0, 0, 0, 0, 0, 
[2025-02-03 17:53:20.942441] [0x0000007f5fea89a0] [MocapTag] [0x00005f2f] [3584] , 15.9343, 0, 0, 0, -0, 0, 0, -0, 0, 0, 0, 0, 0, 0, 
[2025-02-03 17:53:20.945194] [0x0000007f5fea89a0] [MocapTag] [0x00005f2f] [3585] , 15.9443, 0, 0, 0, -0, 0, 0, -0, 0, 0, 0, 0, 0, 0, 
[2025-02-03 17:53:20.947579] [0x0000007f5fea89a0] [MocapTag] [0x00005f2f] [3586] , 15.9443, 0, 0, 0, -0, 0, 0, -0, 0, 0, 0, 0, 0, 0, 
[2025-02-03 17:53:20.953432] [0x0000007f5fea89a0] [MocapTag] [0x00005f2f] [3588] , 15.9443, 0, 0, 0, -0, 0, 0, -0, 0, 0, 0, 0, 0, 0, 
[2025-02-03 17:53:20.953980] [0x0000007f5fea89a0] [MocapTag] [0x00005f2f] [3589] , 15.9443, 0, 0, 0, -0, 0, 0, -0, 0, 0, 0, 0, 0, 0, 
[2025-02-03 17:53:20.956025] [0x0000007f5fea89a0] [MocapTag] [0x00005f2f] [3590] , 15.9543, 0, 0, 0, -0, 0, 0, -0, 0, 0, 0, 0, 0, 0, 
[2025-02-03 17:53:20.958555] [0x0000007f5fea89a0] [MocapTag] [0x00005f2f] [3591] , 15.9543, 0, 0, 0, -0, 0, 0, -0, 0, 0, 0, 0, 0, 0, 
[2025-02-03 17:53:20.962356] [0x0000007f5fea89a0] [MocapTag] [0x00005f2f] [3593] , 15.9543, 0, 0, 0, -0, 0, 0, -0, 0, 0, 0, 0, 0, 0, 
[2025-02-03 17:53:20.963637] [0x0000007f5fea89a0] [MocapTag] [0x00005f2f] [3594] , 15.9543, 0, 0, 0, -0, 0, 0, -0, 0, 0, 0, 0, 0, 0, 
[2025-02-03 17:53:20.966125] [0x0000007f5fea89a0] [MocapTag] [0x00005f2f] [3595] , 15.9643, 0, 0, 0, -0, 0, 0, -0, 0, 0, 0, 0, 0, 0, 
[2025-02-03 17:53:20.969413] [0x0000007f5fea89a0] [MocapTag] [0x00005f2f] [3597] , 15.9643, 0, 0, 0, -0, 0, 0, -0, 0, 0, 0, 0, 0, 0, 
[2025-02-03 17:53:20.971751] [0x0000007f5fea89a0] [MocapTag] [0x00005f2f] [3598] , 15.9643, 0, 0, 0, -0, 0, 0, -0, 0, 0, 0, 0, 0, 0, 
[2025-02-03 17:53:20.974075] [0x0000007f5fea89a0] [MocapTag] [0x00005f2f] [3599] , 15.9643, 0, 0, 0, -0, 0, 0, -0, 0, 0, 0, 0, 0, 0, 
[2025-02-03 17:53:20.977451] [0x0000007f5fea89a0] [MocapTag] [0x00005f2f] [3600] , 15.9743, 0, 0, 0, -0, 0, 0, -0, 0, 0, 0, 0, 0, 0, 
[2025-02-03 17:53:20.979069] [0x0000007f5fea89a0] [MocapTag] [0x00005f2f] [3602] , 15.9743, 0, 0, 0, -0, 0, 0, -0, 0, 0, 0, 0, 0, 0, 
[2025-02-03 17:53:20.981708] [0x0000007f5fea89a0] [MocapTag] [0x00005f2f] [3603] , 15.9743, 0, 0, 0, -0, 0, 0, -0, 0, 0, 0, 0, 0, 0, 
[2025-02-03 17:53:20.985612] [0x0000007f5fea89a0] [MocapTag] [0x00005f2f] [3604] , 15.9843, 2.3534, 2.06382, 0.0104677, -0.160548, -0.181989, 0.962706, -0.119587, 0, 0, 0, 0, 0, 0, 
[2025-02-03 17:53:20.988146] [0x0000007f5fea89a0] [MocapTag] [0x00005f2f] [3605] , 15.9843, 2.3534, 2.06382, 0.0104677, -0.160548, -0.181989, 0.962706, -0.119587, -5.73737, -47.2226, 18.057, -30.4111, 26.882, -272.649, 
[2025-02-03 17:53:20.990790] [0x0000007f5fea89a0] [MocapTag] [0x00005f2f] [3607] , 15.9843, 2.3534, 2.06382, 0.0104677, -0.160548, -0.181989, 0.962706, -0.119587, 0, 0, 0, 0, 0, 0, 
[2025-02-03 17:53:20.993439] [0x0000007f5fea89a0] [MocapTag] [0x00005f2f] [3608] , 15.9843, 2.35759, 2.06617, 0.0203233, -0.186396, -0.183175, 0.958685, -0.112368, 0, 0, 0, 0, 0, 0, 
[2025-02-03 17:53:20.996063] [0x0000007f5fea89a0] [MocapTag] [0x00005f2f] [3609] , 15.9943, 2.35759, 2.06617, 0.0203233, -0.186396, -0.183175, 0.958685, -0.112368, 0.419122, 0.234714, 0.985557, 0.0376225, 5.29266, 1.21427, 
[2025-02-03 17:53:21.001131] [0x0000007f5fea89a0] [MocapTag] [0x00005f2f] [3611] , 15.9943, 2.35759, 2.06617, 0.0203233, -0.186396, -0.183175, 0.958685, -0.112368, 0, 0, 0, 0, 0, 0, 
[2025-02-03 17:53:21.003457] [0x0000007f5fea89a0] [MocapTag] [0x00005f2f] [3612] , 15.9943, 0, 0, 0, -0, 0, 0, -0, 0, 0, 0, 0, 0, 0, 
[2025-02-03 17:53:21.006587] [0x0000007f5fea89a0] [MocapTag] [0x00005f2f] [3613] , 16.0043, 0, 0, 0, -0, 0, 0, -0, 0, 0, 0, 30.3735, -32.1747, 271.434, 
[2025-02-03 17:53:21.008453] [0x0000007f5fea89a0] [MocapTag] [0x00005f2f] [3614] , 16.0043, 0, 0, 0, -0, 0, 0, -0, 0, 0, 0, 0, 0, 0, 
[2025-02-03 17:53:21.010991] [0x0000007f5fea89a0] [MocapTag] [0x00005f2f] [3616] , 16.0043, 0, 0, 0, -0, 0, 0, -0, 0, 0, 0, 0, 0, 0, 
[2025-02-03 17:53:21.013295] [0x0000007f5fea89a0] [MocapTag] [0x00005f2f] [3617] , 16.0043, 0, 0, 0, -0, 0, 0, -0, 0, 0, 0, 0, 0, 0, 
[2025-02-03 17:53:21.017859] [0x0000007f5fea89a0] [MocapTag] [0x00005f2f] [3618] , 16.0143, 0, 0, 0, -0, 0, 0, -0, 0, 0, 0, 0, 0, 0, 
[2025-02-03 17:53:21.020372] [0x0000007f5fea89a0] [MocapTag] [0x00005f2f] [3620] , 16.0143, 0, 0, 0, -0, 0, 0, -0, 0, 0, 0, 0, 0, 0, 
[2025-02-03 17:53:21.022908] [0x0000007f5fea89a0] [MocapTag] [0x00005f2f] [3621] , 16.0143, 0, 0, 0, -0, 0, 0, -0, 0, 0, 0, 0, 0, 0, 
[2025-02-03 17:53:21.025658] [0x0000007f5fea89a0] [MocapTag] [0x00005f2f] [3622] , 16.0243, 0, 0, 0, -0, 0, 0, -0, 0, 0, 0, 0, 0, 0, 
[2025-02-03 17:53:21.028061] [0x0000007f5fea89a0] [MocapTag] [0x00005f2f] [3623] , 16.0243, 0, 0, 0, -0, 0, 0, -0, 0, 0, 0, 0, 0, 0, 
[2025-02-03 17:53:21.032353] [0x0000007f5fea89a0] [MocapTag] [0x00005f2f] [3625] , 16.0243, 0, 0, 0, -0, 0, 0, -0, 0, 0, 0, 0, 0, 0, 
[2025-02-03 17:53:21.034732] [0x0000007f5fea89a0] [MocapTag] [0x00005f2f] [3626] , 16.0343, 0, 0, 0, -0, 0, 0, -0, 0, 0, 0, 0, 0, 0, 
[2025-02-03 17:53:21.037288] [0x0000007f5fea89a0] [MocapTag] [0x00005f2f] [3627] , 16.0343, 0, 0, 0, -0, 0, 0, -0, 0, 0, 0, 0, 0, 0, 
[2025-02-03 17:53:21.039538] [0x0000007f5fea89a0] [MocapTag] [0x00005f2f] [3629] , 16.0343, 0, 0, 0, -0, 0, 0, -0, 0, 0, 0, 0, 0, 0, 
[2025-02-03 17:53:21.042118] [0x0000007f5fea89a0] [MocapTag] [0x00005f2f] [3630] , 16.0343, 2.5162, 1.97456, -0.189627, 0.128325, 0.177209, 0.766613, -0.603684, 0, 0, 0, 0, 0, 0, 
[2025-02-03 17:53:21.044783] [0x0000007f5fea89a0] [MocapTag] [0x00005f2f] [3631] , 16.0443, 2.5162, 1.97456, -0.189627, 0.128325, 0.177209, 0.766613, -0.603684, 15.8609, -9.16068, -20.995, -133.025, 1.72048, 270.075, 
[2025-02-03 17:53:21.048973] [0x0000007f5fea89a0] [MocapTag] [0x00005f2f] [3633] , 16.0443, 2.5162, 1.97456, -0.189627, 0.128325, 0.177209, 0.766613, -0.603684, 0, 0, 0, 0, 0, 0, 
[2025-02-03 17:53:21.051502] [0x0000007f5fea89a0] [MocapTag] [0x00005f2f] [3634] , 16.0443, 2.5162, 1.97456, -0.189627, 0.128325, 0.177209, 0.766613, -0.603684, 0, 0, 0, 0, 0, 0, 
[2025-02-03 17:53:21.053644] [0x0000007f5fea89a0] [MocapTag] [0x00005f2f] [3635] , 16.0443, 2.51576, 1.97585, -0.190245, 0.128085, 0.176181, 0.766887, -0.603688, 0, 0, 0, 0, 0, 0, 
[2025-02-03 17:53:21.056590] [0x0000007f5fea89a0] [MocapTag] [0x00005f2f] [3636] , 16.0543, 2.51576, 1.97585, -0.190245, 0.128085, 0.176181, 0.766887, -0.603688, -0.0438544, 0.1289, -0.0617739, 0, -0.0940775, 0.19629, 
[2025-02-03 17:53:21.058964] [0x0000007f5fea89a0] [MocapTag] [0x00005f2f] [3638] , 16.0543, 2.51576, 1.97585, -0.190245, 0.128085, 0.176181, 0.766887, -0.603688, 0, 0, 0, 0, 0, 0, 
[2025-02-03 17:53:21.061660] [0x0000007f5fea89a0] [MocapTag] [0x00005f2f] [3639] , 16.0543, 2.51576, 1.97585, -0.190245, 0.128085, 0.176181, 0.766887, -0.603688, 0, 0, 0, 0, 0, 0, 
[2025-02-03 17:53:21.065489] [0x0000007f5fea89a0] [MocapTag] [0x00005f2f] [3640] , 16.0643, 2.51599, 1.97673, -0.190596, 0.12835, 0.176097, 0.766556, -0.604077, 0, 0, 0, 0, 0, 0, 
[2025-02-03 17:53:21.068104] [0x0000007f5fea89a0] [MocapTag] [0x00005f2f] [3641] , 16.0643, 2.51599, 1.97673, -0.190596, 0.12835, 0.176097, 0.766556, -0.604077, 0.022131, 0.0882654, -0.035107, -0.110829, 0, 0, 
[2025-02-03 17:53:21.070723] [0x0000007f5fea89a0] [MocapTag] [0x00005f2f] [3643] , 16.0643, 2.51599, 1.97673, -0.190596, 0.12835, 0.176097, 0.766556, -0.604077, 0, 0, 0, 0, 0, 0, 
[2025-02-03 17:53:21.073196] [0x0000007f5fea89a0] [MocapTag] [0x00005f2f] [3644] , 16.0643, 2.33826, 2.46652, -0.0597035, -0.213399, -0.0590094, 0.0191289, -0.974994, 0, 0, 0, 0, 0, 0, 
[2025-02-03 17:53:21.076064] [0x0000007f5fea89a0] [MocapTag] [0x00005f2f] [3645] , 16.0743, 2.33826, 2.46652, -0.0597035, -0.213399, -0.0590094, 0.0191289, -0.974994, -17.7729, 48.9789, 13.0892, -174.746, -12.3086, -540.98, 
[2025-02-03 17:53:21.080124] [0x0000007f5fea89a0] [MocapTag] [0x00005f2f] [3647] , 16.0743, 2.33826, 2.46652, -0.0597035, -0.213399, -0.0590094, 0.0191289, -0.974994, 0, 0, 0, 0, 0, 0, 
[2025-02-03 17:53:21.082562] [0x0000007f5fea89a0] [MocapTag] [0x00005f2f] [3648] , 16.0743, 2.33677, 2.46138, -0.0532489, -0.216726, -0.0557211, -0.00976631, -0.974592, 0, 0, 0, 0, 0, 0, 
[2025-02-03 17:53:21.085661] [0x0000007f5fea89a0] [MocapTag] [0x00005f2f] [3649] , 16.0843, 2.33677, 2.46138, -0.0532489, -0.216726, -0.0557211, -0.00976631, -0.974592, -0.148721, -0.514452, 0.645456, -5.77388, -0.597679, 0.360227, 
[2025-02-03 17:53:21.087809] [0x0000007f5fea89a0] [MocapTag] [0x00005f2f] [3650] , 16.0843, 2.33677, 2.46138, -0.0532489, -0.216726, -0.0557211, -0.00976631, -0.974592, 0, 0, 0, 0, 0, 0, 
[2025-02-03 17:53:21.090235] [0x0000007f5fea89a0] [MocapTag] [0x00005f2f] [3652] , 16.0843, 2.33677, 2.46138, -0.0532489, -0.216726, -0.0557211, -0.00976631, -0.974592, 0, 0, 0, 0, 0, 0, 
[2025-02-03 17:53:21.092862] [0x0000007f5fea89a0] [MocapTag] [0x00005f2f] [3653] , 16.0843, 2.33591, 2.45468, -0.051337, -0.214786, -0.0530903, -0.0250365, -0.974896, 0, 0, 0, 0, 0, 0, 
[2025-02-03 17:53:21.097189] [0x0000007f5fea89a0] [MocapTag] [0x00005f2f] [3654] , 16.0943, 2.33591, 2.45468, -0.051337, -0.214786, -0.0530903, -0.0250365, -0.974896, -0.0863058, -0.669275, 0.191195, 625.185, -0.143534, -0.572014, 
[2025-02-03 17:53:21.099516] [0x0000007f5fea89a0] [MocapTag] [0x00005f2f] [3656] , 16.0943, 2.33591, 2.45468, -0.051337, -0.214786, -0.0530903, -0.0250365, -0.974896, 0, 0, 0, 0, 0, 0, 
[2025-02-03 17:53:21.102035] [0x0000007f5fea89a0] [MocapTag] [0x00005f2f] [3657] , 16.0943, 2.33467, 2.45072, -0.0506798, -0.212682, -0.0498733, -0.0283137, -0.975437, 0, 0, 0, 0, 0, 0, 
[2025-02-03 17:53:21.105514] [0x0000007f5fea89a0] [MocapTag] [0x00005f2f] [3658] , 16.1043, 2.33467, 2.45072, -0.0506798, -0.212682, -0.0498733, -0.0283137, -0.975437, -0.123484, -0.396185, 0.0657209, -0.804973, 0.496088, -0.472498, 
[2025-02-03 17:53:21.107104] [0x0000007f5fea89a0] [MocapTag] [0x00005f2f] [3659] , 16.1043, 2.33467, 2.45072, -0.0506798, -0.212682, -0.0498733, -0.0283137, -0.975437, 0, 0, 0, 0, 0, 0, 
[2025-02-03 17:53:21.109707] [0x0000007f5fea89a0] [MocapTag] [0x00005f2f] [3661] , 16.1043, 2.33467, 2.45072, -0.0506798, -0.212682, -0.0498733, -0.0283137, -0.975437, 0, 0, 0, 0, 0, 0, 
[2025-02-03 17:53:21.113107] [0x0000007f5fea89a0] [MocapTag] [0x00005f2f] [3662] , 16.1043, 2.33541, 2.44707, -0.0539096, -0.210745, -0.0529617, -0.0245772, -0.975796, 0, 0, 0, 0, 0, 0, 
[2025-02-03 17:53:21.115889] [0x0000007f5fea89a0] [MocapTag] [0x00005f2f] [3663] , 16.1143, 2.33541, 2.44707, -0.0539096, -0.210745, -0.0529617, -0.0245772, -0.975796, 0.0734032, -0.365525, -0.322984, 0.842214, -0.4406, -0.354004, 
[2025-02-03 17:53:21.118345] [0x0000007f5fea89a0] [MocapTag] [0x00005f2f] [3664] , 16.1143, 2.33541, 2.44707, -0.0539096, -0.210745, -0.0529617, -0.0245772, -0.975796, 0, 0, 0, 0, 0, 0, 
[2025-02-03 17:53:21.120730] [0x0000007f5fea89a0] [MocapTag] [0x00005f2f] [3666] , 16.1143, 2.33541, 2.44707, -0.0539096, -0.210745, -0.0529617, -0.0245772, -0.975796, 0, 0, 0, 0, 0, 0, 
[2025-02-03 17:53:21.123232] [0x0000007f5fea89a0] [MocapTag] [0x00005f2f] [3667] , 16.1143, 2.3366, 2.44775, -0.0592326, -0.203471, -0.0421589, -0.0257162, -0.977835, 0, 0, 0, 0, 0, 0, 
[2025-02-03 17:53:21.127442] [0x0000007f5fea89a0] [MocapTag] [0x00005f2f] [3668] , 16.1243, 2.3366, 2.44775, -0.0592326, -0.203471, -0.0421589, -0.0257162, -0.977835, 0.119633, 0.0681579, -0.532298, -0.747418, 2.09173, -1.51775, 
[2025-02-03 17:53:21.131476] [0x0000007f5fea89a0] [MocapTag] [0x00005f2f] [3670] , 16.1243, 2.3366, 2.44775, -0.0592326, -0.203471, -0.0421589, -0.0257162, -0.977835, 0, 0, 0, 0, 0, 0, 
[2025-02-03 17:53:21.132787] [0x0000007f5fea89a0] [MocapTag] [0x00005f2f] [3671] , 16.1243, 2.33923, 2.44765, -0.067513, -0.205323, -0.0347282, -0.0298788, -0.977621, 0, 0, 0, 0, 0, 0, 
[2025-02-03 17:53:21.135711] [0x0000007f5fea89a0] [MocapTag] [0x00005f2f] [3672] , 16.1343, 2.33923, 2.44765, -0.067513, -0.205323, -0.0347282, -0.0298788, -0.977621, 0.262755, -0.00964, -0.828043, -1.10302, 1.27902, 0.348878, 
[2025-02-03 17:53:21.138075] [0x0000007f5fea89a0] [MocapTag] [0x00005f2f] [3673] , 16.1343, 2.33923, 2.44765, -0.067513, -0.205323, -0.0347282, -0.0298788, -0.977621, 0, 0, 0, 0, 0, 0, 
[2025-02-03 17:53:21.140765] [0x0000007f5fea89a0] [MocapTag] [0x00005f2f] [3675] , 16.1343, 2.33923, 2.44765, -0.067513, -0.205323, -0.0347282, -0.0298788, -0.977621, 0, 0, 0, 0, 0, 0, 
[2025-02-03 17:53:21.144320] [0x0000007f5fea89a0] [MocapTag] [0x00005f2f] [3676] , 16.1343, 2.34289, 2.44814, -0.0766313, -0.210084, -0.0202841, -0.0374899, -0.976754, 0, 0, 0, 0, 0, 0, 
[2025-02-03 17:53:21.147199] [0x0000007f5fea89a0] [MocapTag] [0x00005f2f] [3677] , 16.1443, 2.34289, 2.44814, -0.0766313, -0.210084, -0.0202841, -0.0374899, -0.976754, 0.365831, 0.0487555, -0.911824, -2.05424, 2.48524, 0.966477, 
[2025-02-03 17:53:21.149539] [0x0000007f5fea89a0] [MocapTag] [0x00005f2f] [3679] , 16.1443, 2.34289, 2.44814, -0.0766313, -0.210084, -0.0202841, -0.0374899, -0.976754, 0, 0, 0, 0, 0, 0, 
[2025-02-03 17:53:21.152119] [0x0000007f5fea89a0] [MocapTag] [0x00005f2f] [3680] , 16.1443, 2.34625, 2.44966, -0.0835894, -0.212836, -0.0123173, -0.0383615, -0.976257, 0, 0, 0, 0, 0, 0, 
[2025-02-03 17:53:21.155171] [0x0000007f5fea89a0] [MocapTag] [0x00005f2f] [3681] , 16.1543, 2.34625, 2.44966, -0.0835894, -0.212836, -0.0123173, -0.0383615, -0.976257, 0.335779, 0.152042, -0.695811, -0.491285, 1.50154, 0.598288, 
[2025-02-03 17:53:21.157411] [0x0000007f5fea89a0] [MocapTag] [0x00005f2f] [3682] , 16.1543, 2.34625, 2.44966, -0.0835894, -0.212836, -0.0123173, -0.0383615, -0.976257, 0, 0, 0, 0, 0, 0, 
[2025-02-03 17:53:21.160748] [0x0000007f5fea89a0] [MocapTag] [0x00005f2f] [3684] , 16.1543, 2.34625, 2.44966, -0.0835894, -0.212836, -0.0123173, -0.0383615, -0.976257, 0, 0, 0, 0, 0, 0, 
[2025-02-03 17:53:21.163179] [0x0000007f5fea89a0] [MocapTag] [0x00005f2f] [3685] , 16.1543, 2.34957, 2.45111, -0.0894535, -0.21461, -0.00514089, -0.0370225, -0.975984, 0, 0, 0, 0, 0, 0, 
[2025-02-03 17:53:21.166070] [0x0000007f5fea89a0] [MocapTag] [0x00005f2f] [3686] , 16.1643, 2.34957, 2.45111, -0.0894535, -0.21461, -0.00514089, -0.0370225, -0.975984, 0.332393, 0.144506, -0.586406, -0.0369549, 1.44616, 0.408435, 
[2025-02-03 17:53:21.168434] [0x0000007f5fea89a0] [MocapTag] [0x00005f2f] [3687] , 16.1643, 2.34957, 2.45111, -0.0894535, -0.21461, -0.00514089, -0.0370225, -0.975984, 0, 0, 0, 0, 0, 0, 
[2025-02-03 17:53:21.170981] [0x0000007f5fea89a0] [MocapTag] [0x00005f2f] [3689] , 16.1643, 2.34957, 2.45111, -0.0894535, -0.21461, -0.00514089, -0.0370225, -0.975984, 0, 0, 0, 0, 0, 0, 
[2025-02-03 17:53:21.173311] [0x0000007f5fea89a0] [MocapTag] [0x00005f2f] [3690] , 16.1643, 2.35289, 2.45247, -0.0947247, -0.215871, 0.000698582, -0.0359481, -0.97576, 0, 0, 0, 0, 0, 0, 
[2025-02-03 17:53:21.176803] [0x0000007f5fea89a0] [MocapTag] [0x00005f2f] [3691] , 16.1743, 2.35289, 2.45247, -0.0947247, -0.215871, 0.000698582, -0.0359481, -0.97576, 0.331948, 0.1365, -0.527122, -0.0379324, 1.17711, 0.297189, 
[2025-02-03 17:53:21.179274] [0x0000007f5fea89a0] [MocapTag] [0x00005f2f] [3693] , 16.1743, 2.35289, 2.45247, -0.0947247, -0.215871, 0.000698582, -0.0359481, -0.97576, 0, 0, 0, 0, 0, 0, 
[2025-02-03 17:53:21.181916] [0x0000007f5fea89a0] [MocapTag] [0x00005f2f] [3694] , 16.1743, 2.35289, 2.45247, -0.0947247, -0.215871, 0.000698582, -0.0359481, -0.97576, 0, 0, 0, 0, 0, 0, 
[2025-02-03 17:53:21.184192] [0x0000007f5fea89a0] [MocapTag] [0x00005f2f] [3695] , 16.1743, 2.35613, 2.45344, -0.0986864, -0.218299, 0.00364984, -0.0310128, -0.975382, 0, 0, 0, 0, 0, 0, 
[2025-02-03 17:53:21.186944] [0x0000007f5fea89a0] [MocapTag] [0x00005f2f] [3696] , 16.1843, 2.35613, 2.45344, -0.0986864, -0.218299, 0.00364984, -0.0310128, -0.975382, 0.324096, 0.0964643, -0.396175, 0.838709, 0.773724, 0.520802, 
[2025-02-03 17:53:21.189413] [0x0000007f5fea89a0] [MocapTag] [0x00005f2f] [3698] , 16.1843, 2.35613, 2.45344, -0.0986864, -0.218299, 0.00364984, -0.0310128, -0.975382, 0, 0, 0, 0, 0, 0, 
[2025-02-03 17:53:21.192759] [0x0000007f5fea89a0] [MocapTag] [0x00005f2f] [3699] , 16.1843, 2.35613, 2.45344, -0.0986864, -0.218299, 0.00364984, -0.0310128, -0.975382, 0, 0, 0, 0, 0, 0, 
[2025-02-03 17:53:21.195310] [0x0000007f5fea89a0] [MocapTag] [0x00005f2f] [3700] , 16.1943, 2.35942, 2.45469, -0.101877, -0.219746, 0.00971724, -0.0291642, -0.975073, 0, 0, 0, 0, 0, 0, 
[2025-02-03 17:53:21.197961] [0x0000007f5fea89a0] [MocapTag] [0x00005f2f] [3701] , 16.1943, 2.35942, 2.45469, -0.101877, -0.219746, 0.00971724, -0.0291642, -0.975073, 0.329027, 0.125571, -0.319017, 0.0949144, 1.25528, 0.334835, 
[2025-02-03 17:53:21.200547] [0x0000007f5fea89a0] [MocapTag] [0x00005f2f] [3703] , 16.1943, 2.35942, 2.45469, -0.101877, -0.219746, 0.00971724, -0.0291642, -0.975073, 0, 0, 0, 0, 0, 0, 
[2025-02-03 17:53:21.202963] [0x0000007f5fea89a0] [MocapTag] [0x00005f2f] [3704] , 16.1943, 2.36271, 2.45605, -0.104112, -0.221189, 0.015693, -0.0275072, -0.974717, 0, 0, 0, 0, 0, 0, 
[2025-02-03 17:53:21.207696] [0x0000007f5fea89a0] [MocapTag] [0x00005f2f] [3705] , 16.2043, 2.36271, 2.45605, -0.104112, -0.221189, 0.015693, -0.0275072, -0.974717, 0.329407, 0.13544, -0.223538, 0.0571251, 1.22924, 0.334311, 
[2025-02-03 17:53:21.210313] [0x0000007f5fea89a0] [MocapTag] [0x00005f2f] [3707] , 16.2043, 2.36271, 2.45605, -0.104112, -0.221189, 0.015693, -0.0275072, -0.974717, 0, 0, 0, 0, 0, 0, 
[2025-02-03 17:53:21.212805] [0x0000007f5fea89a0] [MocapTag] [0x00005f2f] [3708] , 16.2043, 2.36607, 2.45724, -0.105542, -0.222547, 0.0222904, -0.0267019, -0.974301, 0, 0, 0, 0, 0, 0, 
[2025-02-03 17:53:21.215627] [0x0000007f5fea89a0] [MocapTag] [0x00005f2f] [3709] , 16.2143, 2.36607, 2.45724, -0.105542, -0.222547, 0.0222904, -0.0267019, -0.974301, 0.335338, 0.119104, -0.142997, -0.141025, 1.31305, 0.325418, 
[2025-02-03 17:53:21.218086] [0x0000007f5fea89a0] [MocapTag] [0x00005f2f] [3710] , 16.2143, 2.36607, 2.45724, -0.105542, -0.222547, 0.0222904, -0.0267019, -0.974301, 0, 0, 0, 0, 0, 0, 
[2025-02-03 17:53:21.220601] [0x0000007f5fea89a0] [MocapTag] [0x00005f2f] [3712] , 16.2143, 2.36607, 2.45724, -0.105542, -0.222547, 0.0222904, -0.0267019, -0.974301, 0, 0, 0, 0, 0, 0, 
[2025-02-03 17:53:21.225482] [0x0000007f5fea89a0] [MocapTag] [0x00005f2f] [3713] , 16.2243, 2.69526, 2.03106, 0.0689516, 0.0690378, 0.761207, 0.644774, -0.00804439, 0, 0, 0, 0, 0, 0, 
[2025-02-03 17:53:21.228190] [0x0000007f5fea89a0] [MocapTag] [0x00005f2f] [3714] , 16.2243, 2.69526, 2.03106, 0.0689516, 0.0690378, 0.761207, 0.644774, -0.00804439, 32.9195, -42.6177, 17.4494, -319.565, -10.8412, 409.256, 
[2025-02-03 17:53:21.230764] [0x0000007f5fea89a0] [MocapTag] [0x00005f2f] [3716] , 16.2243, 2.69526, 2.03106, 0.0689516, 0.0690378, 0.761207, 0.644774, -0.00804439, 0, 0, 0, 0, 0, 0, 
[2025-02-03 17:53:21.233102] [0x0000007f5fea89a0] [MocapTag] [0x00005f2f] [3717] , 16.2243, 2.69619, 2.03142, 0.0676156, 0.0632712, 0.759057, 0.647871, -0.00966209, 0, 0, 0, 0, 0, 0, 
[2025-02-03 17:53:21.237709] [0x0000007f5fea89a0] [MocapTag] [0x00005f2f] [3718] , 16.2343, 2.69619, 2.03142, 0.0676156, 0.0632712, 0.759057, 0.647871, -0.00966209, 0.0930387, 0.0359019, -0.133601, 0.704496, 0.94903, 0.831234, 
[2025-02-03 17:53:21.239233] [0x0000007f5fea89a0] [MocapTag] [0x00005f2f] [3720] , 16.2343, 2.69619, 2.03142, 0.0676156, 0.0632712, 0.759057, 0.647871, -0.00966209, 0, 0, 0, 0, 0, 0, 
[2025-02-03 17:53:21.241881] [0x0000007f5fea89a0] [MocapTag] [0x00005f2f] [3721] , 16.2343, 2.69619, 2.03142, 0.0676156, 0.0632712, 0.759057, 0.647871, -0.00966209, 0, 0, 0, 0, 0, 0, 
[2025-02-03 17:53:21.244212] [0x0000007f5fea89a0] [MocapTag] [0x00005f2f] [3722] , 16.2343, 2.3487, 1.96235, -0.123382, -0.0452825, -0.272783, 0.813015, -0.512392, 0, 0, 0, 0, 0, 0, 
[2025-02-03 17:53:21.246929] [0x0000007f5fea89a0] [MocapTag] [0x00005f2f] [3723] , 16.2443, 2.3487, 1.96235, -0.123382, -0.0452825, -0.272783, 0.813015, -0.512392, -34.7488, -6.90738, -19.0997, -95.9831, -14.0031, -402.659, 
[2025-02-03 17:53:21.249279] [0x0000007f5fea89a0] [MocapTag] [0x00005f2f] [3725] , 16.2443, 2.3487, 1.96235, -0.123382, -0.0452825, -0.272783, 0.813015, -0.512392, 0, 0, 0, 0, 0, 0, 
[2025-02-03 17:53:21.253616] [0x0000007f5fea89a0] [MocapTag] [0x00005f2f] [3726] , 16.2443, 2.3487, 1.96235, -0.123382, -0.0452825, -0.272783, 0.813015, -0.512392, 0, 0, 0, 0, 0, 0, 
[2025-02-03 17:53:21.256173] [0x0000007f5fea89a0] [MocapTag] [0x00005f2f] [3727] , 16.2543, 2.37764, 2.46406, -0.103032, -0.224722, 0.030533, -0.0148427, -0.973831, 0, 0, 0, 0, 0, 0, 
[2025-02-03 17:53:21.260005] [0x0000007f5fea89a0] [MocapTag] [0x00005f2f] [3729] , 16.2543, 2.37764, 2.46406, -0.103032, -0.224722, 0.030533, -0.0148427, -0.973831, 2.89329, 50.1718, 2.03493, 416.775, 26.0218, -6.96838, 
[2025-02-03 17:53:21.261334] [0x0000007f5fea89a0] [MocapTag] [0x00005f2f] [3730] , 16.2543, 2.37764, 2.46406, -0.103032, -0.224722, 0.030533, -0.0148427, -0.973831, 0, 0, 0, 0, 0, 0, 
[2025-02-03 17:53:21.263874] [0x0000007f5fea89a0] [MocapTag] [0x00005f2f] [3731] , 16.2543, 2.38172, 2.46636, -0.0950658, -0.223147, 0.0522381, -0.00732016, -0.973356, 0, 0, 0, 0, 0, 0, 
[2025-02-03 17:53:21.268492] [0x0000007f5fea89a0] [MocapTag] [0x00005f2f] [3732] , 16.2643, 2.38172, 2.46636, -0.0950658, -0.223147, 0.0522381, -0.00732016, -0.973356, 0.408581, 0.229681, 0.796652, 0.49479, 4.57636, -0.212502, 
[2025-02-03 17:53:21.270886] [0x0000007f5fea89a0] [MocapTag] [0x00005f2f] [3734] , 16.2643, 2.38172, 2.46636, -0.0950658, -0.223147, 0.0522381, -0.00732016, -0.973356, 0, 0, 0, 0, 0, 0, 
[2025-02-03 17:53:21.273321] [0x0000007f5fea89a0] [MocapTag] [0x00005f2f] [3735] , 16.2643, 2.38502, 2.46781, -0.0902316, -0.223709, 0.0590907, -0.0052831, -0.972849, 0, 0, 0, 0, 0, 0, 
[2025-02-03 17:53:21.276070] [0x0000007f5fea89a0] [MocapTag] [0x00005f2f] [3736] , 16.2743, 2.38502, 2.46781, -0.0902316, -0.223709, 0.0590907, -0.0052831, -0.972849, 0.329564, 0.144546, 0.483418, 0.0795126, 1.42631, 0.154853, 
[2025-02-03 17:53:21.278553] [0x0000007f5fea89a0] [MocapTag] [0x00005f2f] [3737] , 16.2743, 2.38502, 2.46781, -0.0902316, -0.223709, 0.0590907, -0.0052831, -0.972849, 0, 0, 0, 0, 0, 0, 
[2025-02-03 17:53:21.281199] [0x0000007f5fea89a0] [MocapTag] [0x00005f2f] [3739] , 16.2743, 2.38502, 2.46781, -0.0902316, -0.223709, 0.0590907, -0.0052831, -0.972849, 0, 0, 0, 0, 0, 0, 
[2025-02-03 17:53:21.286062] [0x0000007f5fea89a0] [MocapTag] [0x00005f2f] [3740] , 16.2843, 2.3882, 2.46938, -0.0845301, -0.223741, 0.0657076, -0.00275753, -0.972427, 0, 0, 0, 0, 0, 0, 
[2025-02-03 17:53:21.287719] [0x0000007f5fea89a0] [MocapTag] [0x00005f2f] [3741] , 16.2843, 2.3882, 2.46938, -0.0845301, -0.223741, 0.0657076, -0.00275753, -0.972427, 0.318035, 0.157451, 0.570147, 0.190616, 1.40498, 0.0391006, 
[2025-02-03 17:53:21.290242] [0x0000007f5fea89a0] [MocapTag] [0x00005f2f] [3743] , 16.2843, 2.3882, 2.46938, -0.0845301, -0.223741, 0.0657076, -0.00275753, -0.972427, 0, 0, 0, 0, 0, 0, 
[2025-02-03 17:53:21.292623] [0x0000007f5fea89a0] [MocapTag] [0x00005f2f] [3744] , 16.2843, 2.39112, 2.47091, -0.0784567, -0.223859, 0.0693299, 0.0019664, -0.97215, 0, 0, 0, 0, 0, 0, 
[2025-02-03 17:53:21.295487] [0x0000007f5fea89a0] [MocapTag] [0x00005f2f] [3745] , 16.2943, 2.39112, 2.47091, -0.0784567, -0.223859, 0.0693299, 0.0019664, -0.97215, 0.292011, 0.152935, 0.607341, 0.758028, 0.920023, 0, 
[2025-02-03 17:53:21.299555] [0x0000007f5fea89a0] [MocapTag] [0x00005f2f] [3747] , 16.2943, 2.39112, 2.47091, -0.0784567, -0.223859, 0.0693299, 0.0019664, -0.97215, 0, 0, 0, 0, 0, 0, 
[2025-02-03 17:53:21.302161] [0x0000007f5fea89a0] [MocapTag] [0x00005f2f] [3748] , 16.2943, 2.39363, 2.4722, -0.0726993, -0.224658, 0.0697857, 0.00766644, -0.971905, 0, 0, 0, 0, 0, 0, 
[2025-02-03 17:53:21.304866] [0x0000007f5fea89a0] [MocapTag] [0x00005f2f] [3749] , 16.3043, 2.39363, 2.4722, -0.0726993, -0.224658, 0.0697857, 0.00766644, -0.971905, 0.250945, 0.128913, 0.575746, 1.08585, 0.344916, 0.0958443, 
[2025-02-03 17:53:21.308459] [0x0000007f5fea89a0] [MocapTag] [0x00005f2f] [3750] , 16.3043, 2.39363, 2.4722, -0.0726993, -0.224658, 0.0697857, 0.00766644, -0.971905, 0, 0, 0, 0, 0, 0, 
[2025-02-03 17:53:21.310148] [0x0000007f5fea89a0] [MocapTag] [0x00005f2f] [3752] , 16.3043, 2.39363, 2.4722, -0.0726993, -0.224658, 0.0697857, 0.00766644, -0.971905, 0, 0, 0, 0, 0, 0, 
[2025-02-03 17:53:21.315775] [0x0000007f5fea89a0] [MocapTag] [0x00005f2f] [3753] , 16.3143, 2.39543, 2.47345, -0.067677, -0.225269, 0.0686553, 0.0121258, -0.971799, 0, 0, 0, 0, 0, 0, 
[2025-02-03 17:53:21.316963] [0x0000007f5fea89a0] [MocapTag] [0x00005f2f] [3754] , 16.3143, 2.39543, 2.47345, -0.067677, -0.225269, 0.0686553, 0.0121258, -0.971799, 0.179949, 0.125357, 0.502229, 0.917983, 0, 0.0598669, 
[2025-02-03 17:53:21.319383] [0x0000007f5fea89a0] [MocapTag] [0x00005f2f] [3756] , 16.3143, 2.39543, 2.47345, -0.067677, -0.225269, 0.0686553, 0.0121258, -0.971799, 0, 0, 0, 0, 0, 0, 
[2025-02-03 17:53:21.322056] [0x0000007f5fea89a0] [MocapTag] [0x00005f2f] [3757] , 16.3143, 2.39543, 2.47345, -0.067677, -0.225269, 0.0686553, 0.0121258, -0.971799, 0, 0, 0, 0, 0, 0, 
[2025-02-03 17:53:21.324344] [0x0000007f5fea89a0] [MocapTag] [0x00005f2f] [3758] , 16.3143, 2.39617, 2.47445, -0.0640638, -0.226249, 0.0656153, 0.0151851, -0.971738, 0, 0, 0, 0, 0, 0, 
[2025-02-03 17:53:21.327206] [0x0000007f5fea89a0] [MocapTag] [0x00005f2f] [3759] , 16.3243, 2.39617, 2.47445, -0.0640638, -0.226249, 0.0656153, 0.0151851, -0.971738, 0.0738842, 0.0996656, 0.36132, 0.725555, -0.455105, 0.143623, 
[2025-02-03 17:53:21.331216] [0x0000007f5fea89a0] [MocapTag] [0x00005f2f] [3761] , 16.3243, 2.39617, 2.47445, -0.0640638, -0.226249, 0.0656153, 0.0151851, -0.971738, 0, 0, 0, 0, 0, 0, 
[2025-02-03 17:53:21.333570] [0x0000007f5fea89a0] [MocapTag] [0x00005f2f] [3762] , 16.3243, 2.39582, 2.47506, -0.0621593, -0.227369, 0.0617794, 0.0169923, -0.971699, 0, 0, 0, 0, 0, 0, 
[2025-02-03 17:53:21.336425] [0x0000007f5fea89a0] [MocapTag] [0x00005f2f] [3763] , 16.3343, 2.39582, 2.47506, -0.0621593, -0.227369, 0.0617794, 0.0169923, -0.971699, -0.0349158, 0.0606565, 0.190447, -627.803, -0.666159, 0.187135, 
[2025-02-03 17:53:21.340558] [0x0000007f5fea89a0] [MocapTag] [0x00005f2f] [3765] , 16.3343, 2.39582, 2.47506, -0.0621593, -0.227369, 0.0617794, 0.0169923, -0.971699, 0, 0, 0, 0, 0, 0, 
[2025-02-03 17:53:21.341419] [0x0000007f5fea89a0] [MocapTag] [0x00005f2f] [3766] , 16.3343, 2.39582, 2.47506, -0.0621593, -0.227369, 0.0617794, 0.0169923, -0.971699, 0, 0, 0, 0, 0, 0, 
[2025-02-03 17:53:21.345837] [0x0000007f5fea89a0] [MocapTag] [0x00005f2f] [3767] , 16.3443, 2.39453, 2.47555, -0.0620747, -0.227579, 0.0596391, 0.0168614, -0.971785, 0, 0, 0, 0, 0, 0, 
[2025-02-03 17:53:21.348448] [0x0000007f5fea89a0] [MocapTag] [0x00005f2f] [3768] , 16.3443, 2.39453, 2.47555, -0.0620747, -0.227579, 0.0596391, 0.0168614, -0.971785, -0.128588, 0.0491601, 0.00845823, 0.069952, -0.423514, 0, 
[2025-02-03 17:53:21.351117] [0x0000007f5fea89a0] [MocapTag] [0x00005f2f] [3770] , 16.3443, 2.39453, 2.47555, -0.0620747, -0.227579, 0.0596391, 0.0168614, -0.971785, 0, 0, 0, 0, 0, 0, 
[2025-02-03 17:53:21.353676] [0x0000007f5fea89a0] [MocapTag] [0x00005f2f] [3771] , 16.3443, 2.39244, 2.47571, -0.0636086, -0.227569, 0.0568872, 0.0157469, -0.971971, 0, 0, 0, 0, 0, 0, 
[2025-02-03 17:53:21.356413] [0x0000007f5fea89a0] [MocapTag] [0x00005f2f] [3772] , 16.3543, 2.39244, 2.47571, -0.0636086, -0.227569, 0.0568872, 0.0157469, -0.971971, -0.209569, 0.0159704, -0.153392, -0.0916958, -0.587779, 0, 
[2025-02-03 17:53:21.362742] [0x0000007f5fea89a0] [MocapTag] [0x00005f2f] [3774] , 16.3543, 2.39244, 2.47571, -0.0636086, -0.227569, 0.0568872, 0.0157469, -0.971971, 0, 0, 0, 0, 0, 0, 
[2025-02-03 17:53:21.363451] [0x0000007f5fea89a0] [MocapTag] [0x00005f2f] [3775] , 16.3543, 2.38984, 2.47534, -0.0663473, -0.228162, 0.0519317, 0.0144322, -0.97213, 0, 0, 0, 0, 0, 0, 
[2025-02-03 17:53:21.366216] [0x0000007f5fea89a0] [MocapTag] [0x00005f2f] [3776] , 16.3643, 2.38984, 2.47534, -0.0663473, -0.228162, 0.0519317, 0.0144322, -0.97213, -0.259988, -0.0363489, -0.273862, -0.0365019, -1.02634, 0.112867, 
[2025-02-03 17:53:21.368692] [0x0000007f5fea89a0] [MocapTag] [0x00005f2f] [3777] , 16.3643, 2.38984, 2.47534, -0.0663473, -0.228162, 0.0519317, 0.0144322, -0.97213, 0, 0, 0, 0, 0, 0, 
[2025-02-03 17:53:21.371253] [0x0000007f5fea89a0] [MocapTag] [0x00005f2f] [3779] , 16.3643, 2.38984, 2.47534, -0.0663473, -0.228162, 0.0519317, 0.0144322, -0.97213, 0, 0, 0, 0, 0, 0, 
[2025-02-03 17:53:21.373727] [0x0000007f5fea89a0] [MocapTag] [0x00005f2f] [3780] , 16.3643, 2.38695, 2.47486, -0.06904, -0.228851, 0.0455153, 0.0145955, -0.972287, 0, 0, 0, 0, 0, 0, 
[2025-02-03 17:53:21.377215] [0x0000007f5fea89a0] [MocapTag] [0x00005f2f] [3781] , 16.3743, 2.38695, 2.47486, -0.06904, -0.228851, 0.0455153, 0.0145955, -0.972287, -0.289159, -0.0480386, -0.269275, 0.319648, -1.24305, 0.114512, 
[2025-02-03 17:53:21.380491] [0x0000007f5fea89a0] [MocapTag] [0x00005f2f] [3783] , 16.3743, 2.38695, 2.47486, -0.06904, -0.228851, 0.0455153, 0.0145955, -0.972287, 0, 0, 0, 0, 0, 0, 
[2025-02-03 17:53:21.382002] [0x0000007f5fea89a0] [MocapTag] [0x00005f2f] [3784] , 16.3743, 2.38378, 2.47437, -0.0722074, -0.229451, 0.0370363, 0.0127905, -0.972531, 0, 0, 0, 0, 0, 0, 
[2025-02-03 17:53:21.386025] [0x0000007f5fea89a0] [MocapTag] [0x00005f2f] [3785] , 16.3843, 2.38378, 2.47437, -0.0722074, -0.229451, 0.0370363, 0.0127905, -0.972531, -0.316522, -0.0495797, -0.316739, 0, -1.73461, 0.111151, 
[2025-02-03 17:53:21.387382] [0x0000007f5fea89a0] [MocapTag] [0x00005f2f] [3786] , 16.3843, 2.38378, 2.47437, -0.0722074, -0.229451, 0.0370363, 0.0127905, -0.972531, 0, 0, 0, 0, 0, 0, 
[2025-02-03 17:53:21.389912] [0x0000007f5fea89a0] [MocapTag] [0x00005f2f] [3788] , 16.3843, 2.38378, 2.47437, -0.0722074, -0.229451, 0.0370363, 0.0127905, -0.972531, 0, 0, 0, 0, 0, 0, 
[2025-02-03 17:53:21.392862] [0x0000007f5fea89a0] [MocapTag] [0x00005f2f] [3789] , 16.3843, 2.38026, 2.47454, -0.0755825, -0.231033, 0.0285431, 0.0096648, -0.972479, 0, 0, 0, 0, 0, 0, 
[2025-02-03 17:53:21.395764] [0x0000007f5fea89a0] [MocapTag] [0x00005f2f] [3790] , 16.3943, 2.38026, 2.47454, -0.0755825, -0.231033, 0.0285431, 0.0096648, -0.972479, -0.351951, 0.0177069, -0.33751, -0.228739, -1.79694, 0.324345, 
[2025-02-03 17:53:21.398045] [0x0000007f5fea89a0] [MocapTag] [0x00005f2f] [3791] , 16.3943, 2.38026, 2.47454, -0.0755825, -0.231033, 0.0285431, 0.0096648, -0.972479, 0, 0, 0, 0, 0, 0, 
[2025-02-03 17:53:21.400985] [0x0000007f5fea89a0] [MocapTag] [0x00005f2f] [3793] , 16.3943, 2.38026, 2.47454, -0.0755825, -0.231033, 0.0285431, 0.0096648, -0.972479, 0, 0, 0, 0, 0, 0, 
[2025-02-03 17:53:21.403419] [0x0000007f5fea89a0] [MocapTag] [0x00005f2f] [3794] , 16.3943, 2.37666, 2.47448, -0.0771519, -0.230403, 0.018472, 0.00846148, -0.972883, 0, 0, 0, 0, 0, 0, 
[2025-02-03 17:53:21.408069] [0x0000007f5fea89a0] [MocapTag] [0x00005f2f] [3795] , 16.4043, 2.37666, 2.47448, -0.0771519, -0.230403, 0.018472, 0.00846148, -0.972883, -0.360197, -0.00659163, -0.156939, 0.23396, -2.01652, -0.140166, 
[2025-02-03 17:53:21.410657] [0x0000007f5fea89a0] [MocapTag] [0x00005f2f] [3797] , 16.4043, 2.37666, 2.47448, -0.0771519, -0.230403, 0.018472, 0.00846148, -0.972883, 0, 0, 0, 0, 0, 0, 
[2025-02-03 17:53:21.413446] [0x0000007f5fea89a0] [MocapTag] [0x00005f2f] [3798] , 16.4043, 2.37308, 2.47474, -0.0781448, -0.229343, 0.00788929, 0.00656586, -0.973292, 0, 0, 0, 0, 0, 0, 
[2025-02-03 17:53:21.415940] [0x0000007f5fea89a0] [MocapTag] [0x00005f2f] [3799] , 16.4143, 2.37308, 2.47474, -0.0781448, -0.229343, 0.00788929, 0.00656586, -0.973292, -0.35793, 0.0261611, -0.0992933, 0.120544, -2.14819, -0.217772, 
[2025-02-03 17:53:21.418453] [0x0000007f5fea89a0] [MocapTag] [0x00005f2f] [3800] , 16.4143, 2.37308, 2.47474, -0.0781448, -0.229343, 0.00788929, 0.00656586, -0.973292, 0, 0, 0, 0, 0, 0, 
[2025-02-03 17:53:21.421006] [0x0000007f5fea89a0] [MocapTag] [0x00005f2f] [3802] , 16.4143, 2.37308, 2.47474, -0.0781448, -0.229343, 0.00788929, 0.00656586, -0.973292, 0, 0, 0, 0, 0, 0, 
[2025-02-03 17:53:21.425086] [0x0000007f5fea89a0] [MocapTag] [0x00005f2f] [3803] , 16.4243, 2.36945, 2.47517, -0.0783941, -0.22873, -0.00328589, 0.00522601, -0.97347, 0, 0, 0, 0, 0, 0, 
[2025-02-03 17:53:21.427702] [0x0000007f5fea89a0] [MocapTag] [0x00005f2f] [3804] , 16.4243, 2.36945, 2.47517, -0.0783941, -0.22873, -0.00328589, 0.00522601, -0.97347, -0.362789, 0.0431115, -0.02493, 0.251436, -2.23766, -0.116801, 
[2025-02-03 17:53:21.430457] [0x0000007f5fea89a0] [MocapTag] [0x00005f2f] [3806] , 16.4243, 2.36945, 2.47517, -0.0783941, -0.22873, -0.00328589, 0.00522601, -0.97347, 0, 0, 0, 0, 0, 0, 
[2025-02-03 17:53:21.432876] [0x0000007f5fea89a0] [MocapTag] [0x00005f2f] [3807] , 16.4243, 2.36629, 2.47556, -0.0779839, -0.227414, -0.0128478, 0.00365446, -0.973706, 0, 0, 0, 0, 0, 0, 
[2025-02-03 17:53:21.435918] [0x0000007f5fea89a0] [MocapTag] [0x00005f2f] [3808] , 16.4343, 2.36629, 2.47556, -0.0779839, -0.227414, -0.0128478, 0.00365446, -0.973706, -0.315804, 0.0384334, 0.0410219, 0.128579, -1.93533, -0.254154, 
[2025-02-03 17:53:21.441477] [0x0000007f5fea89a0] [MocapTag] [0x00005f2f] [3810] , 16.4343, 2.36629, 2.47556, -0.0779839, -0.227414, -0.0128478, 0.00365446, -0.973706, 0, 0, 0, 0, 0, 0, 
[2025-02-03 17:53:21.442515] [0x0000007f5fea89a0] [MocapTag] [0x00005f2f] [3811] , 16.4343, 2.36347, 2.476, -0.077179, -0.226383, -0.0199854, 0.00181497, -0.973832, 0, 0, 0, 0, 0, 0, 
[2025-02-03 17:53:21.445187] [0x0000007f5fea89a0] [MocapTag] [0x00005f2f] [3812] , 16.4443, 2.36347, 2.476, -0.077179, -0.226383, -0.0199854, 0.00181497, -0.973832, -0.282732, 0.0448307, 0.0804946, -0.0370979, -1.47523, -0.197744, 
[2025-02-03 17:53:21.447747] [0x0000007f5fea89a0] [MocapTag] [0x00005f2f] [3813] , 16.4443, 2.36347, 2.476, -0.077179, -0.226383, -0.0199854, 0.00181497, -0.973832, 0, 0, 0, 0, 0, 0, 
[2025-02-03 17:53:21.450406] [0x0000007f5fea89a0] [MocapTag] [0x00005f2f] [3815] , 16.4443, 2.36347, 2.476, -0.077179, -0.226383, -0.0199854, 0.00181497, -0.973832, 0, 0, 0, 0, 0, 0, 
[2025-02-03 17:53:21.454448] [0x0000007f5fea89a0] [MocapTag] [0x00005f2f] [3816] , 16.4443, 2.36065, 2.47618, -0.0762558, -0.228175, -0.0297439, 0.00157576, -0.973164, 0, 0, 0, 0, 0, 0, 
[2025-02-03 17:53:21.457317] [0x0000007f5fea89a0] [MocapTag] [0x00005f2f] [3817] , 16.4543, 2.36065, 2.47618, -0.0762558, -0.228175, -0.0297439, 0.00157576, -0.973164, -0.281638, 0.017844, 0.0923164, 0.407553, -1.90912, 0.403142, 
[2025-02-03 17:53:21.460299] [0x0000007f5fea89a0] [MocapTag] [0x00005f2f] [3819] , 16.4543, 2.36065, 2.47618, -0.0762558, -0.228175, -0.0297439, 0.00157576, -0.973164, 0, 0, 0, 0, 0, 0, 
[2025-02-03 17:53:21.462553] [0x0000007f5fea89a0] [MocapTag] [0x00005f2f] [3820] , 16.4543, 2.36086, 2.47196, -0.0777618, -0.229806, -0.0277272, -0.00805808, -0.972808, 0, 0, 0, 0, 0, 0, 
[2025-02-03 17:53:21.465350] [0x0000007f5fea89a0] [MocapTag] [0x00005f2f] [3821] , 16.4643, 2.36086, 2.47196, -0.0777618, -0.229806, -0.0277272, -0.00805808, -0.972808, 0.0214384, -0.422149, -0.150598, 626.358, -0.0478465, 0.277805, 
[2025-02-03 17:53:21.468564] [0x0000007f5fea89a0] [MocapTag] [0x00005f2f] [3822] , 16.4643, 2.36086, 2.47196, -0.0777618, -0.229806, -0.0277272, -0.00805808, -0.972808, 0, 0, 0, 0, 0, 0, 
[2025-02-03 17:53:21.470771] [0x0000007f5fea89a0] [MocapTag] [0x00005f2f] [3824] , 16.4643, 2.36086, 2.47196, -0.0777618, -0.229806, -0.0277272, -0.00805808, -0.972808, 0, 0, 0, 0, 0, 0, 
[2025-02-03 17:53:21.473197] [0x0000007f5fea89a0] [MocapTag] [0x00005f2f] [3825] , 16.4643, 2.3609, 2.47036, -0.0777161, -0.224264, -0.0083025, -0.0244969, -0.974185, 0, 0, 0, 0, 0, 0, 
[2025-02-03 17:53:21.476060] [0x0000007f5fea89a0] [MocapTag] [0x00005f2f] [3826] , 16.4743, 2.3609, 2.47036, -0.0777161, -0.224264, -0.0083025, -0.0244969, -0.974185, 0.00329321, -0.160287, 0.00456797, -4.10964, 3.05148, -1.19371, 
[2025-02-03 17:53:21.478690] [0x0000007f5fea89a0] [MocapTag] [0x00005f2f] [3827] , 16.4743, 2.3609, 2.47036, -0.0777161, -0.224264, -0.0083025, -0.0244969, -0.974185, 0, 0, 0, 0, 0, 0, 
[2025-02-03 17:53:21.481257] [0x0000007f5fea89a0] [MocapTag] [0x00005f2f] [3829] , 16.4743, 2.3609, 2.47036, -0.0777161, -0.224264, -0.0083025, -0.0244969, -0.974185, 0, 0, 0, 0, 0, 0, 
[2025-02-03 17:53:21.484020] [0x0000007f5fea89a0] [MocapTag] [0x00005f2f] [3830] , 16.4743, 2.35962, 2.47085, -0.0766049, -0.224405, -0.011136, -0.0233276, -0.974153, 0, 0, 0, 0, 0, 0, 
[2025-02-03 17:53:21.486868] [0x0000007f5fea89a0] [MocapTag] [0x00005f2f] [3831] , 16.4843, 2.35962, 2.47085, -0.0766049, -0.224405, -0.011136, -0.0233276, -0.974153, -0.128031, 0.0495092, 0.111114, 0.35522, -0.500425, 0, 
[2025-02-03 17:53:21.490754] [0x0000007f5fea89a0] [MocapTag] [0x00005f2f] [3833] , 16.4843, 2.35962, 2.47085, -0.0766049, -0.224405, -0.011136, -0.0233276, -0.974153, 0, 0, 0, 0, 0, 0, 
[2025-02-03 17:53:21.491687] [0x0000007f5fea89a0] [MocapTag] [0x00005f2f] [3834] , 16.4843, 2.35962, 2.47085, -0.0766049, -0.224405, -0.011136, -0.0233276, -0.974153, 0, 0, 0, 0, 0, 0, 
[2025-02-03 17:53:21.494047] [0x0000007f5fea89a0] [MocapTag] [0x00005f2f] [3835] , 16.4843, 2.3584, 2.47146, -0.0750933, -0.225109, -0.0190246, -0.0185673, -0.973971, 0, 0, 0, 0, 0, 0, 
[2025-02-03 17:53:21.496918] [0x0000007f5fea89a0] [MocapTag] [0x00005f2f] [3836] , 16.4943, 2.3584, 2.47146, -0.0750933, -0.225109, -0.0190246, -0.0185673, -0.973971, -0.12136, 0.0605798, 0.151165, 1.28484, -1.32623, 0.1477, 
[2025-02-03 17:53:21.499275] [0x0000007f5fea89a0] [MocapTag] [0x00005f2f] [3838] , 16.4943, 2.3584, 2.47146, -0.0750933, -0.225109, -0.0190246, -0.0185673, -0.973971, 0, 0, 0, 0, 0, 0, 
[2025-02-03 17:53:21.502726] [0x0000007f5fea89a0] [MocapTag] [0x00005f2f] [3839] , 16.4943, 2.3584, 2.47146, -0.0750933, -0.225109, -0.0190246, -0.0185673, -0.973971, 0, 0, 0, 0, 0, 0, 
[2025-02-03 17:53:21.505515] [0x0000007f5fea89a0] [MocapTag] [0x00005f2f] [3840] , 16.5043, 2.35833, 2.47201, -0.0744678, -0.224862, -0.0186591, -0.0167566, -0.974068, 0, 0, 0, 0, 0, 0, 
[2025-02-03 17:53:21.507960] [0x0000007f5fea89a0] [MocapTag] [0x00005f2f] [3841] , 16.5043, 2.35833, 2.47201, -0.0744678, -0.224862, -0.0186591, -0.0167566, -0.974068, -0.00756684, 0.0552079, 0.0625535, 0.33567, 0.153338, -0.0430584, 
[2025-02-03 17:53:21.510462] [0x0000007f5fea89a0] [MocapTag] [0x00005f2f] [3843] , 16.5043, 2.35833, 2.47201, -0.0744678, -0.224862, -0.0186591, -0.0167566, -0.974068, 0, 0, 0, 0, 0, 0, 
[2025-02-03 17:53:21.513305] [0x0000007f5fea89a0] [MocapTag] [0x00005f2f] [3844] , 16.5043, 2.35881, 2.47253, -0.0741778, -0.224674, -0.017069, -0.0148082, -0.974172, 0, 0, 0, 0, 0, 0, 
[2025-02-03 17:53:21.515808] [0x0000007f5fea89a0] [MocapTag] [0x00005f2f] [3845] , 16.5143, 2.35881, 2.47253, -0.0741778, -0.224674, -0.017069, -0.0148082, -0.974172, 0.0482171, 0.0522571, 0.0289998, 0.307846, 0.397947, 0, 
[2025-02-03 17:53:21.520188] [0x0000007f5fea89a0] [MocapTag] [0x00005f2f] [3847] , 16.5143, 2.35881, 2.47253, -0.0741778, -0.224674, -0.017069, -0.0148082, -0.974172, 0, 0, 0, 0, 0, 0, 
[2025-02-03 17:53:21.522552] [0x0000007f5fea89a0] [MocapTag] [0x00005f2f] [3848] , 16.5143, 2.34059, 2.49662, -0.103747, -0.217144, -0.357565, 0.329237, -0.846521, 0, 0, 0, 0, 0, 0, 
[2025-02-03 17:53:21.525390] [0x0000007f5fea89a0] [MocapTag] [0x00005f2f] [3849] , 16.5243, 2.34059, 2.49662, -0.103747, -0.217144, -0.357565, 0.329237, -0.846521, -1.82174, 2.40833, -2.95695, -532.835, -44.0767, 29.507, 
[2025-02-03 17:53:21.527822] [0x0000007f5fea89a0] [MocapTag] [0x00005f2f] [3850] , 16.5243, 2.34059, 2.49662, -0.103747, -0.217144, -0.357565, 0.329237, -0.846521, 0, 0, 0, 0, 0, 0, 
[2025-02-03 17:53:21.530363] [0x0000007f5fea89a0] [MocapTag] [0x00005f2f] [3852] , 16.5243, 2.34059, 2.49662, -0.103747, -0.217144, -0.357565, 0.329237, -0.846521, 0, 0, 0, 0, 0, 0, 
[2025-02-03 17:53:21.534282] [0x0000007f5fea89a0] [MocapTag] [0x00005f2f] [3853] , 16.5243, 0, 0, 0, -0, 0, 0, -0, 0, 0, 0, 0, 0, 0, 
[2025-02-03 17:53:21.538451] [0x0000007f5fea89a0] [MocapTag] [0x00005f2f] [3854] , 16.5343, 0, 0, 0, -0, 0, 0, -0, 0, 0, 0, 220.796, 48.0688, 239.361, 
[2025-02-03 17:53:21.539402] [0x0000007f5fea89a0] [MocapTag] [0x00005f2f] [3856] , 16.5343, 0, 0, 0, -0, 0, 0, -0, 0, 0, 0, 0, 0, 0, 
[2025-02-03 17:53:21.541728] [0x0000007f5fea89a0] [MocapTag] [0x00005f2f] [3857] , 16.5343, 0, 0, 0, -0, 0, 0, -0, 0, 0, 0, 0, 0, 0, 
[2025-02-03 17:53:21.544191] [0x0000007f5fea89a0] [MocapTag] [0x00005f2f] [3858] , 16.5343, 0, 0, 0, -0, 0, 0, -0, 0, 0, 0, 0, 0, 0, 
[2025-02-03 17:53:21.548441] [0x0000007f5fea89a0] [MocapTag] [0x00005f2f] [3859] , 16.5443, 0, 0, 0, -0, 0, 0, -0, 0, 0, 0, 0, 0, 0, 
[2025-02-03 17:53:21.550994] [0x0000007f5fea89a0] [MocapTag] [0x00005f2f] [3861] , 16.5443, 0, 0, 0, -0, 0, 0, -0, 0, 0, 0, 0, 0, 0, 
[2025-02-03 17:53:21.553448] [0x0000007f5fea89a0] [MocapTag] [0x00005f2f] [3862] , 16.5443, 2.36194, 2.47971, -0.0713327, -0.228522, -0.0259407, 0.0157018, -0.973066, 0, 0, 0, 0, 0, 0, 
[2025-02-03 17:53:21.556072] [0x0000007f5fea89a0] [MocapTag] [0x00005f2f] [3863] , 16.5543, 2.36194, 2.47971, -0.0713327, -0.228522, -0.0259407, 0.0157018, -0.973066, 2.13519, -1.69046, 3.24146, -309.913, -4.33211, -267.934, 
[2025-02-03 17:53:21.558423] [0x0000007f5fea89a0] [MocapTag] [0x00005f2f] [3864] , 16.5543, 2.36194, 2.47971, -0.0713327, -0.228522, -0.0259407, 0.0157018, -0.973066, 0, 0, 0, 0, 0, 0, 
[2025-02-03 17:53:21.561253] [0x0000007f5fea89a0] [MocapTag] [0x00005f2f] [3866] , 16.5543, 2.36194, 2.47971, -0.0713327, -0.228522, -0.0259407, 0.0157018, -0.973066, 0, 0, 0, 0, 0, 0, 
[2025-02-03 17:53:21.564728] [0x0000007f5fea89a0] [MocapTag] [0x00005f2f] [3867] , 16.5643, 2.36447, 2.47946, -0.0714255, -0.227701, -0.0177918, 0.0155094, -0.973445, 0, 0, 0, 0, 0, 0, 
[2025-02-03 17:53:21.567903] [0x0000007f5fea89a0] [MocapTag] [0x00005f2f] [3868] , 16.5643, 2.36447, 2.47946, -0.0714255, -0.227701, -0.0177918, 0.0155094, -0.973445, 0.252428, -0.0254375, -0.00928172, -0.414467, 1.57419, -0.216317, 
[2025-02-03 17:53:21.569542] [0x0000007f5fea89a0] [MocapTag] [0x00005f2f] [3870] , 16.5643, 2.36447, 2.47946, -0.0714255, -0.227701, -0.0177918, 0.0155094, -0.973445, 0, 0, 0, 0, 0, 0, 
[2025-02-03 17:53:21.571886] [0x0000007f5fea89a0] [MocapTag] [0x00005f2f] [3871] , 16.5643, 2.36725, 2.4784, -0.071268, -0.226492, -0.0114945, 0.0152312, -0.973826, 0, 0, 0, 0, 0, 0, 
[2025-02-03 17:53:21.574634] [0x0000007f5fea89a0] [MocapTag] [0x00005f2f] [3872] , 16.5643, 2.36725, 2.4784, -0.071268, -0.226492, -0.0114945, 0.0152312, -0.973826, 0.277728, -0.105299, 0.0157447, -0.343847, 1.20908, -0.278735, 
[2025-02-03 17:53:21.577457] [0x0000007f5fea89a0] [MocapTag] [0x00005f2f] [3873] , 16.5743, 2.36725, 2.4784, -0.071268, -0.226492, -0.0114945, 0.0152312, -0.973826, 0, 0, 0, 0, 0, 0, 
[2025-02-03 17:53:21.582030] [0x0000007f5fea89a0] [MocapTag] [0x00005f2f] [3875] , 16.5743, 2.36725, 2.4784, -0.071268, -0.226492, -0.0114945, 0.0152312, -0.973826, 0, 0, 0, 0, 0, 0, 
[2025-02-03 17:53:21.584566] [0x0000007f5fea89a0] [MocapTag] [0x00005f2f] [3876] , 16.5743, 2.36954, 2.47759, -0.0714148, -0.226785, -0.00476442, 0.0150364, -0.973817, 0, 0, 0, 0, 0, 0, 
[2025-02-03 17:53:21.587471] [0x0000007f5fea89a0] [MocapTag] [0x00005f2f] [3877] , 16.5843, 2.36954, 2.47759, -0.0714148, -0.226785, -0.00476442, 0.0150364, -0.973817, 0.229523, -0.0813907, -0.0146818, -0.343156, 1.30292, 0, 
[2025-02-03 17:53:21.590008] [0x0000007f5fea89a0] [MocapTag] [0x00005f2f] [3879] , 16.5843, 2.36954, 2.47759, -0.0714148, -0.226785, -0.00476442, 0.0150364, -0.973817, 0, 0, 0, 0, 0, 0, 
[2025-02-03 17:53:21.593877] [0x0000007f5fea89a0] [MocapTag] [0x00005f2f] [3880] , 16.5843, 2.37169, 2.47685, -0.0714131, -0.226669, 0.00221546, 0.0148522, -0.973856, 0, 0, 0, 0, 0, 0, 
[2025-02-03 17:53:21.596424] [0x0000007f5fea89a0] [MocapTag] [0x00005f2f] [3881] , 16.5943, 2.37169, 2.47685, -0.0714131, -0.226669, 0.00221546, 0.0148522, -0.973856, 0.214882, -0.0736972, 0, -0.352287, 1.35077, -0.0436068, 
[2025-02-03 17:53:21.598988] [0x0000007f5fea89a0] [MocapTag] [0x00005f2f] [3883] , 16.5943, 2.37169, 2.47685, -0.0714131, -0.226669, 0.00221546, 0.0148522, -0.973856, 0, 0, 0, 0, 0, 0, 
[2025-02-03 17:53:21.601654] [0x0000007f5fea89a0] [MocapTag] [0x00005f2f] [3884] , 16.5943, 2.37169, 2.47685, -0.0714131, -0.226669, 0.00221546, 0.0148522, -0.973856, 0, 0, 0, 0, 0, 0, 
[2025-02-03 17:53:21.604088] [0x0000007f5fea89a0] [MocapTag] [0x00005f2f] [3885] , 16.5943, 2.37366, 2.47596, -0.0713826, -0.226843, 0.00880743, 0.0138299, -0.973793, 0, 0, 0, 0, 0, 0, 
[2025-02-03 17:53:21.606801] [0x0000007f5fea89a0] [MocapTag] [0x00005f2f] [3886] , 16.6043, 2.37366, 2.47596, -0.0713826, -0.226843, 0.00880743, 0.0138299, -0.973793, 0.1966, -0.0893601, 0.00304997, -0.498128, 1.23815, 0, 
[2025-02-03 17:53:21.616998] [0x0000007f5fea89a0] [MocapTag] [0x00005f2f] [3888] , 16.6143, 2.37366, 2.47596, -0.0713826, -0.226843, 0.00880743, 0.0138299, -0.973793, 0, 0, 0, 0, 0, 0, 
[2025-02-03 17:53:21.617673] [0x0000007f5fea89a0] [MocapTag] [0x00005f2f] [3889] , 16.6143, 2.3754, 2.47497, -0.0714269, -0.227299, 0.0141788, 0.0125933, -0.97364, 0, 0, 0, 0, 0, 0, 
[2025-02-03 17:53:21.619548] [0x0000007f5fea89a0] [MocapTag] [0x00005f2f] [3891] , 16.6143, 2.3754, 2.47497, -0.0714269, -0.227299, 0.0141788, 0.0125933, -0.97364, 0.174837, -0.0989365, -0.00442544, -0.485921, 0.991145, 0.0925779, 
[2025-02-03 17:53:21.620267] [0x0000007f5fea89a0] [MocapTag] [0x00005f2f] [3892] , 16.6143, 2.3754, 2.47497, -0.0714269, -0.227299, 0.0141788, 0.0125933, -0.97364, 0, 0, 0, 0, 0, 0, 
[2025-02-03 17:53:21.621500] [0x0000007f5fea89a0] [MocapTag] [0x00005f2f] [3893] , 16.6143, 2.3754, 2.47497, -0.0714269, -0.227299, 0.0141788, 0.0125933, -0.97364, 0, 0, 0, 0, 0, 0, 
[2025-02-03 17:53:21.623805] [0x0000007f5fea89a0] [MocapTag] [0x00005f2f] [3894] , 16.6143, 2.37693, 2.47415, -0.071338, -0.227249, 0.0192152, 0.0110447, -0.973584, 0, 0, 0, 0, 0, 0, 
[2025-02-03 17:53:21.628404] [0x0000007f5fea89a0] [MocapTag] [0x00005f2f] [3895] , 16.6243, 2.37693, 2.47415, -0.071338, -0.227249, 0.0192152, 0.0110447, -0.973584, 0.152724, -0.0825245, 0.00888947, -0.530362, 0.910652, 0, 
[2025-02-03 17:53:21.630992] [0x0000007f5fea89a0] [MocapTag] [0x00005f2f] [3897] , 16.6243, 2.37693, 2.47415, -0.071338, -0.227249, 0.0192152, 0.0110447, -0.973584, 0, 0, 0, 0, 0, 0, 
[2025-02-03 17:53:21.633420] [0x0000007f5fea89a0] [MocapTag] [0x00005f2f] [3898] , 16.6243, 2.37795, 2.47368, -0.072056, -0.229069, 0.0238946, 0.0083336, -0.973081, 0, 0, 0, 0, 0, 0, 
[2025-02-03 17:53:21.637476] [0x0000007f5fea89a0] [MocapTag] [0x00005f2f] [3899] , 16.6343, 2.37795, 2.47368, -0.072056, -0.229069, 0.0238946, 0.0083336, -0.973081, 0.101483, -0.046841, -0.0718028, -0.750637, 0.78941, 0.391293, 
[2025-02-03 17:53:21.639418] [0x0000007f5fea89a0] [MocapTag] [0x00005f2f] [3901] , 16.6343, 2.37795, 2.47368, -0.072056, -0.229069, 0.0238946, 0.0083336, -0.973081, 0, 0, 0, 0, 0, 0, 
[2025-02-03 17:53:21.644003] [0x0000007f5fea89a0] [MocapTag] [0x00005f2f] [3902] , 16.6343, 2.37795, 2.47368, -0.072056, -0.229069, 0.0238946, 0.0083336, -0.973081, 0, 0, 0, 0, 0, 0, 
[2025-02-03 17:53:21.646791] [0x0000007f5fea89a0] [MocapTag] [0x00005f2f] [3903] , 16.6443, 2.37877, 2.47314, -0.0716801, -0.228134, 0.0282509, 0.00765084, -0.97319, 0, 0, 0, 0, 0, 0, 
[2025-02-03 17:53:21.649421] [0x0000007f5fea89a0] [MocapTag] [0x00005f2f] [3905] , 16.6443, 2.37877, 2.47314, -0.0716801, -0.228134, 0.0282509, 0.00765084, -0.97319, 0.0821015, -0.0537236, 0.0375866, -0.327349, 0.816934, -0.179577, 
[2025-02-03 17:53:21.651922] [0x0000007f5fea89a0] [MocapTag] [0x00005f2f] [3906] , 16.6443, 2.37877, 2.47314, -0.0716801, -0.228134, 0.0282509, 0.00765084, -0.97319, 0, 0, 0, 0, 0, 0, 
[2025-02-03 17:53:21.654343] [0x0000007f5fea89a0] [MocapTag] [0x00005f2f] [3907] , 16.6443, 2.37938, 2.4724, -0.0721006, -0.228276, 0.0295282, 0.00505265, -0.973135, 0, 0, 0, 0, 0, 0, 
[2025-02-03 17:53:21.657212] [0x0000007f5fea89a0] [MocapTag] [0x00005f2f] [3908] , 16.6543, 2.37938, 2.4724, -0.0721006, -0.228276, 0.0295282, 0.00505265, -0.973135, 0.061448, -0.0743926, -0.0420451, 627.753, 0.130112, 0.0468493, 
[2025-02-03 17:53:21.661792] [0x0000007f5fea89a0] [MocapTag] [0x00005f2f] [3910] , 16.6543, 2.37938, 2.4724, -0.0721006, -0.228276, 0.0295282, 0.00505265, -0.973135, 0, 0, 0, 0, 0, 0, 
[2025-02-03 17:53:21.664166] [0x0000007f5fea89a0] [MocapTag] [0x00005f2f] [3911] , 16.6543, 2.37961, 2.47156, -0.0718886, -0.227478, 0.0283547, 0.00439811, -0.97336, 0, 0, 0, 0, 0, 0, 
[2025-02-03 17:53:21.667217] [0x0000007f5fea89a0] [MocapTag] [0x00005f2f] [3912] , 16.6643, 2.37961, 2.47156, -0.0718886, -0.227478, 0.0283547, 0.00439811, -0.97336, 0.0233097, -0.083875, 0.0211989, -0.0691414, -0.25815, -0.164199, 
[2025-02-03 17:53:21.669399] [0x0000007f5fea89a0] [MocapTag] [0x00005f2f] [3914] , 16.6643, 2.37961, 2.47156, -0.0718886, -0.227478, 0.0283547, 0.00439811, -0.97336, 0, 0, 0, 0, 0, 0, 
[2025-02-03 17:53:21.671789] [0x0000007f5fea89a0] [MocapTag] [0x00005f2f] [3915] , 16.6643, 2.37946, 2.4714, -0.0715681, -0.226989, 0.0291722, 0.00482809, -0.973448, 0, 0, 0, 0, 0, 0, 
[2025-02-03 17:53:21.676058] [0x0000007f5fea89a0] [MocapTag] [0x00005f2f] [3916] , 16.6743, 2.37946, 2.4714, -0.0715681, -0.226989, 0.0291722, 0.00482809, -0.973448, -0.0151849, -0.0154111, 0.0320535, 0.0494957, 0.179047, -0.100398, 
[2025-02-03 17:53:21.678748] [0x0000007f5fea89a0] [MocapTag] [0x00005f2f] [3917] , 16.6743, 2.37946, 2.4714, -0.0715681, -0.226989, 0.0291722, 0.00482809, -0.973448, 0, 0, 0, 0, 0, 0, 
[2025-02-03 17:53:21.681222] [0x0000007f5fea89a0] [MocapTag] [0x00005f2f] [3919] , 16.6743, 2.37946, 2.4714, -0.0715681, -0.226989, 0.0291722, 0.00482809, -0.973448, 0, 0, 0, 0, 0, 0, 
[2025-02-03 17:53:21.684173] [0x0000007f5fea89a0] [MocapTag] [0x00005f2f] [3920] , 16.6743, 2.37903, 2.47132, -0.0716764, -0.226852, 0.0283646, 0.00454035, -0.973505, 0, 0, 0, 0, 0, 0, 
[2025-02-03 17:53:21.686675] [0x0000007f5fea89a0] [MocapTag] [0x00005f2f] [3921] , 16.6843, 2.37903, 2.47132, -0.0716764, -0.226852, 0.0283646, 0.00454035, -0.973505, -0.0430651, -0.00810904, -0.0108389, 0, -0.170371, 0, 
[2025-02-03 17:53:21.688980] [0x0000007f5fea89a0] [MocapTag] [0x00005f2f] [3923] , 16.6843, 2.37903, 2.47132, -0.0716764, -0.226852, 0.0283646, 0.00454035, -0.973505, 0, 0, 0, 0, 0, 0, 
[2025-02-03 17:53:21.692383] [0x0000007f5fea89a0] [MocapTag] [0x00005f2f] [3924] , 16.6843, 2.37903, 2.47132, -0.0716764, -0.226852, 0.0283646, 0.00454035, -0.973505, 0, 0, 0, 0, 0, 0, 
[2025-02-03 17:53:21.694442] [0x0000007f5fea89a0] [MocapTag] [0x00005f2f] [3925] , 16.6843, 2.3784, 2.47152, -0.0717116, -0.226591, 0.0269246, 0.00435357, -0.973608, 0, 0, 0, 0, 0, 0, 
[2025-02-03 17:53:21.697062] [0x0000007f5fea89a0] [MocapTag] [0x00005f2f] [3926] , 16.6943, 2.3784, 2.47152, -0.0717116, -0.226591, 0.0269246, 0.00435357, -0.973608, -0.062854, 0.0201926, -0.00351859, 0, -0.288985, -0.0570059, 
[2025-02-03 17:53:21.699396] [0x0000007f5fea89a0] [MocapTag] [0x00005f2f] [3928] , 16.6943, 2.3784, 2.47152, -0.0717116, -0.226591, 0.0269246, 0.00435357, -0.973608, 0, 0, 0, 0, 0, 0, 
[2025-02-03 17:53:21.701820] [0x0000007f5fea89a0] [MocapTag] [0x00005f2f] [3929] , 16.6943, 2.37747, 2.4719, -0.0726236, -0.228344, 0.0244227, 0.00338936, -0.973268, 0, 0, 0, 0, 0, 0, 
[2025-02-03 17:53:21.707330] [0x0000007f5fea89a0] [MocapTag] [0x00005f2f] [3930] , 16.7043, 2.37747, 2.4719, -0.0726236, -0.228344, 0.0244227, 0.00338936, -0.973268, -0.0937374, 0.0377485, -0.0911926, -0.0831604, -0.532053, 0.358129, 
[2025-02-03 17:53:21.707996] [0x0000007f5fea89a0] [MocapTag] [0x00005f2f] [3931] , 16.7043, 2.37747, 2.4719, -0.0726236, -0.228344, 0.0244227, 0.00338936, -0.973268, 0, 0, 0, 0, 0, 0, 
[2025-02-03 17:53:21.710511] [0x0000007f5fea89a0] [MocapTag] [0x00005f2f] [3933] , 16.7043, 2.37747, 2.4719, -0.0726236, -0.228344, 0.0244227, 0.00338936, -0.973268, 0, 0, 0, 0, 0, 0, 
[2025-02-03 17:53:21.712950] [0x0000007f5fea89a0] [MocapTag] [0x00005f2f] [3934] , 16.7043, 2.37643, 2.47233, -0.0727099, -0.229002, 0.0208054, 0.00427019, -0.973194, 0, 0, 0, 0, 0, 0, 
[2025-02-03 17:53:21.718028] [0x0000007f5fea89a0] [MocapTag] [0x00005f2f] [3935] , 16.7143, 2.37643, 2.47233, -0.0727099, -0.229002, 0.0208054, 0.00427019, -0.973194, -0.103849, 0.0430178, -0.00863427, 0.334287, -0.664331, 0.122809, 
[2025-02-03 17:53:21.718673] [0x0000007f5fea89a0] [MocapTag] [0x00005f2f] [3936] , 16.7143, 2.37643, 2.47233, -0.0727099, -0.229002, 0.0208054, 0.00427019, -0.973194, 0, 0, 0, 0, 0, 0, 
[2025-02-03 17:53:21.721252] [0x0000007f5fea89a0] [MocapTag] [0x00005f2f] [3938] , 16.7143, 2.37643, 2.47233, -0.0727099, -0.229002, 0.0208054, 0.00427019, -0.973194, 0, 0, 0, 0, 0, 0, 
[2025-02-03 17:53:21.725712] [0x0000007f5fea89a0] [MocapTag] [0x00005f2f] [3939] , 16.7243, 2.37533, 2.47303, -0.0722295, -0.228397, 0.0190171, 0.00573575, -0.973365, 0, 0, 0, 0, 0, 0, 
[2025-02-03 17:53:21.728469] [0x0000007f5fea89a0] [MocapTag] [0x00005f2f] [3940] , 16.7243, 2.37533, 2.47303, -0.0722295, -0.228397, 0.0190171, 0.00573575, -0.973365, -0.109273, 0.0700498, 0.0480441, -627.949, -0.281226, -0.133157, 
[2025-02-03 17:53:21.731003] [0x0000007f5fea89a0] [MocapTag] [0x00005f2f] [3942] , 16.7243, 2.37533, 2.47303, -0.0722295, -0.228397, 0.0190171, 0.00573575, -0.973365, 0, 0, 0, 0, 0, 0, 
[2025-02-03 17:53:21.733421] [0x0000007f5fea89a0] [MocapTag] [0x00005f2f] [3943] , 16.7243, 2.37439, 2.47352, -0.0724498, -0.229311, 0.0151572, 0.00569027, -0.973219, 0, 0, 0, 0, 0, 0, 
[2025-02-03 17:53:21.736548] [0x0000007f5fea89a0] [MocapTag] [0x00005f2f] [3944] , 16.7343, 2.37439, 2.47352, -0.0724498, -0.229311, 0.0151572, 0.00569027, -0.973219, -0.09487, 0.0486432, -0.022039, 0.164533, -0.753389, 0.182962, 
[2025-02-03 17:53:21.739562] [0x0000007f5fea89a0] [MocapTag] [0x00005f2f] [3946] , 16.7343, 2.37439, 2.47352, -0.0724498, -0.229311, 0.0151572, 0.00569027, -0.973219, 0, 0, 0, 0, 0, 0, 
[2025-02-03 17:53:21.743225] [0x0000007f5fea89a0] [MocapTag] [0x00005f2f] [3947] , 16.7343, 2.37307, 2.47444, -0.0718848, -0.228712, 0.0120534, 0.00793564, -0.973387, 0, 0, 0, 0, 0, 0, 
[2025-02-03 17:53:21.745226] [0x0000007f5fea89a0] [MocapTag] [0x00005f2f] [3948] , 16.7443, 2.37307, 2.47444, -0.0718848, -0.228712, 0.0120534, 0.00793564, -0.973387, -0.131155, 0.0917067, 0.0565015, 0.581264, -0.501917, -0.131035, 
[2025-02-03 17:53:21.747538] [0x0000007f5fea89a0] [MocapTag] [0x00005f2f] [3949] , 16.7443, 2.37307, 2.47444, -0.0718848, -0.228712, 0.0120534, 0.00793564, -0.973387, 0, 0, 0, 0, 0, 0, 
[2025-02-03 17:53:21.750343] [0x0000007f5fea89a0] [MocapTag] [0x00005f2f] [3951] , 16.7443, 2.37307, 2.47444, -0.0718848, -0.228712, 0.0120534, 0.00793564, -0.973387, 0, 0, 0, 0, 0, 0, 
[2025-02-03 17:53:21.753305] [0x0000007f5fea89a0] [MocapTag] [0x00005f2f] [3952] , 16.7443, 2.37186, 2.47546, -0.07139, -0.228428, 0.00771735, 0.00992107, -0.97348, 0, 0, 0, 0, 0, 0, 
[2025-02-03 17:53:21.758440] [0x0000007f5fea89a0] [MocapTag] [0x00005f2f] [3953] , 16.7543, 2.37186, 2.47546, -0.07139, -0.228428, 0.00771735, 0.00992107, -0.97348, -0.12148, 0.102901, 0.0494803, 0.585485, -0.75395, -0.0616312, 
[2025-02-03 17:53:21.760254] [0x0000007f5fea89a0] [MocapTag] [0x00005f2f] [3955] , 16.7543, 2.37186, 2.47546, -0.07139, -0.228428, 0.00771735, 0.00992107, -0.97348, 0, 0, 0, 0, 0, 0, 
[2025-02-03 17:53:21.762687] [0x0000007f5fea89a0] [MocapTag] [0x00005f2f] [3956] , 16.7543, 2.37096, 2.47598, -0.0712139, -0.228463, 0.00470801, 0.0107899, -0.973481, 0, 0, 0, 0, 0, 0, 
[2025-02-03 17:53:21.765514] [0x0000007f5fea89a0] [MocapTag] [0x00005f2f] [3957] , 16.7643, 2.37096, 2.47598, -0.0712139, -0.228463, 0.00470801, 0.0107899, -0.973481, -0.0899572, 0.0517128, 0.0176155, 0.306535, -0.546213, 0, 
[2025-02-03 17:53:21.768340] [0x0000007f5fea89a0] [MocapTag] [0x00005f2f] [3958] , 16.7643, 2.37096, 2.47598, -0.0712139, -0.228463, 0.00470801, 0.0107899, -0.973481, 0, 0, 0, 0, 0, 0, 
[2025-02-03 17:53:21.771676] [0x0000007f5fea89a0] [MocapTag] [0x00005f2f] [3960] , 16.7643, 2.37096, 2.47598, -0.0712139, -0.228463, 0.00470801, 0.0107899, -0.973481, 0, 0, 0, 0, 0, 0, 
[2025-02-03 17:53:21.774432] [0x0000007f5fea89a0] [MocapTag] [0x00005f2f] [3961] , 16.7643, 2.37003, 2.47658, -0.0709826, -0.228513, 0.0016208, 0.0119257, -0.973467, 0, 0, 0, 0, 0, 0, 
[2025-02-03 17:53:21.777134] [0x0000007f5fea89a0] [MocapTag] [0x00005f2f] [3962] , 16.7743, 2.37003, 2.47658, -0.0709826, -0.228513, 0.0016208, 0.0119257, -0.973467, -0.0927015, 0.0597826, 0.02313, 0.36211, -0.549094, 0, 
[2025-02-03 17:53:21.779567] [0x0000007f5fea89a0] [MocapTag] [0x00005f2f] [3964] , 16.7743, 2.37003, 2.47658, -0.0709826, -0.228513, 0.0016208, 0.0119257, -0.973467, 0, 0, 0, 0, 0, 0, 
[2025-02-03 17:53:21.782266] [0x0000007f5fea89a0] [MocapTag] [0x00005f2f] [3965] , 16.7743, 2.36932, 2.47727, -0.0706423, -0.227693, -0.000484319, 0.0129464, -0.973647, 0, 0, 0, 0, 0, 0, 
[2025-02-03 17:53:21.786826] [0x0000007f5fea89a0] [MocapTag] [0x00005f2f] [3966] , 16.7843, 2.36932, 2.47727, -0.0706423, -0.227693, -0.000484319, 0.0129464, -0.973647, -0.0713756, 0.0690921, 0.0340247, 0.295377, -0.365351, -0.164509, 
[2025-02-03 17:53:21.789105] [0x0000007f5fea89a0] [MocapTag] [0x00005f2f] [3968] , 16.7843, 2.36932, 2.47727, -0.0706423, -0.227693, -0.000484319, 0.0129464, -0.973647, 0, 0, 0, 0, 0, 0, 
[2025-02-03 17:53:21.791818] [0x0000007f5fea89a0] [MocapTag] [0x00005f2f] [3969] , 16.7843, 2.36932, 2.47727, -0.0706423, -0.227693, -0.000484319, 0.0129464, -0.973647, 0, 0, 0, 0, 0, 0, 
[2025-02-03 17:53:21.794428] [0x0000007f5fea89a0] [MocapTag] [0x00005f2f] [3970] , 16.7843, 2.36863, 2.47764, -0.0705305, -0.22796, -0.00294997, 0.0135683, -0.973572, 0, 0, 0, 0, 0, 0, 
[2025-02-03 17:53:21.797165] [0x0000007f5fea89a0] [MocapTag] [0x00005f2f] [3971] , 16.7943, 2.36863, 2.47764, -0.0705305, -0.22796, -0.00294997, 0.0135683, -0.973572, -0.069253, 0.0366775, 0.0111857, 0.233388, -0.451048, 0.061059, 
[2025-02-03 17:53:21.799676] [0x0000007f5fea89a0] [MocapTag] [0x00005f2f] [3973] , 16.7943, 2.36863, 2.47764, -0.0705305, -0.22796, -0.00294997, 0.0135683, -0.973572, 0, 0, 0, 0, 0, 0, 
[2025-02-03 17:53:21.803616] [0x0000007f5fea89a0] [MocapTag] [0x00005f2f] [3974] , 16.7943, 2.36817, 2.47791, -0.0704861, -0.227969, -0.00443506, 0.0139675, -0.973558, 0, 0, 0, 0, 0, 0, 
[2025-02-03 17:53:21.806303] [0x0000007f5fea89a0] [MocapTag] [0x00005f2f] [3975] , 16.8043, 2.36817, 2.47791, -0.0704861, -0.227969, -0.00443506, 0.0139675, -0.973558, -0.0461667, 0.0277224, 0.00443905, 0.145459, -0.270931, 0, 
[2025-02-03 17:53:21.808823] [0x0000007f5fea89a0] [MocapTag] [0x00005f2f] [3976] , 16.8043, 2.36817, 2.47791, -0.0704861, -0.227969, -0.00443506, 0.0139675, -0.973558, 0, 0, 0, 0, 0, 0, 
[2025-02-03 17:53:21.811379] [0x0000007f5fea89a0] [MocapTag] [0x00005f2f] [3978] , 16.8043, 2.36817, 2.47791, -0.0704861, -0.227969, -0.00443506, 0.0139675, -0.973558, 0, 0, 0, 0, 0, 0, 
[2025-02-03 17:53:21.813846] [0x0000007f5fea89a0] [MocapTag] [0x00005f2f] [3979] , 16.8043, 2.36792, 2.47795, -0.0705034, -0.227903, -0.0052499, 0.013925, -0.97357, 0, 0, 0, 0, 0, 0, 
[2025-02-03 17:53:21.816547] [0x0000007f5fea89a0] [MocapTag] [0x00005f2f] [3980] , 16.8143, 2.36792, 2.47795, -0.0705034, -0.227903, -0.0052499, 0.013925, -0.97357, -0.024576, 0.00353473, 0, 0, -0.160794, 0, 
[2025-02-03 17:53:21.821231] [0x0000007f5fea89a0] [MocapTag] [0x00005f2f] [3982] , 16.8143, 2.36792, 2.47795, -0.0705034, -0.227903, -0.0052499, 0.013925, -0.97357, 0, 0, 0, 0, 0, 0, 
[2025-02-03 17:53:21.822266] [0x0000007f5fea89a0] [MocapTag] [0x00005f2f] [3983] , 16.8143, 2.36788, 2.47783, -0.0706296, -0.227861, -0.00547534, 0.0137192, -0.973582, 0, 0, 0, 0, 0, 0, 
[2025-02-03 17:53:21.825202] [0x0000007f5fea89a0] [MocapTag] [0x00005f2f] [3984] , 16.8243, 2.36788, 2.47783, -0.0706296, -0.227861, -0.00547534, 0.0137192, -0.973582, -0.00423026, -0.0123474, -0.0126185, 0, -0.0534033, 0, 
[2025-02-03 17:53:21.827964] [0x0000007f5fea89a0] [MocapTag] [0x00005f2f] [3985] , 16.8243, 2.36788, 2.47783, -0.0706296, -0.227861, -0.00547534, 0.0137192, -0.973582, 0, 0, 0, 0, 0, 0, 
[2025-02-03 17:53:21.830293] [0x0000007f5fea89a0] [MocapTag] [0x00005f2f] [3987] , 16.8243, 2.36788, 2.47783, -0.0706296, -0.227861, -0.00547534, 0.0137192, -0.973582, 0, 0, 0, 0, 0, 0, 
[2025-02-03 17:53:21.832557] [0x0000007f5fea89a0] [MocapTag] [0x00005f2f] [3988] , 16.8243, 2.36794, 2.47777, -0.0706837, -0.227723, -0.00522624, 0.013498, -0.973618, 0, 0, 0, 0, 0, 0, 
[2025-02-03 17:53:21.837902] [0x0000007f5fea89a0] [MocapTag] [0x00005f2f] [3989] , 16.8343, 2.36794, 2.47777, -0.0706837, -0.227723, -0.00522624, 0.013498, -0.973618, 0.00623651, -0.00531433, -0.00540552, -0.0545025, 0.038012, 0, 
[2025-02-03 17:53:21.840371] [0x0000007f5fea89a0] [MocapTag] [0x00005f2f] [3991] , 16.8343, 2.36794, 2.47777, -0.0706837, -0.227723, -0.00522624, 0.013498, -0.973618, 0, 0, 0, 0, 0, 0, 
[2025-02-03 17:53:21.842916] [0x0000007f5fea89a0] [MocapTag] [0x00005f2f] [3992] , 16.8343, 2.36827, 2.47731, -0.0708978, -0.227853, -0.00406428, 0.0124696, -0.973607, 0, 0, 0, 0, 0, 0, 
[2025-02-03 17:53:21.846295] [0x0000007f5fea89a0] [MocapTag] [0x00005f2f] [3993] , 16.8443, 2.36827, 2.47731, -0.0708978, -0.227853, -0.00406428, 0.0124696, -0.973607, 0.0326537, -0.0459919, -0.0214122, -0.253201, 0.179759, 0, 
[2025-02-03 17:53:21.850849] [0x0000007f5fea89a0] [MocapTag] [0x00005f2f] [3995] , 16.8443, 2.36827, 2.47731, -0.0708978, -0.227853, -0.00406428, 0.0124696, -0.973607, 0, 0, 0, 0, 0, 0, 
[2025-02-03 17:53:21.853408] [0x0000007f5fea89a0] [MocapTag] [0x00005f2f] [3996] , 16.8443, 2.36871, 2.47692, -0.0709665, -0.227832, -0.00298361, 0.01181, -0.973624, 0, 0, 0, 0, 0, 0, 
[2025-02-03 17:53:21.856185] [0x0000007f5fea89a0] [MocapTag] [0x00005f2f] [3997] , 16.8543, 2.36871, 2.47692, -0.0709665, -0.227832, -0.00298361, 0.01181, -0.973624, 0.0439986, -0.0393421, -0.00686943, -0.177741, 0.180308, 0, 
[2025-02-03 17:53:21.858680] [0x0000007f5fea89a0] [MocapTag] [0x00005f2f] [3998] , 16.8543, 2.36871, 2.47692, -0.0709665, -0.227832, -0.00298361, 0.01181, -0.973624, 0, 0, 0, 0, 0, 0, 
[2025-02-03 17:53:21.861261] [0x0000007f5fea89a0] [MocapTag] [0x00005f2f] [4000] , 16.8543, 2.36871, 2.47692, -0.0709665, -0.227832, -0.00298361, 0.01181, -0.973624, 0, 0, 0, 0, 0, 0, 
[2025-02-03 17:53:21.864177] [0x0000007f5fea89a0] [MocapTag] [0x00005f2f] [4001] , 16.8543, 2.36925, 2.47646, -0.0711502, -0.228153, -0.00111288, 0.0108962, -0.973564, 0, 0, 0, 0, 0, 0, 
[2025-02-03 17:53:21.868452] [0x0000007f5fea89a0] [MocapTag] [0x00005f2f] [4002] , 16.8643, 2.36925, 2.47646, -0.0711502, -0.228153, -0.00111288, 0.0108962, -0.973564, 0.0548494, -0.0464024, -0.0183667, -0.263309, 0.323351, 0.0616312, 
[2025-02-03 17:53:21.871157] [0x0000007f5fea89a0] [MocapTag] [0x00005f2f] [4004] , 16.8643, 2.36925, 2.47646, -0.0711502, -0.228153, -0.00111288, 0.0108962, -0.973564, 0, 0, 0, 0, 0, 0, 
[2025-02-03 17:53:21.873584] [0x0000007f5fea89a0] [MocapTag] [0x00005f2f] [4005] , 16.8643, 2.36988, 2.47603, -0.0711699, -0.228074, 0.000883834, 0.0101731, -0.97359, 0, 0, 0, 0, 0, 0, 
[2025-02-03 17:53:21.876415] [0x0000007f5fea89a0] [MocapTag] [0x00005f2f] [4006] , 16.8743, 2.36988, 2.47603, -0.0711699, -0.228074, 0.000883834, 0.0101731, -0.97359, 0.0630056, -0.0424978, 0, -0.231838, 0.355641, 0, 
[2025-02-03 17:53:21.879128] [0x0000007f5fea89a0] [MocapTag] [0x00005f2f] [4008] , 16.8743, 2.36988, 2.47603, -0.0711699, -0.228074, 0.000883834, 0.0101731, -0.97359, 0, 0, 0, 0, 0, 0, 
[2025-02-03 17:53:21.884504] [0x0000007f5fea89a0] [MocapTag] [0x00005f2f] [4009] , 16.8743, 2.36988, 2.47603, -0.0711699, -0.228074, 0.000883834, 0.0101731, -0.97359, 0, 0, 0, 0, 0, 0, 
[2025-02-03 17:53:21.887233] [0x0000007f5fea89a0] [MocapTag] [0x00005f2f] [4010] , 16.8843, 2.37082, 2.47499, -0.070907, -0.227522, 0.000888676, 0.0095243, -0.973726, 0, 0, 0, 0, 0, 0, 
[2025-02-03 17:53:21.890346] [0x0000007f5fea89a0] [MocapTag] [0x00005f2f] [4012] , 16.8843, 2.37082, 2.47499, -0.070907, -0.227522, 0.000888676, 0.0095243, -0.973726, 0.0930468, -0.104253, 0.026289, -0.126243, 0, -0.11301, 
[2025-02-03 17:53:21.892838] [0x0000007f5fea89a0] [MocapTag] [0x00005f2f] [4013] , 16.8843, 2.37122, 2.47533, -0.0710282, -0.227891, 0.00466705, 0.00914749, -0.973633, 0, 0, 0, 0, 0, 0, 
[2025-02-03 17:53:21.895703] [0x0000007f5fea89a0] [MocapTag] [0x00005f2f] [4014] , 16.8943, 2.37122, 2.47533, -0.0710282, -0.227891, 0.00466705, 0.00914749, -0.973633, 0.0407331, 0.0338373, -0.0121218, -0.245762, 0.719296, 0.0712156, 
[2025-02-03 17:53:21.899140] [0x0000007f5fea89a0] [MocapTag] [0x00005f2f] [4016] , 16.8943, 2.37122, 2.47533, -0.0710282, -0.227891, 0.00466705, 0.00914749, -0.973633, 0, 0, 0, 0, 0, 0, 
[2025-02-03 17:53:21.901803] [0x0000007f5fea89a0] [MocapTag] [0x00005f2f] [4017] , 16.8943, 2.37122, 2.47533, -0.0710282, -0.227891, 0.00466705, 0.00914749, -0.973633, 0, 0, 0, 0, 0, 0, 
[2025-02-03 17:53:21.904302] [0x0000007f5fea89a0] [MocapTag] [0x00005f2f] [4018] , 16.8943, 2.37207, 2.47469, -0.0706541, -0.226954, 0.00521602, 0.00879245, -0.973852, 0, 0, 0, 0, 0, 0, 
[2025-02-03 17:53:21.907068] [0x0000007f5fea89a0] [MocapTag] [0x00005f2f] [4019] , 16.9043, 2.37207, 2.47469, -0.0706541, -0.226954, 0.00521602, 0.00879245, -0.973852, 0.0851298, -0.0636641, 0.0374166, -0.0927925, 0.089307, -0.192475, 
[2025-02-03 17:53:21.909566] [0x0000007f5fea89a0] [MocapTag] [0x00005f2f] [4021] , 16.9043, 2.37207, 2.47469, -0.0706541, -0.226954, 0.00521602, 0.00879245, -0.973852, 0, 0, 0, 0, 0, 0, 
[2025-02-03 17:53:21.912265] [0x0000007f5fea89a0] [MocapTag] [0x00005f2f] [4022] , 16.9043, 2.37261, 2.47436, -0.0706974, -0.227335, 0.0064155, 0.00857393, -0.973758, 0, 0, 0, 0, 0, 0, 
[2025-02-03 17:53:21.915712] [0x0000007f5fea89a0] [MocapTag] [0x00005f2f] [4023] , 16.9143, 2.37261, 2.47436, -0.0706974, -0.227335, 0.0064155, 0.00857393, -0.973758, 0.0532417, -0.0332241, -0.00433274, -0.0976324, 0.224262, 0.0775337, 
[2025-02-03 17:53:21.919943] [0x0000007f5fea89a0] [MocapTag] [0x00005f2f] [4025] , 16.9143, 2.37261, 2.47436, -0.0706974, -0.227335, 0.0064155, 0.00857393, -0.973758, 0, 0, 0, 0, 0, 0, 
[2025-02-03 17:53:21.922596] [0x0000007f5fea89a0] [MocapTag] [0x00005f2f] [4026] , 16.9143, 2.37261, 2.47436, -0.0706974, -0.227335, 0.0064155, 0.00857393, -0.973758, 0, 0, 0, 0, 0, 0, 
[2025-02-03 17:53:21.923195] [0x0000007f5fea89a0] [MocapTag] [0x00005f2f] [4027] , 16.9143, 2.37285, 2.47468, -0.0709855, -0.228254, 0.00926686, 0.00861, -0.97352, 0, 0, 0, 0, 0, 0, 
[2025-02-03 17:53:21.926063] [0x0000007f5fea89a0] [MocapTag] [0x00005f2f] [4028] , 16.9243, 2.37285, 2.47468, -0.0709855, -0.228254, 0.00926686, 0.00861, -0.97352, 0.0245073, 0.031751, -0.0288082, -0.124621, 0.558191, 0.187397, 
[2025-02-03 17:53:21.930493] [0x0000007f5fea89a0] [MocapTag] [0x00005f2f] [4030] , 16.9243, 2.37285, 2.47468, -0.0709855, -0.228254, 0.00926686, 0.00861, -0.97352, 0, 0, 0, 0, 0, 0, 
[2025-02-03 17:53:21.932931] [0x0000007f5fea89a0] [MocapTag] [0x00005f2f] [4031] , 16.9243, 2.37343, 2.47409, -0.0707229, -0.227397, 0.00891949, 0.00867274, -0.973723, 0, 0, 0, 0, 0, 0, 
[2025-02-03 17:53:21.935831] [0x0000007f5fea89a0] [MocapTag] [0x00005f2f] [4032] , 16.9343, 2.37343, 2.47409, -0.0707229, -0.227397, 0.00891949, 0.00867274, -0.973723, 0.0577914, -0.0582116, 0.0262545, 0, -0.0659091, -0.176072, 
[2025-02-03 17:53:21.938341] [0x0000007f5fea89a0] [MocapTag] [0x00005f2f] [4033] , 16.9343, 2.37343, 2.47409, -0.0707229, -0.227397, 0.00891949, 0.00867274, -0.973723, 0, 0, 0, 0, 0, 0, 
[2025-02-03 17:53:21.940915] [0x0000007f5fea89a0] [MocapTag] [0x00005f2f] [4035] , 16.9343, 2.37343, 2.47409, -0.0707229, -0.227397, 0.00891949, 0.00867274, -0.973723, 0, 0, 0, 0, 0, 0, 
[2025-02-03 17:53:21.943307] [0x0000007f5fea89a0] [MocapTag] [0x00005f2f] [4036] , 16.9343, 2.37366, 2.47417, -0.0706821, -0.227203, 0.00969721, 0.00891212, -0.973758, 0, 0, 0, 0, 0, 0, 
[2025-02-03 17:53:21.947725] [0x0000007f5fea89a0] [MocapTag] [0x00005f2f] [4037] , 16.9443, 2.37366, 2.47417, -0.0706821, -0.227203, 0.00969721, 0.00891212, -0.973758, 0.0229603, 0.00724703, 0.0040821, 0, 0.162108, -0.0405788, 
[2025-02-03 17:53:21.950258] [0x0000007f5fea89a0] [MocapTag] [0x00005f2f] [4039] , 16.9443, 2.37366, 2.47417, -0.0706821, -0.227203, 0.00969721, 0.00891212, -0.973758, 0, 0, 0, 0, 0, 0, 
[2025-02-03 17:53:21.952694] [0x0000007f5fea89a0] [MocapTag] [0x00005f2f] [4040] , 16.9443, 2.37349, 2.47468, -0.0710671, -0.228167, 0.0118217, 0.00901134, -0.973509, 0, 0, 0, 0, 0, 0, 
[2025-02-03 17:53:21.955627] [0x0000007f5fea89a0] [MocapTag] [0x00005f2f] [4041] , 16.9543, 2.37349, 2.47468, -0.0710671, -0.228167, 0.0118217, 0.00901134, -0.973509, -0.0166557, 0.0512205, -0.0385036, -0.0798464, 0.419541, 0.197482, 
[2025-02-03 17:53:21.957964] [0x0000007f5fea89a0] [MocapTag] [0x00005f2f] [4042] , 16.9543, 2.37349, 2.47468, -0.0710671, -0.228167, 0.0118217, 0.00901134, -0.973509, 0, 0, 0, 0, 0, 0, 
[2025-02-03 17:53:21.962726] [0x0000007f5fea89a0] [MocapTag] [0x00005f2f] [4044] , 16.9543, 2.37349, 2.47468, -0.0710671, -0.228167, 0.0118217, 0.00901134, -0.973509, 0, 0, 0, 0, 0, 0, 
[2025-02-03 17:53:21.965064] [0x0000007f5fea89a0] [MocapTag] [0x00005f2f] [4045] , 16.9643, 2.37369, 2.47413, -0.0708076, -0.227459, 0.00976377, 0.00907133, -0.973696, 0, 0, 0, 0, 0, 0, 
[2025-02-03 17:53:21.967695] [0x0000007f5fea89a0] [MocapTag] [0x00005f2f] [4046] , 16.9643, 2.37369, 2.47413, -0.0708076, -0.227459, 0.00976377, 0.00907133, -0.973696, 0.0194128, -0.0551699, 0.0259575, 0.107217, -0.398995, -0.145149, 
[2025-02-03 17:53:21.970481] [0x0000007f5fea89a0] [MocapTag] [0x00005f2f] [4048] , 16.9643, 2.37369, 2.47413, -0.0708076, -0.227459, 0.00976377, 0.00907133, -0.973696, 0, 0, 0, 0, 0, 0, 
[2025-02-03 17:53:21.974373] [0x0000007f5fea89a0] [MocapTag] [0x00005f2f] [4049] , 16.9643, 2.37344, 2.47476, -0.0712449, -0.227822, 0.0121917, 0.00888696, -0.973586, 0, 0, 0, 0, 0, 0, 
[2025-02-03 17:53:21.975738] [0x0000007f5fea89a0] [MocapTag] [0x00005f2f] [4050] , 16.9743, 2.37344, 2.47476, -0.0712449, -0.227822, 0.0121917, 0.00888696, -0.973586, -0.0247586, 0.063285, -0.0437387, -0.147343, 0.464945, 0.0746727, 
[2025-02-03 17:53:21.979575] [0x0000007f5fea89a0] [MocapTag] [0x00005f2f] [4052] , 16.9743, 2.37344, 2.47476, -0.0712449, -0.227822, 0.0121917, 0.00888696, -0.973586, 0, 0, 0, 0, 0, 0, 
[2025-02-03 17:53:21.982117] [0x0000007f5fea89a0] [MocapTag] [0x00005f2f] [4053] , 16.9743, 2.37308, 2.47488, -0.0713132, -0.228337, 0.010866, 0.00924094, -0.973478, 0, 0, 0, 0, 0, 0, 
[2025-02-03 17:53:21.984890] [0x0000007f5fea89a0] [MocapTag] [0x00005f2f] [4054] , 16.9843, 2.37308, 2.47488, -0.0713132, -0.228337, 0.010866, 0.00924094, -0.973478, -0.0363743, 0.0122735, -0.00682442, 0.127983, -0.241368, 0.105023, 
[2025-02-03 17:53:21.987483] [0x0000007f5fea89a0] [MocapTag] [0x00005f2f] [4055] , 16.9843, 2.37308, 2.47488, -0.0713132, -0.228337, 0.010866, 0.00924094, -0.973478, 0, 0, 0, 0, 0, 0, 
[2025-02-03 17:53:21.989910] [0x0000007f5fea89a0] [MocapTag] [0x00005f2f] [4057] , 16.9843, 2.37308, 2.47488, -0.0713132, -0.228337, 0.010866, 0.00924094, -0.973478, 0, 0, 0, 0, 0, 0, 
[2025-02-03 17:53:21.994492] [0x0000007f5fea89a0] [MocapTag] [0x00005f2f] [4058] , 16.9843, 2.37277, 2.47497, -0.071279, -0.22806, 0.0102068, 0.00923058, -0.97355, 0, 0, 0, 0, 0, 0, 
[2025-02-03 17:53:21.997366] [0x0000007f5fea89a0] [MocapTag] [0x00005f2f] [4059] , 16.9943, 2.37277, 2.47497, -0.071279, -0.22806, 0.0102068, 0.00923058, -0.97355, -0.0301122, 0.0085806, 0.00342274, 0, -0.129221, -0.0566959, 
[2025-02-03 17:53:21.999704] [0x0000007f5fea89a0] [MocapTag] [0x00005f2f] [4061] , 16.9943, 2.37277, 2.47497, -0.071279, -0.22806, 0.0102068, 0.00923058, -0.97355, 0, 0, 0, 0, 0, 0, 
[2025-02-03 17:53:22.002468] [0x0000007f5fea89a0] [MocapTag] [0x00005f2f] [4062] , 16.9943, 2.37235, 2.47516, -0.071201, -0.228087, 0.00881314, 0.00947537, -0.973555, 0, 0, 0, 0, 0, 0, 
[2025-02-03 17:53:22.004908] [0x0000007f5fea89a0] [MocapTag] [0x00005f2f] [4063] , 17.0043, 2.37235, 2.47516, -0.071201, -0.228087, 0.00881314, 0.00947537, -0.973555, -0.0426803, 0.0193389, 0.00779717, 0.111151, -0.260202, 0, 
[2025-02-03 17:53:22.007431] [0x0000007f5fea89a0] [MocapTag] [0x00005f2f] [4064] , 17.0043, 2.37235, 2.47516, -0.071201, -0.228087, 0.00881314, 0.00947537, -0.973555, 0, 0, 0, 0, 0, 0, 
[2025-02-03 17:53:22.011471] [0x0000007f5fea89a0] [MocapTag] [0x00005f2f] [4066] , 17.0043, 2.37235, 2.47516, -0.071201, -0.228087, 0.00881314, 0.00947537, -0.973555, 0, 0, 0, 0, 0, 0, 
[2025-02-03 17:53:22.013927] [0x0000007f5fea89a0] [MocapTag] [0x00005f2f] [4067] , 17.0043, 2.37177, 2.47539, -0.0711914, -0.228793, 0.00639369, 0.0101802, -0.973401, 0, 0, 0, 0, 0, 0, 
[2025-02-03 17:53:22.018400] [0x0000007f5fea89a0] [MocapTag] [0x00005f2f] [4068] , 17.0143, 2.37177, 2.47539, -0.0711914, -0.228793, 0.00639369, 0.0101802, -0.973401, -0.0573948, 0.0233967, 0, 0.246358, -0.43778, 0.145531, 
[2025-02-03 17:53:22.019204] [0x0000007f5fea89a0] [MocapTag] [0x00005f2f] [4070] , 17.0143, 2.37177, 2.47539, -0.0711914, -0.228793, 0.00639369, 0.0101802, -0.973401, 0, 0, 0, 0, 0, 0, 
[2025-02-03 17:53:22.021580] [0x0000007f5fea89a0] [MocapTag] [0x00005f2f] [4071] , 17.0143, 2.37177, 2.47539, -0.0711914, -0.228793, 0.00639369, 0.0101802, -0.973401, 0, 0, 0, 0, 0, 0, 
[2025-02-03 17:53:22.025169] [0x0000007f5fea89a0] [MocapTag] [0x00005f2f] [4072] , 17.0243, 2.37149, 2.47542, -0.0711924, -0.228759, 0.00576342, 0.00980973, -0.973417, 0, 0, 0, 0, 0, 0, 
[2025-02-03 17:53:22.029403] [0x0000007f5fea89a0] [MocapTag] [0x00005f2f] [4074] , 17.0243, 2.37149, 2.47542, -0.0711924, -0.228759, 0.00576342, 0.00980973, -0.973417, -0.0285182, 0.00240785, 0, -0.043273, -0.139723, 0, 
[2025-02-03 17:53:22.031634] [0x0000007f5fea89a0] [MocapTag] [0x00005f2f] [4075] , 17.0243, 2.37149, 2.47542, -0.0711924, -0.228759, 0.00576342, 0.00980973, -0.973417, 0, 0, 0, 0, 0, 0, 
[2025-02-03 17:53:22.034198] [0x0000007f5fea89a0] [MocapTag] [0x00005f2f] [4076] , 17.0243, 2.37115, 2.47569, -0.0709847, -0.22831, 0.00467314, 0.0100195, -0.973526, 0, 0, 0, 0, 0, 0, 
[2025-02-03 17:53:22.037075] [0x0000007f5fea89a0] [MocapTag] [0x00005f2f] [4077] , 17.0343, 2.37115, 2.47569, -0.0709847, -0.22831, 0.00467314, 0.0100195, -0.973526, -0.0337768, 0.027281, 0.0207672, 0.0913382, -0.20348, -0.0914097, 
[2025-02-03 17:53:22.039423] [0x0000007f5fea89a0] [MocapTag] [0x00005f2f] [4079] , 17.0343, 2.37115, 2.47569, -0.0709847, -0.22831, 0.00467314, 0.0100195, -0.973526, 0, 0, 0, 0, 0, 0, 
[2025-02-03 17:53:22.044503] [0x0000007f5fea89a0] [MocapTag] [0x00005f2f] [4080] , 17.0343, 2.37115, 2.47569, -0.0709847, -0.22831, 0.00467314, 0.0100195, -0.973526, 0, 0, 0, 0, 0, 0, 
[2025-02-03 17:53:22.046122] [0x0000007f5fea89a0] [MocapTag] [0x00005f2f] [4081] , 17.0443, 2.37084, 2.47581, -0.0709611, -0.228487, 0.00346183, 0.0101402, -0.973488, 0, 0, 0, 0, 0, 0, 
[2025-02-03 17:53:22.048814] [0x0000007f5fea89a0] [MocapTag] [0x00005f2f] [4082] , 17.0443, 2.37084, 2.47581, -0.0709611, -0.228487, 0.00346183, 0.0101402, -0.973488, -0.0313952, 0.0120601, 0.00236625, 0.0785589, -0.230023, 0.0375748, 
[2025-02-03 17:53:22.051381] [0x0000007f5fea89a0] [MocapTag] [0x00005f2f] [4084] , 17.0443, 2.37084, 2.47581, -0.0709611, -0.228487, 0.00346183, 0.0101402, -0.973488, 0, 0, 0, 0, 0, 0, 
[2025-02-03 17:53:22.053998] [0x0000007f5fea89a0] [MocapTag] [0x00005f2f] [4085] , 17.0443, 2.37062, 2.4756, -0.0711287, -0.229162, 0.00211631, 0.00994283, -0.973335, 0, 0, 0, 0, 0, 0, 
[2025-02-03 17:53:22.058993] [0x0000007f5fea89a0] [MocapTag] [0x00005f2f] [4087] , 17.0543, 2.37062, 2.4756, -0.0711287, -0.229162, 0.00211631, 0.00994283, -0.973335, -0.0219643, -0.020909, -0.0167628, 0, -0.269727, 0.140786, 
[2025-02-03 17:53:22.061692] [0x0000007f5fea89a0] [MocapTag] [0x00005f2f] [4088] , 17.0543, 2.37062, 2.4756, -0.0711287, -0.229162, 0.00211631, 0.00994283, -0.973335, 0, 0, 0, 0, 0, 0, 
[2025-02-03 17:53:22.064183] [0x0000007f5fea89a0] [MocapTag] [0x00005f2f] [4089] , 17.0543, 2.37042, 2.47577, -0.071076, -0.229027, 0.00147178, 0.0102219, -0.973365, 0, 0, 0, 0, 0, 0, 
[2025-02-03 17:53:22.067172] [0x0000007f5fea89a0] [MocapTag] [0x00005f2f] [4090] , 17.0643, 2.37042, 2.47577, -0.071076, -0.229027, 0.00147178, 0.0102219, -0.973365, -0.019386, 0.0165213, 0.0052673, 0.083971, -0.112947, 0, 
[2025-02-03 17:53:22.069547] [0x0000007f5fea89a0] [MocapTag] [0x00005f2f] [4092] , 17.0643, 2.37042, 2.47577, -0.071076, -0.229027, 0.00147178, 0.0102219, -0.973365, 0, 0, 0, 0, 0, 0, 
[2025-02-03 17:53:22.074365] [0x0000007f5fea89a0] [MocapTag] [0x00005f2f] [4093] , 17.0643, 2.37033, 2.47577, -0.0711281, -0.229034, 0.00144619, 0.0101119, -0.973365, 0, 0, 0, 0, 0, 0, 
[2025-02-03 17:53:22.077167] [0x0000007f5fea89a0] [MocapTag] [0x00005f2f] [4094] , 17.0743, 2.37033, 2.47577, -0.0711281, -0.229034, 0.00144619, 0.0101119, -0.973365, -0.0091045, 0, -0.00521267, 0, 0, 0, 
[2025-02-03 17:53:22.079773] [0x0000007f5fea89a0] [MocapTag] [0x00005f2f] [4096] , 17.0743, 2.37033, 2.47577, -0.0711281, -0.229034, 0.00144619, 0.0101119, -0.973365, 0, 0, 0, 0, 0, 0, 
[2025-02-03 17:53:22.082590] [0x0000007f5fea89a0] [MocapTag] [0x00005f2f] [4097] , 17.0743, 2.37029, 2.47581, -0.0711628, -0.22906, 0.00137475, 0.0102907, -0.973357, 0, 0, 0, 0, 0, 0, 
[2025-02-03 17:53:22.085047] [0x0000007f5fea89a0] [MocapTag] [0x00005f2f] [4098] , 17.0843, 2.37029, 2.47581, -0.0711628, -0.22906, 0.00137475, 0.0102907, -0.973357, -0.00377225, 0.00369819, -0.00347081, 0.0380516, 0, 0, 
[2025-02-03 17:53:22.087480] [0x0000007f5fea89a0] [MocapTag] [0x00005f2f] [4099] , 17.0843, 2.37029, 2.47581, -0.0711628, -0.22906, 0.00137475, 0.0102907, -0.973357, 0, 0, 0, 0, 0, 0, 
[2025-02-03 17:53:22.090819] [0x0000007f5fea89a0] [MocapTag] [0x00005f2f] [4101] , 17.0843, 2.37029, 2.47581, -0.0711628, -0.22906, 0.00137475, 0.0102907, -0.973357, 0, 0, 0, 0, 0, 0, 
[2025-02-03 17:53:22.093356] [0x0000007f5fea89a0] [MocapTag] [0x00005f2f] [4102] , 17.0843, 2.37032, 2.47592, -0.0710985, -0.228854, 0.00173563, 0.0104148, -0.973403, 0, 0, 0, 0, 0, 0, 
[2025-02-03 17:53:22.096289] [0x0000007f5fea89a0] [MocapTag] [0x00005f2f] [4103] , 17.0943, 2.37032, 2.47592, -0.0710985, -0.228854, 0.00173563, 0.0104148, -0.973403, 0.00212418, 0.0110405, 0.00643708, 0, 0.0755316, -0.04282, 
[2025-02-03 17:53:22.099414] [0x0000007f5fea89a0] [MocapTag] [0x00005f2f] [4105] , 17.0943, 2.37032, 2.47592, -0.0710985, -0.228854, 0.00173563, 0.0104148, -0.973403, 0, 0, 0, 0, 0, 0, 
[2025-02-03 17:53:22.101113] [0x0000007f5fea89a0] [MocapTag] [0x00005f2f] [4106] , 17.0943, 2.37032, 2.47592, -0.0710985, -0.228854, 0.00173563, 0.0104148, -0.973403, 0, 0, 0, 0, 0, 0, 
[2025-02-03 17:53:22.105571] [0x0000007f5fea89a0] [MocapTag] [0x00005f2f] [4107] , 17.1043, 2.37044, 2.47583, -0.0711589, -0.228937, 0.00192692, 0.010464, -0.973383, 0, 0, 0, 0, 0, 0, 
[2025-02-03 17:53:22.108339] [0x0000007f5fea89a0] [MocapTag] [0x00005f2f] [4108] , 17.1043, 2.37044, 2.47583, -0.0711589, -0.228937, 0.00192692, 0.010464, -0.973383, 0.0128581, -0.00894475, -0.00604448, 0, 0.0396612, 0, 
[2025-02-03 17:53:22.111003] [0x0000007f5fea89a0] [MocapTag] [0x00005f2f] [4110] , 17.1043, 2.37044, 2.47583, -0.0711589, -0.228937, 0.00192692, 0.010464, -0.973383, 0, 0, 0, 0, 0, 0, 
[2025-02-03 17:53:22.113439] [0x0000007f5fea89a0] [MocapTag] [0x00005f2f] [4111] , 17.1043, 2.37064, 2.47573, -0.0711482, -0.228865, 0.00252712, 0.010396, -0.973399, 0, 0, 0, 0, 0, 0, 
[2025-02-03 17:53:22.117450] [0x0000007f5fea89a0] [MocapTag] [0x00005f2f] [4112] , 17.1143, 2.37064, 2.47573, -0.0711482, -0.228865, 0.00252712, 0.010396, -0.973399, 0.0199704, -0.00962909, 0, -0.0406265, 0.113596, 0, 
[2025-02-03 17:53:22.118523] [0x0000007f5fea89a0] [MocapTag] [0x00005f2f] [4113] , 17.1143, 2.37064, 2.47573, -0.0711482, -0.228865, 0.00252712, 0.010396, -0.973399, 0, 0, 0, 0, 0, 0, 
[2025-02-03 17:53:22.122499] [0x0000007f5fea89a0] [MocapTag] [0x00005f2f] [4115] , 17.1143, 2.37064, 2.47573, -0.0711482, -0.228865, 0.00252712, 0.010396, -0.973399, 0, 0, 0, 0, 0, 0, 
[2025-02-03 17:53:22.127481] [0x0000007f5fea89a0] [MocapTag] [0x00005f2f] [4116] , 17.1243, 2.37084, 2.47565, -0.0711692, -0.229052, 0.00294029, 0.0103999, -0.973354, 0, 0, 0, 0, 0, 0, 
[2025-02-03 17:53:22.129059] [0x0000007f5fea89a0] [MocapTag] [0x00005f2f] [4118] , 17.1243, 2.37084, 2.47565, -0.0711692, -0.229052, 0.00294029, 0.0103999, -0.973354, 0.0194266, -0.00860704, -0.0021041, 0, 0.0809762, 0.037694, 
[2025-02-03 17:53:22.131330] [0x0000007f5fea89a0] [MocapTag] [0x00005f2f] [4119] , 17.1243, 2.37084, 2.47565, -0.0711692, -0.229052, 0.00294029, 0.0103999, -0.973354, 0, 0, 0, 0, 0, 0, 
[2025-02-03 17:53:22.133867] [0x0000007f5fea89a0] [MocapTag] [0x00005f2f] [4120] , 17.1243, 2.37113, 2.47572, -0.0710463, -0.228372, 0.00428907, 0.0103511, -0.973509, 0, 0, 0, 0, 0, 0, 
[2025-02-03 17:53:22.139336] [0x0000007f5fea89a0] [MocapTag] [0x00005f2f] [4122] , 17.1343, 2.37113, 2.47572, -0.0710463, -0.228372, 0.00428907, 0.0103511, -0.973509, 0.0296816, 0.00741397, 0.0122896, -0.0703335, 0.259078, -0.141501, 
[2025-02-03 17:53:22.140971] [0x0000007f5fea89a0] [MocapTag] [0x00005f2f] [4123] , 17.1343, 2.37113, 2.47572, -0.0710463, -0.228372, 0.00428907, 0.0103511, -0.973509, 0, 0, 0, 0, 0, 0, 
[2025-02-03 17:53:22.143478] [0x0000007f5fea89a0] [MocapTag] [0x00005f2f] [4124] , 17.1343, 2.37134, 2.47548, -0.0711282, -0.228854, 0.0046739, 0.0101542, -0.973397, 0, 0, 0, 0, 0, 0, 
[2025-02-03 17:53:22.146183] [0x0000007f5fea89a0] [MocapTag] [0x00005f2f] [4125] , 17.1443, 2.37134, 2.47548, -0.0711282, -0.228854, 0.0046739, 0.0101542, -0.973397, 0.0208206, -0.0241906, -0.00818978, -0.0566006, 0.0668128, 0.0987291, 
[2025-02-03 17:53:22.148674] [0x0000007f5fea89a0] [MocapTag] [0x00005f2f] [4126] , 17.1443, 2.37134, 2.47548, -0.0711282, -0.228854, 0.0046739, 0.0101542, -0.973397, 0, 0, 0, 0, 0, 0, 
[2025-02-03 17:53:22.151245] [0x0000007f5fea89a0] [MocapTag] [0x00005f2f] [4128] , 17.1443, 2.37134, 2.47548, -0.0711282, -0.228854, 0.0046739, 0.0101542, -0.973397, 0, 0, 0, 0, 0, 0, 
[2025-02-03 17:53:22.154647] [0x0000007f5fea89a0] [MocapTag] [0x00005f2f] [4129] , 17.1443, 2.37156, 2.47545, -0.0710639, -0.228768, 0.00540077, 0.0101157, -0.973414, 0, 0, 0, 0, 0, 0, 
[2025-02-03 17:53:22.157312] [0x0000007f5fea89a0] [MocapTag] [0x00005f2f] [4130] , 17.1543, 2.37156, 2.47545, -0.0710639, -0.228768, 0.00540077, 0.0101157, -0.973414, 0.0215082, -0.00239398, 0.00643405, -0.0406265, 0.139602, 0, 
[2025-02-03 17:53:22.159998] [0x0000007f5fea89a0] [MocapTag] [0x00005f2f] [4132] , 17.1543, 2.37156, 2.47545, -0.0710639, -0.228768, 0.00540077, 0.0101157, -0.973414, 0, 0, 0, 0, 0, 0, 
[2025-02-03 17:53:22.162482] [0x0000007f5fea89a0] [MocapTag] [0x00005f2f] [4133] , 17.1543, 2.37181, 2.47531, -0.0710135, -0.22855, 0.00613137, 0.00988315, -0.973463, 0, 0, 0, 0, 0, 0, 
[2025-02-03 17:53:22.165316] [0x0000007f5fea89a0] [MocapTag] [0x00005f2f] [4134] , 17.1643, 2.37181, 2.47531, -0.0710135, -0.22855, 0.00613137, 0.00988315, -0.973463, 0.0253783, -0.0141231, 0.00504323, -0.0783205, 0.131243, -0.0450611, 
[2025-02-03 17:53:22.169530] [0x0000007f5fea89a0] [MocapTag] [0x00005f2f] [4136] , 17.1643, 2.37181, 2.47531, -0.0710135, -0.22855, 0.00613137, 0.00988315, -0.973463, 0, 0, 0, 0, 0, 0, 
[2025-02-03 17:53:22.172251] [0x0000007f5fea89a0] [MocapTag] [0x00005f2f] [4137] , 17.1643, 2.37181, 2.47531, -0.0710135, -0.22855, 0.00613137, 0.00988315, -0.973463, 0, 0, 0, 0, 0, 0, 
[2025-02-03 17:53:22.174031] [0x0000007f5fea89a0] [MocapTag] [0x00005f2f] [4138] , 17.1643, 2.37227, 2.4747, -0.0706815, -0.227447, 0.00551131, 0.00948772, -0.973729, 0, 0, 0, 0, 0, 0, 
[2025-02-03 17:53:22.176815] [0x0000007f5fea89a0] [MocapTag] [0x00005f2f] [4139] , 17.1743, 2.37227, 2.4747, -0.0706815, -0.227447, 0.00551131, 0.00948772, -0.973729, 0.0456879, -0.0610945, 0.0331944, -0.0469685, -0.140613, -0.225401, 
[2025-02-03 17:53:22.179273] [0x0000007f5fea89a0] [MocapTag] [0x00005f2f] [4141] , 17.1743, 2.37227, 2.4747, -0.0706815, -0.227447, 0.00551131, 0.00948772, -0.973729, 0, 0, 0, 0, 0, 0, 
[2025-02-03 17:53:22.183472] [0x0000007f5fea89a0] [MocapTag] [0x00005f2f] [4142] , 17.1743, 2.37227, 2.4747, -0.0706815, -0.227447, 0.00551131, 0.00948772, -0.973729, 0, 0, 0, 0, 0, 0, 
[2025-02-03 17:53:22.186377] [0x0000007f5fea89a0] [MocapTag] [0x00005f2f] [4143] , 17.1843, 2.37237, 2.47468, -0.0706416, -0.227318, 0.00594615, 0.00945687, -0.973757, 0, 0, 0, 0, 0, 0, 
[2025-02-03 17:53:22.188782] [0x0000007f5fea89a0] [MocapTag] [0x00005f2f] [4144] , 17.1843, 2.37237, 2.47468, -0.0706416, -0.227318, 0.00594615, 0.00945687, -0.973757, 0.0105883, -0.00235063, 0.00399168, 0, 0.0830787, 0, 
[2025-02-03 17:53:22.191272] [0x0000007f5fea89a0] [MocapTag] [0x00005f2f] [4146] , 17.1843, 2.37237, 2.47468, -0.0706416, -0.227318, 0.00594615, 0.00945687, -0.973757, 0, 0, 0, 0, 0, 0, 
[2025-02-03 17:53:22.193741] [0x0000007f5fea89a0] [MocapTag] [0x00005f2f] [4147] , 17.1843, 2.37244, 2.4747, -0.0706456, -0.227189, 0.00634799, 0.00927108, -0.973786, 0, 0, 0, 0, 0, 0, 
[2025-02-03 17:53:22.199413] [0x0000007f5fea89a0] [MocapTag] [0x00005f2f] [4149] , 17.1943, 2.37244, 2.4747, -0.0706456, -0.227189, 0.00634799, 0.00927108, -0.973786, 0.00675108, 0, 0, -0.0542402, 0.069619, 0, 
[2025-02-03 17:53:22.201107] [0x0000007f5fea89a0] [MocapTag] [0x00005f2f] [4150] , 17.1943, 2.37244, 2.4747, -0.0706456, -0.227189, 0.00634799, 0.00927108, -0.973786, 0, 0, 0, 0, 0, 0, 
[2025-02-03 17:53:22.203583] [0x0000007f5fea89a0] [MocapTag] [0x00005f2f] [4151] , 17.1943, 2.37229, 2.47291, -0.0712163, -0.230814, 0.000122107, 0.00927527, -0.972954, 0, 0, 0, 0, 0, 0, 
[2025-02-03 17:53:22.206441] [0x0000007f5fea89a0] [MocapTag] [0x00005f2f] [4152] , 17.2043, 2.37229, 2.47291, -0.0712163, -0.230814, 0.000122107, 0.00927527, -0.972954, -0.015143, -0.178554, -0.0570718, 0.28193, -1.20571, 0.75233, 
[2025-02-03 17:53:22.208889] [0x0000007f5fea89a0] [MocapTag] [0x00005f2f] [4154] , 17.2043, 2.37229, 2.47291, -0.0712163, -0.230814, 0.000122107, 0.00927527, -0.972954, 0, 0, 0, 0, 0, 0, 
[2025-02-03 17:53:22.213121] [0x0000007f5fea89a0] [MocapTag] [0x00005f2f] [4155] , 17.2043, 2.37229, 2.47291, -0.0712163, -0.230814, 0.000122107, 0.00927527, -0.972954, 0, 0, 0, 0, 0, 0, 
[2025-02-03 17:53:22.215613] [0x0000007f5fea89a0] [MocapTag] [0x00005f2f] [4156] , 17.2143, 2.37243, 2.47445, -0.070829, -0.227825, 0.00591251, 0.00910409, -0.973641, 0, 0, 0, 0, 0, 0, 
[2025-02-03 17:53:22.218342] [0x0000007f5fea89a0] [MocapTag] [0x00005f2f] [4157] , 17.2143, 2.37243, 2.47445, -0.070829, -0.227825, 0.00591251, 0.00910409, -0.973641, 0.0138987, 0.154172, 0.0387321, -0.295711, 1.11429, -0.62108, 
[2025-02-03 17:53:22.220981] [0x0000007f5fea89a0] [MocapTag] [0x00005f2f] [4159] , 17.2143, 2.37243, 2.47445, -0.070829, -0.227825, 0.00591251, 0.00910409, -0.973641, 0, 0, 0, 0, 0, 0, 
[2025-02-03 17:53:22.223421] [0x0000007f5fea89a0] [MocapTag] [0x00005f2f] [4160] , 17.2143, 2.37205, 2.47521, -0.0709952, -0.228254, 0.00714353, 0.00963848, -0.973528, 0, 0, 0, 0, 0, 0, 
[2025-02-03 17:53:22.227434] [0x0000007f5fea89a0] [MocapTag] [0x00005f2f] [4161] , 17.2243, 2.37205, 2.47521, -0.0709952, -0.228254, 0.00714353, 0.00963848, -0.973528, -0.0379121, 0.0762558, -0.0166173, 0.0472307, 0.264766, 0.086236, 
[2025-02-03 17:53:22.230843] [0x0000007f5fea89a0] [MocapTag] [0x00005f2f] [4163] , 17.2243, 2.37205, 2.47521, -0.0709952, -0.228254, 0.00714353, 0.00963848, -0.973528, 0, 0, 0, 0, 0, 0, 
[2025-02-03 17:53:22.233282] [0x0000007f5fea89a0] [MocapTag] [0x00005f2f] [4164] , 17.2243, 2.37182, 2.47534, -0.0709631, -0.228582, 0.00633877, 0.0100263, -0.973453, 0, 0, 0, 0, 0, 0, 
[2025-02-03 17:53:22.236201] [0x0000007f5fea89a0] [MocapTag] [0x00005f2f] [4165] , 17.2343, 2.37182, 2.47534, -0.0709631, -0.228582, 0.00633877, 0.0100263, -0.973453, -0.022916, 0.0123592, 0.00320845, 0.111675, -0.138446, 0.0673294, 
[2025-02-03 17:53:22.238997] [0x0000007f5fea89a0] [MocapTag] [0x00005f2f] [4167] , 17.2343, 2.37182, 2.47534, -0.0709631, -0.228582, 0.00633877, 0.0100263, -0.973453, 0, 0, 0, 0, 0, 0, 
[2025-02-03 17:53:22.243121] [0x0000007f5fea89a0] [MocapTag] [0x00005f2f] [4168] , 17.2343, 2.37182, 2.47534, -0.0709631, -0.228582, 0.00633877, 0.0100263, -0.973453, 0, 0, 0, 0, 0, 0, 
[2025-02-03 17:53:22.245814] [0x0000007f5fea89a0] [MocapTag] [0x00005f2f] [4169] , 17.2443, 2.37178, 2.47539, -0.0710278, -0.228375, 0.00679649, 0.0097373, -0.973501, 0, 0, 0, 0, 0, 0, 
[2025-02-03 17:53:22.249288] [0x0000007f5fea89a0] [MocapTag] [0x00005f2f] [4171] , 17.2443, 2.37178, 2.47539, -0.0710278, -0.228375, 0.00679649, 0.0097373, -0.973501, -0.00376057, 0.00530504, -0.00647029, -0.0768185, 0.0755768, -0.0423193, 
[2025-02-03 17:53:22.251167] [0x0000007f5fea89a0] [MocapTag] [0x00005f2f] [4172] , 17.2443, 2.37178, 2.47539, -0.0710278, -0.228375, 0.00679649, 0.0097373, -0.973501, 0, 0, 0, 0, 0, 0, 
[2025-02-03 17:53:22.253553] [0x0000007f5fea89a0] [MocapTag] [0x00005f2f] [4173] , 17.2443, 2.37157, 2.47545, -0.0709985, -0.228536, 0.00561625, 0.0100978, -0.973467, 0, 0, 0, 0, 0, 0, 
[2025-02-03 17:53:22.258226] [0x0000007f5fea89a0] [MocapTag] [0x00005f2f] [4174] , 17.2543, 2.37157, 2.47545, -0.0709985, -0.228536, 0.00561625, 0.0100978, -0.973467, -0.0211917, 0.00547246, 0.00292468, 0.123835, -0.21307, 0, 
[2025-02-03 17:53:22.261008] [0x0000007f5fea89a0] [MocapTag] [0x00005f2f] [4176] , 17.2543, 2.37157, 2.47545, -0.0709985, -0.228536, 0.00561625, 0.0100978, -0.973467, 0, 0, 0, 0, 0, 0, 
[2025-02-03 17:53:22.264317] [0x0000007f5fea89a0] [MocapTag] [0x00005f2f] [4177] , 17.2543, 2.37144, 2.47544, -0.0710733, -0.228768, 0.00544732, 0.00981317, -0.973416, 0, 0, 0, 0, 0, 0, 
[2025-02-03 17:53:22.266548] [0x0000007f5fea89a0] [MocapTag] [0x00005f2f] [4178] , 17.2643, 2.37144, 2.47544, -0.0710733, -0.228768, 0.00544732, 0.00981317, -0.973416, -0.0135401, 0, -0.00748021, -0.048089, -0.0455053, 0.0482321, 
[2025-02-03 17:53:22.268967] [0x0000007f5fea89a0] [MocapTag] [0x00005f2f] [4180] , 17.2643, 2.37144, 2.47544, -0.0710733, -0.228768, 0.00544732, 0.00981317, -0.973416, 0, 0, 0, 0, 0, 0, 
[2025-02-03 17:53:22.273627] [0x0000007f5fea89a0] [MocapTag] [0x00005f2f] [4181] , 17.2643, 2.37144, 2.47544, -0.0710733, -0.228768, 0.00544732, 0.00981317, -0.973416, 0, 0, 0, 0, 0, 0, 
[2025-02-03 17:53:22.276300] [0x0000007f5fea89a0] [MocapTag] [0x00005f2f] [4182] , 17.2743, 2.37132, 2.47568, -0.0709393, -0.228103, 0.00547353, 0.0100148, -0.97357, 0, 0, 0, 0, 0, 0, 
[2025-02-03 17:53:22.278994] [0x0000007f5fea89a0] [MocapTag] [0x00005f2f] [4184] , 17.2743, 2.37132, 2.47568, -0.0709393, -0.228103, 0.00547353, 0.0100148, -0.97357, -0.0120372, 0.0238188, 0.0134084, 0.0391245, 0, -0.136852, 
[2025-02-03 17:53:22.282132] [0x0000007f5fea89a0] [MocapTag] [0x00005f2f] [4185] , 17.2743, 2.37132, 2.47568, -0.0709393, -0.228103, 0.00547353, 0.0100148, -0.97357, 0, 0, 0, 0, 0, 0, 
[2025-02-03 17:53:22.283964] [0x0000007f5fea89a0] [MocapTag] [0x00005f2f] [4186] , 17.2743, 2.37111, 2.47573, -0.0708828, -0.228294, 0.00458184, 0.0102134, -0.973528, 0, 0, 0, 0, 0, 0, 
[2025-02-03 17:53:22.287830] [0x0000007f5fea89a0] [MocapTag] [0x00005f2f] [4187] , 17.2843, 2.37111, 2.47573, -0.0708828, -0.228294, 0.00458184, 0.0102134, -0.973528, -0.0200911, 0.00507586, 0.00564211, 0.0790596, -0.16423, 0.0400066, 
[2025-02-03 17:53:22.291486] [0x0000007f5fea89a0] [MocapTag] [0x00005f2f] [4189] , 17.2843, 2.37111, 2.47573, -0.0708828, -0.228294, 0.00458184, 0.0102134, -0.973528, 0, 0, 0, 0, 0, 0, 
[2025-02-03 17:53:22.294309] [0x0000007f5fea89a0] [MocapTag] [0x00005f2f] [4190] , 17.2843, 2.37105, 2.47576, -0.070913, -0.228219, 0.0043681, 0.010276, -0.973546, 0, 0, 0, 0, 0, 0, 
[2025-02-03 17:53:22.297477] [0x0000007f5fea89a0] [MocapTag] [0x00005f2f] [4191] , 17.2943, 2.37105, 2.47576, -0.070913, -0.228219, 0.0043681, 0.010276, -0.973546, -0.00642303, 0.0029732, -0.00301511, 0, -0.0389012, 0, 
[2025-02-03 17:53:22.300061] [0x0000007f5fea89a0] [MocapTag] [0x00005f2f] [4193] , 17.2943, 2.37105, 2.47576, -0.070913, -0.228219, 0.0043681, 0.010276, -0.973546, 0, 0, 0, 0, 0, 0, 
[2025-02-03 17:53:22.302680] [0x0000007f5fea89a0] [MocapTag] [0x00005f2f] [4194] , 17.2943, 2.37091, 2.47573, -0.0709225, -0.228579, 0.00357082, 0.0104909, -0.973462, 0, 0, 0, 0, 0, 0, 
[2025-02-03 17:53:22.305946] [0x0000007f5fea89a0] [MocapTag] [0x00005f2f] [4195] , 17.3043, 2.37091, 2.47573, -0.0709225, -0.228579, 0.00357082, 0.0104909, -0.973462, -0.0137907, -0.00324595, 0, 0.0777721, -0.144749, 0.0747919, 
[2025-02-03 17:53:22.308565] [0x0000007f5fea89a0] [MocapTag] [0x00005f2f] [4196] , 17.3043, 2.37091, 2.47573, -0.0709225, -0.228579, 0.00357082, 0.0104909, -0.973462, 0, 0, 0, 0, 0, 0, 
[2025-02-03 17:53:22.311152] [0x0000007f5fea89a0] [MocapTag] [0x00005f2f] [4198] , 17.3043, 2.37091, 2.47573, -0.0709225, -0.228579, 0.00357082, 0.0104909, -0.973462, 0, 0, 0, 0, 0, 0, 
[2025-02-03 17:53:22.313558] [0x0000007f5fea89a0] [MocapTag] [0x00005f2f] [4199] , 17.3043, 2.37092, 2.47572, -0.0709531, -0.228481, 0.00391648, 0.0102985, -0.973486, 0, 0, 0, 0, 0, 0, 
[2025-02-03 17:53:22.316420] [0x0000007f5fea89a0] [MocapTag] [0x00005f2f] [4200] , 17.3143, 2.37092, 2.47572, -0.0709531, -0.228481, 0.00391648, 0.0102985, -0.973486, 0, 0, -0.00306806, -0.0531197, 0.058326, 0, 
[2025-02-03 17:53:22.320720] [0x0000007f5fea89a0] [MocapTag] [0x00005f2f] [4202] , 17.3143, 2.37092, 2.47572, -0.0709531, -0.228481, 0.00391648, 0.0102985, -0.973486, 0, 0, 0, 0, 0, 0, 
[2025-02-03 17:53:22.323118] [0x0000007f5fea89a0] [MocapTag] [0x00005f2f] [4203] , 17.3143, 2.37094, 2.47577, -0.0709215, -0.228201, 0.00425886, 0.0102696, -0.973551, 0, 0, 0, 0, 0, 0, 
[2025-02-03 17:53:22.326942] [0x0000007f5fea89a0] [MocapTag] [0x00005f2f] [4204] , 17.3243, 2.37094, 2.47577, -0.0709215, -0.228201, 0.00425886, 0.0102696, -0.973551, 0, 0.00575673, 0.00316687, 0, 0.0648235, -0.0578165, 
[2025-02-03 17:53:22.328687] [0x0000007f5fea89a0] [MocapTag] [0x00005f2f] [4205] , 17.3243, 2.37094, 2.47577, -0.0709215, -0.228201, 0.00425886, 0.0102696, -0.973551, 0, 0, 0, 0, 0, 0, 
[2025-02-03 17:53:22.332141] [0x0000007f5fea89a0] [MocapTag] [0x00005f2f] [4207] , 17.3243, 2.37094, 2.47577, -0.0709215, -0.228201, 0.00425886, 0.0102696, -0.973551, 0, 0, 0, 0, 0, 0, 
[2025-02-03 17:53:22.333717] [0x0000007f5fea89a0] [MocapTag] [0x00005f2f] [4208] , 17.3243, 2.37091, 2.47576, -0.0709406, -0.228455, 0.00369778, 0.0105247, -0.973491, 0, 0, 0, 0, 0, 0, 
[2025-02-03 17:53:22.337357] [0x0000007f5fea89a0] [MocapTag] [0x00005f2f] [4209] , 17.3343, 2.37091, 2.47576, -0.0709406, -0.228455, 0.00369778, 0.0105247, -0.973491, -0.00310811, 0, 0, 0.0749826, -0.0971204, 0.0525475, 
[2025-02-03 17:53:22.339682] [0x0000007f5fea89a0] [MocapTag] [0x00005f2f] [4211] , 17.3343, 2.37091, 2.47576, -0.0709406, -0.228455, 0.00369778, 0.0105247, -0.973491, 0, 0, 0, 0, 0, 0, 
[2025-02-03 17:53:22.342220] [0x0000007f5fea89a0] [MocapTag] [0x00005f2f] [4212] , 17.3343, 2.37134, 2.47513, -0.0706823, -0.22734, 0.00266301, 0.0102586, -0.973758, 0, 0, 0, 0, 0, 0, 
[2025-02-03 17:53:22.345022] [0x0000007f5fea89a0] [MocapTag] [0x00005f2f] [4213] , 17.3443, 2.37134, 2.47513, -0.0706823, -0.22734, 0.00266301, 0.0102586, -0.973758, 0.0435395, -0.0624953, 0.0258287, 0, -0.215785, -0.227189, 
[2025-02-03 17:53:22.347564] [0x0000007f5fea89a0] [MocapTag] [0x00005f2f] [4214] , 17.3443, 2.37134, 2.47513, -0.0706823, -0.22734, 0.00266301, 0.0102586, -0.973758, 0, 0, 0, 0, 0, 0, 
[2025-02-03 17:53:22.350092] [0x0000007f5fea89a0] [MocapTag] [0x00005f2f] [4216] , 17.3443, 2.37134, 2.47513, -0.0706823, -0.22734, 0.00266301, 0.0102586, -0.973758, 0, 0, 0, 0, 0, 0, 
[2025-02-03 17:53:22.354767] [0x0000007f5fea89a0] [MocapTag] [0x00005f2f] [4217] , 17.3543, 2.37102, 2.4757, -0.0710028, -0.228784, 0.00375029, 0.0104211, -0.973414, 0, 0, 0, 0, 0, 0, 
[2025-02-03 17:53:22.357429] [0x0000007f5fea89a0] [MocapTag] [0x00005f2f] [4218] , 17.3543, 2.37102, 2.4757, -0.0710028, -0.228784, 0.00375029, 0.0104211, -0.973414, -0.0323866, 0.0564263, -0.0320519, 0, 0.221903, 0.294971, 
[2025-02-03 17:53:22.360114] [0x0000007f5fea89a0] [MocapTag] [0x00005f2f] [4220] , 17.3543, 2.37102, 2.4757, -0.0710028, -0.228784, 0.00375029, 0.0104211, -0.973414, 0, 0, 0, 0, 0, 0, 
[2025-02-03 17:53:22.362838] [0x0000007f5fea89a0] [MocapTag] [0x00005f2f] [4221] , 17.3543, 2.37119, 2.47559, -0.071038, -0.228851, 0.00408346, 0.0101264, -0.9734, 0, 0, 0, 0, 0, 0, 
[2025-02-03 17:53:22.368062] [0x0000007f5fea89a0] [MocapTag] [0x00005f2f] [4222] , 17.3643, 2.37119, 2.47559, -0.071038, -0.228851, 0.00408346, 0.0101264, -0.9734, 0.0170308, -0.0109349, -0.00351847, -0.0726938, 0.0515058, 0, 
[2025-02-03 17:53:22.370658] [0x0000007f5fea89a0] [MocapTag] [0x00005f2f] [4224] , 17.3643, 2.37119, 2.47559, -0.071038, -0.228851, 0.00408346, 0.0101264, -0.9734, 0, 0, 0, 0, 0, 0, 
[2025-02-03 17:53:22.374343] [0x0000007f5fea89a0] [MocapTag] [0x00005f2f] [4225] , 17.3643, 2.37134, 2.47551, -0.0710122, -0.228721, 0.00433123, 0.0100242, -0.973431, 0, 0, 0, 0, 0, 0, 
[2025-02-03 17:53:22.376036] [0x0000007f5fea89a0] [MocapTag] [0x00005f2f] [4226] , 17.3743, 2.37134, 2.47551, -0.0710122, -0.228721, 0.00433123, 0.0100242, -0.973431, 0.0153767, -0.00764528, 0.00258052, 0, 0.0433268, 0, 
[2025-02-03 17:53:22.378384] [0x0000007f5fea89a0] [MocapTag] [0x00005f2f] [4227] , 17.3743, 2.37134, 2.47551, -0.0710122, -0.228721, 0.00433123, 0.0100242, -0.973431, 0, 0, 0, 0, 0, 0, 
[2025-02-03 17:53:22.380884] [0x0000007f5fea89a0] [MocapTag] [0x00005f2f] [4229] , 17.3743, 2.37134, 2.47551, -0.0710122, -0.228721, 0.00433123, 0.0100242, -0.973431, 0, 0, 0, 0, 0, 0, 
[2025-02-03 17:53:22.384480] [0x0000007f5fea89a0] [MocapTag] [0x00005f2f] [4230] , 17.3743, 2.37179, 2.47488, -0.0707938, -0.227739, 0.00377562, 0.00957096, -0.973668, 0, 0, 0, 0, 0, 0, 
[2025-02-03 17:53:22.387351] [0x0000007f5fea89a0] [MocapTag] [0x00005f2f] [4231] , 17.3843, 2.37179, 2.47488, -0.0707938, -0.227739, 0.00377562, 0.00957096, -0.973668, 0.0453273, -0.0629415, 0.0218412, -0.061655, -0.130612, -0.200486, 
[2025-02-03 17:53:22.389758] [0x0000007f5fea89a0] [MocapTag] [0x00005f2f] [4233] , 17.3843, 2.37179, 2.47488, -0.0707938, -0.227739, 0.00377562, 0.00957096, -0.973668, 0, 0, 0, 0, 0, 0, 
[2025-02-03 17:53:22.392290] [0x0000007f5fea89a0] [MocapTag] [0x00005f2f] [4234] , 17.3843, 2.37159, 2.4753, -0.0710884, -0.228848, 0.00485023, 0.00984075, -0.9734, 0, 0, 0, 0, 0, 0, 
[2025-02-03 17:53:22.396623] [0x0000007f5fea89a0] [MocapTag] [0x00005f2f] [4235] , 17.3943, 2.37159, 2.4753, -0.0710884, -0.228848, 0.00485023, 0.00984075, -0.9734, -0.0204354, 0.0421232, -0.0294664, 0, 0.223492, 0.226307, 
[2025-02-03 17:53:22.399282] [0x0000007f5fea89a0] [MocapTag] [0x00005f2f] [4237] , 17.3943, 2.37159, 2.4753, -0.0710884, -0.228848, 0.00485023, 0.00984075, -0.9734, 0, 0, 0, 0, 0, 0, 
[2025-02-03 17:53:22.401794] [0x0000007f5fea89a0] [MocapTag] [0x00005f2f] [4238] , 17.3943, 2.37159, 2.4753, -0.0710884, -0.228848, 0.00485023, 0.00984075, -0.9734, 0, 0, 0, 0, 0, 0, 